0,0
962,0
1924,0
2885,0
3848,0
4810,0
5771,0
6733,0
7696,0
8657,0
9620,0
10582,0
11543,0
12506,0
13467,0
14430,0
15392,0
16354,0
17315,0
18278,0
19240,0
20201,0
21164,0
22126,0
23087,0
24050,0
25012,0
25974,0
26935,0
27898,0
28860,0
29821,0
30784,0
31745,0
32708,0
33670,0
34631,0
35594,0
36556,0
37517,0
38480,0
39442,0
40403,0
41366,0
42328,0
43289,0
44252,0
45214,0
46175,0
47138,0
48100,0
49062,0
50024,0
50986,0
51948,0
52910,0
53871,0
54834,0
55796,0
56757,0
57720,0
58682,0
59643,0
60606,0
61568,0
62530,0
63491,0
64454,0
65416,0
66377,0
67340,0
68302,0
69263,0
70226,0
71188,0
72149,0
73112,0
74074,0
75035,0
75998,0
76960,0
77921,0
78884,0
79846,0
80807,0
81770,0
82732,0
83693,0
84656,0
85618,0
86579,0
87542,0
88504,0
89465,0
90428,0
91390,0
92351,0
93314,0
94276,0
95238,0
96200,0
97162,0
98124,0
99086,0
100048,0
101010,0
101972,0
102934,0
103896,0
104858,0
105820,0
106782,0
107743,0
108706,0
109668,0
110629,0
111592,0
112554,0
113515,0
114478,0
115440,0
116401,0
117364,0
118326,0
119287,0
120250,0
121212,0
122173,0
123136,0
124098,0
125060,0
126022,0
126983,0
127946,0
128908,0
129869,0
130832,0
131794,0
132755,0
133718,0
134680,0
135641,0
136604,0
137566,0
138527,0
139490,0
140452,0
141413,0
142376,0
143338,0
144299,0
145262,0
146224,0
147185,0
148148,0
149110,0
150071,0
151034,0
151996,0
152957,0
153920,0
154882,0
155843,0
156806,0
157768,0
158729,0
159692,0
160654,0
161615,0
162578,0
163540,0
164501,0
165464,0
166426,0
167387,0
168350,0
169312,0
170273,0
171236,0
172198,0
173159,0
174122,0
175084,0
176045,0
177008,0
177970,0
178931,0
179894,0
180856,0
181817,0
182780,0
183742,0
184703,0
185666,0
186628,0
187590,0
188552,0
189514,0
190476,0
191438,0
192400,0
193362,0
194324,0
195286,0
196248,0
197210,0
198172,0
199134,0
200096,0
201058,0
202020,0
202982,0
203944,0
204906,0
205868,0
206830,0
207792,0
208754,0
209716,0
210678,0
211640,0
212601,0
213564,0
214526,0
215487,0
216450,0
217412,0
218373,0
219336,0
220298,0
221259,0
222222,0
223184,0
224145,0
225108,0
226070,0
227031,0
227994,0
228956,0
229917,0
230880,0
231842,0
232803,0
233766,0
234728,0
235689,0
236652,0
237614,0
238575,0
239538,0
240500,0
241461,0
242424,0
243386,0
244347,0
245310,0
246272,0
247233,0
248196,0
249158,0
250120,0
251081,0
252044,0
253006,0
253967,0
254930,0
255892,0
256853,0
257816,0
258778,0
259739,0
260702,0
261664,0
262625,0
263588,0
264550,0
265511,0
266474,0
267436,0
268397,0
269360,0
270322,0
271283,0
272246,0
273208,0
274169,0
275132,0
276094,0
277055,0
278018,0
278980,0
279941,0
280904,0
281866,0
282827,0
283790,0
284752,0
285713,0
286676,0
287638,0
288599,0
289562,0
290524,0
291485,0
292448,0
293410,0
294371,0
295334,0
296296,0
297257,0
298220,0
299182,0
300143,0
301106,0
302068,0
303029,0
303992,0
304954,0
305915,0
306878,0
307840,0
308801,0
309764,0
310726,0
311687,0
312650,0
313612,0
314573,0
315536,0
316498,0
317459,0
318422,0
319384,0
320345,0
321308,0
322270,0
323231,0
324194,0
325156,0
326117,0
327080,0
328042,0
329003,0
329966,0
330928,0
331889,0
332852,0
333814,0
334775,0
335738,0
336700,0
337661,0
338624,0
339586,0
340547,0
341510,0
342472,0
343433,0
344396,0
345358,0
346319,0
347282,0
348244,0
349205,0
350168,0
351130,0
352091,0
353054,0
354016,0
354977,0
355940,0
356902,0
357863,0
358826,0
359788,0
360749,0
361712,0
362674,0
363635,0
364598,0
365560,0
366521,0
367484,0
368446,0
369407,0
370370,0
371332,0
372294,0
373256,0
374218,0
375180,0
376142,0
377104,0
378066,0
379028,0
379990,0
380952,0
381914,0
382876,0
383838,0
384800,0
385762,0
386724,0
387686,0
388648,0
389610,0
390572,0
391534,0
392496,0
393458,0
394420,0
395382,0
396344,0
397306,0
398268,0
399230,0
400192,0
401154,0
402116,0
403078,0
404040,0
405002,0
405964,0
406926,0
407888,0
408850,0
409812,0
410774,0
411736,0
412698,0
413660,0
414622,0
415584,0
416546,0
417508,0
418470,0
419432,0
420394,0
421356,0
422318,0
423280,0
424242,0
425203,0
426166,0
427128,0
428089,0
429052,0
430014,0
430975,0
431938,0
432900,0
433861,0
434824,0
435786,0
436747,0
437710,0
438672,0
439633,0
440596,0
441558,0
442519,0
443482,0
444444,0
445405,0
446368,0
447330,0
448291,0
449254,0
450216,0
451177,0
452140,0
453102,0
454063,0
455026,0
455988,0
456949,0
457912,0
458874,0
459835,0
460798,0
461760,0
462721,0
463684,0
464646,0
465607,0
466570,0
467532,0
468493,0
469456,0
470418,0
471379,0
472342,0
473304,0
474265,0
475228,0
476190,0
477151,0
478114,0
479076,0
480037,0
481000,0
481962,0
482923,0
483886,0
484848,0
485809,0
486772,0
487734,0
488695,0
489658,0
490620,0
491581,0
492544,0
493506,0
494467,0
495430,0
496392,0
497353,0
498316,0
499278,0
500240,0
501202,0
502163,0
503125,0
504088,0
505050,0
506012,0
506974,0
507935,0
508897,0
509860,0
510822,0
511784,0
512746,0
513707,0
514669,0
515632,0
516594,0
517556,0
518518,0
519479,0
520441,0
521404,0
522366,0
523328,0
524290,0
525251,0
526214,0
527176,0
528138,0
529100,0
530062,0
531023,0
531986,0
532948,0
533910,0
534872,0
535834,0
536795,0
537758,0
538720,0
539682,0
540644,0
541606,0
542567,0
543530,0
544492,0
545454,0
546416,0
547378,0
548339,0
549302,0
550264,0
551226,0
552188,0
553150,0
554111,0
555074,0
556036,0
556998,0
557960,0
558922,0
559883,0
560846,0
561808,0
562770,0
563732,0
564694,0
565655,0
566618,0
567580,0
568542,0
569504,0
570466,0
571427,0
572390,0
573352,0
574314,0
575276,0
576238,0
577199,0
578162,0
579124,0
580086,0
581048,0
582010,0
582971,0
583934,0
584896,0
585858,0
586820,0
587782,0
588743,0
589706,0
590668,0
591630,0
592592,0
593554,0
594515,0
595478,0
596440,0
597402,0
598364,0
599326,0
600287,0
601250,0
602212,0
603174,0
604136,0
605098,0
606059,0
607022,0
607984,0
608946,0
609908,0
610870,0
611831,0
612794,0
613756,0
614718,0
615680,0
616642,0
617603,0
618566,0
619528,0
620490,0
621452,0
622414,0
623375,0
624338,0
625300,0
626262,0
627224,0
628186,0
629147,0
630110,0
631072,0
632034,0
632996,0
633958,0
634919,0
635882,0
636844,0
637806,0
638768,0
639730,0
640691,0
641654,0
642616,0
643578,0
644540,0
645502,0
646463,0
647426,0
648388,0
649350,0
650312,0
651274,0
652235,0
653198,0
654160,0
655122,0
656084,0
657046,0
658007,0
658970,0
659932,0
660894,0
661856,0
662818,0
663779,0
664742,0
665704,0
666666,0
667628,0
668590,0
669551,0
670514,0
671476,0
672438,0
673400,0
674362,0
675323,0
676286,0
677248,0
678210,0
679172,0
680134,0
681095,0
682058,0
683020,0
683982,0
684944,0
685906,0
686867,0
687829,0
688792,0
689754,0
690716,0
691678,0
692639,0
693601,0
694564,0
695526,0
696488,0
697450,0
698411,0
699373,0
700336,0
701298,0
702260,0
703222,0
704183,0
705145,0
706108,0
707070,0
708032,0
708994,0
709955,0
710917,0
711880,0
712842,0
713804,0
714766,0
715727,0
716689,0
717652,0
718614,0
719576,0
720538,0
721499,0
722461,0
723424,0
724386,0
725348,0
726310,0
727271,0
728233,0
729196,0
730158,0
731120,0
732082,0
733043,0
734005,0
734968,0
735930,0
736892,0
737854,0
738815,0
739777,0
740740,0
741702,0
742664,0
743626,0
744588,0
745549,0
746512,0
747474,0
748436,0
749398,0
750360,0
751321,0
752284,0
753246,0
754208,0
755170,0
756132,0
757093,0
758056,0
759018,0
759980,0
760942,0
761904,0
762865,0
763828,0
764790,0
765752,0
766714,0
767676,0
768637,0
769600,0
770562,0
771524,0
772486,0
773448,0
774409,0
775372,0
776334,0
777296,0
778258,0
779220,0
780181,0
781144,0
782106,0
783068,0
784030,0
784992,0
785953,0
786916,0
787878,0
788840,0
789802,0
790764,0
791725,0
792688,0
793650,0
794612,0
795574,0
796536,0
797497,0
798460,0
799422,0
800384,0
801346,0
802308,0
803269,0
804232,0
805194,0
806156,0
807118,0
808080,0
809041,0
810004,0
810966,0
811928,0
812890,0
813852,0
814813,0
815776,0
816738,0
817700,0
818662,0
819624,0
820585,0
821548,0
822510,0
823472,0
824434,0
825396,0
826357,0
827320,0
828282,0
829244,0
830206,0
831168,0
832129,0
833092,0
834054,0
835016,0
835978,0
836940,0
837901,0
838864,0
839826,0
840788,0
841750,0
842712,0
843673,0
844636,0
845598,0
846560,0
847522,0
848484,0
849445,0
850407,0
851370,0
852332,0
853294,0
854256,0
855217,0
856179,0
857142,0
858104,0
859066,0
860028,0
860989,0
861951,0
862914,0
863876,0
864838,0
865800,0
866761,0
867723,0
868686,0
869648,0
870610,0
871572,0
872533,0
873495,0
874458,0
875420,0
876382,0
877344,0
878305,0
879267,0
880230,0
881192,0
882154,0
883116,0
884077,0
885039,0
886002,0
886964,0
887926,0
888888,0
889849,0
890811,0
891774,0
892736,0
893698,0
894660,0
895621,0
896583,0
897546,0
898508,0
899470,0
900432,0
901393,0
902355,0
903318,0
904280,0
905242,0
906204,0
907165,0
908127,0
909090,0
910052,0
911014,0
911976,0
912937,0
913899,0
914862,0
915824,0
916786,0
917748,0
918709,0
919671,0
920634,0
921596,0
922558,0
923520,0
924481,0
925443,0
926406,0
927368,0
928330,0
929292,0
930253,0
931215,0
932178,0
933140,0
934102,0
935064,0
936025,0
936987,0
937950,0
938912,0
939874,0
940836,0
941797,0
942759,0
943722,0
944684,0
945646,0
946608,0
947569,0
948531,0
949494,0
950456,0
951418,0
952380,0
953341,0
954303,0
955266,0
956228,0
957190,0
958152,0
959113,0
960075,0
961038,0
962000,0
962962,0
963924,0
964885,0
965847,0
966810,0
967772,0
968734,0
969696,0
970657,0
971619,0
972582,0
973544,0
974506,0
975468,0
976429,0
977391,0
978354,0
979316,0
980278,0
981240,0
982201,0
983163,0
984126,0
985088,0
986050,0
987012,0
987974,0
988935,0
989898,0
990860,0
991822,0
992784,0
993746,0
994707,0
995670,0
996632,0
997594,0
998556,0
999518,0
1000480,0
1001442,0
1002404,0
1003366,0
1004327,0
1005290,0
1006251,0
1007214,0
1008176,0
1009137,0
1010100,0
1011061,0
1012024,0
1012986,0
1013948,0
1014910,0
1015871,0
1016834,0
1017795,0
1018758,0
1019720,0
1020681,0
1021644,0
1022605,0
1023568,0
1024529,0
1025492,0
1026454,0
1027415,0
1028378,0
1029339,0
1030302,0
1031264,0
1032225,0
1033188,0
1034149,0
1035112,0
1036073,0
1037036,0
1037998,0
1038959,0
1039922,0
1040883,0
1041846,0
1042808,0
1043769,0
1044732,0
1045693,0
1046656,0
1047617,0
1048580,0
1049542,0
1050503,0
1051466,0
1052428,0
1053390,0
1054352,0
1055313,0
1056276,0
1057238,0
1058200,0
1059162,0
1060124,0
1061086,0
1062047,0
1063010,0
1063972,0
1064934,0
1065896,0
1066857,0
1067820,0
1068782,0
1069744,0
1070706,0
1071668,0
1072630,0
1073591,0
1074554,0
1075516,0
1076478,0
1077440,0
1078401,0
1079364,0
1080326,0
1081288,0
1082250,0
1083212,0
1084174,0
1085135,0
1086098,0
1087060,0
1088022,0
1088984,0
1089945,0
1090908,0
1091870,0
1092832,0
1093794,0
1094756,0
1095718,0
1096679,0
1097642,0
1098604,0
1099566,0
1100528,0
1101489,0
1102452,0
1103414,0
1104376,0
1105338,0
1106300,0
1107262,0
1108223,0
1109186,0
1110148,0
1111110,0
1112072,0
1113033,0
1113996,0
1114958,0
1115920,0
1116882,0
1117844,0
1118806,0
1119767,0
1120730,0
1121692,0
1122654,0
1123616,0
1124577,0
1125540,0
1126502,0
1127464,0
1128426,0
1129388,0
1130350,0
1131311,0
1132274,0
1133236,0
1134198,0
1135160,0
1136121,0
1137084,0
1138046,0
1139008,0
1139970,0
1140932,0
1141894,0
1142855,0
1143818,0
1144780,0
1145742,0
1146704,0
1147665,0
1148628,0
1149590,0
1150552,0
1151514,0
1152476,0
1153438,0
1154399,0
1155362,0
1156324,0
1157286,0
1158248,0
1159209,0
1160172,0
1161134,0
1162096,0
1163058,0
1164020,0
1164982,0
1165943,0
1166906,0
1167868,0
1168830,0
1169792,0
1170753,0
1171716,0
1172678,0
1173640,0
1174602,0
1175564,0
1176526,0
1177487,0
1178450,0
1179412,0
1180374,0
1181336,0
1182297,0
1183260,0
1184222,0
1185184,0
1186146,0
1187108,0
1188070,0
1189031,0
1189994,0
1190956,0
1191918,0
1192880,0
1193841,0
1194804,0
1195766,0
1196728,0
1197690,0
1198652,0
1199614,0
1200575,0
1201538,0
1202500,0
1203462,0
1204424,0
1205385,0
1206348,0
1207309,0
1208272,0
1209234,0
1210196,0
1211158,0
1212119,0
1213082,0
1214044,0
1215006,0
1215968,0
1216929,0
1217892,0
1218853,0
1219816,0
1220778,0
1221740,0
1222702,0
1223663,0
1224626,0
1225588,0
1226550,0
1227512,0
1228473,0
1229436,0
1230397,0
1231360,0
1232322,0
1233284,0
1234246,0
1235207,0
1236170,0
1237132,0
1238094,0
1239056,0
1240018,0
1240980,0
1241941,0
1242904,0
1243866,0
1244828,0
1245790,0
1246751,0
1247714,0
1248676,0
1249638,0
1250600,0
1251562,0
1252524,0
1253485,0
1254448,0
1255410,0
1256372,0
1257334,0
1258295,0
1259258,0
1260220,0
1261182,0
1262144,0
1263106,0
1264068,0
1265029,0
1265992,0
1266954,0
1267916,0
1268878,0
1269839,0
1270802,0
1271764,0
1272726,0
1273688,0
1274650,0
1275612,0
1276573,0
1277536,0
1278498,0
1279460,0
1280422,0
1281383,0
1282346,0
1283308,0
1284270,0
1285232,0
1286194,0
1287156,0
1288117,0
1289080,0
1290042,0
1291004,0
1291966,0
1292927,0
1293890,0
1294852,0
1295814,0
1296776,0
1297738,0
1298700,0
1299661,0
1300624,0
1301586,0
1302548,0
1303510,0
1304471,0
1305434,0
1306396,0
1307358,0
1308320,0
1309282,0
1310244,0
1311205,0
1312168,0
1313130,0
1314092,0
1315054,0
1316015,0
1316978,0
1317940,0
1318902,0
1319864,0
1320826,0
1321788,0
1322749,0
1323712,0
1324674,0
1325636,0
1326598,0
1327559,0
1328522,0
1329484,0
1330446,0
1331408,0
1332370,0
1333332,0
1334293,0
1335256,0
1336218,0
1337180,0
1338142,0
1339103,0
1340066,0
1341028,0
1341990,0
1342952,0
1343914,0
1344876,0
1345837,0
1346800,0
1347762,0
1348724,0
1349686,0
1350647,0
1351610,0
1352572,0
1353534,0
1354496,0
1355458,0
1356420,0
1357381,0
1358344,0
1359306,0
1360268,0
1361230,0
1362191,0
1363154,0
1364116,0
1365078,0
1366040,0
1367002,0
1367964,0
1368925,0
1369888,0
1370850,0
1371812,0
1372774,0
1373735,0
1374698,0
1375659,0
1376622,0
1377584,0
1378546,0
1379508,0
1380469,0
1381432,0
1382394,0
1383356,0
1384318,0
1385279,0
1386242,0
1387203,0
1388166,0
1389128,0
1390090,0
1391052,0
1392013,0
1392976,0
1393938,0
1394900,0
1395862,0
1396823,0
1397786,0
1398747,0
1399710,0
1400672,0
1401634,0
1402596,0
1403557,0
1404520,0
1405482,0
1406444,0
1407406,0
1408367,0
1409330,0
1410291,0
1411254,0
1412216,0
1413178,0
1414140,0
1415101,0
1416064,0
1417026,0
1417988,0
1418950,0
1419911,0
1420874,0
1421835,0
1422798,0
1423760,0
1424722,0
1425684,0
1426645,0
1427608,0
1428570,0
1429532,0
1430494,0
1431455,0
1432418,0
1433379,0
1434342,0
1435304,0
1436266,0
1437228,0
1438189,0
1439152,0
1440114,0
1441076,0
1442038,0
1442999,0
1443962,0
1444923,0
1445886,0
1446848,0
1447810,0
1448772,0
1449733,0
1450696,0
1451658,0
1452620,0
1453582,0
1454543,0
1455506,0
1456467,0
1457430,0
1458392,0
1459354,0
1460316,0
1461277,0
1462240,0
1463202,0
1464164,0
1465126,0
1466087,0
1467050,0
1468011,0
1468974,0
1469936,0
1470898,0
1471860,0
1472821,0
1473784,0
1474746,0
1475708,0
1476670,0
1477631,0
1478594,0
1479555,0
1480518,0
1481480,0
1482442,0
1483404,0
1484365,0
1485328,0
1486290,0
1487252,0
1488214,0
1489176,0
1490138,0
1491099,0
1492062,0
1493024,0
1493986,0
1494948,0
1495909,0
1496872,0
1497834,0
1498796,0
1499758,0
1500720,0
1501682,0
1502643,0
1503606,0
1504568,0
1505530,0
1506492,0
1507453,0
1508416,0
1509378,0
1510340,0
1511302,0
1512264,0
1513226,0
1514187,0
1515150,0
1516112,0
1517074,0
1518036,0
1518997,0
1519960,0
1520922,0
1521884,0
1522846,0
1523808,0
1524770,0
1525731,0
1526694,0
1527656,0
1528618,0
1529580,0
1530541,0
1531504,0
1532466,0
1533428,0
1534390,0
1535352,0
1536314,0
1537275,0
1538238,0
1539200,0
1540162,0
1541124,0
1542085,0
1543048,0
1544009,0
1544972,0
1545934,0
1546896,0
1547858,0
1548819,0
1549782,0
1550744,0
1551706,0
1552668,0
1553629,0
1554592,0
1555553,0
1556516,0
1557478,0
1558440,0
1559402,0
1560363,0
1561326,0
1562288,0
1563250,0
1564212,0
1565173,0
1566136,0
1567097,0
1568060,0
1569022,0
1569984,0
1570946,0
1571907,0
1572870,0
1573832,0
1574794,0
1575756,0
1576717,0
1577680,0
1578641,0
1579604,0
1580566,0
1581528,0
1582490,0
1583451,0
1584414,0
1585376,0
1586338,0
1587300,0
1588261,0
1589224,0
1590185,0
1591148,0
1592110,0
1593072,0
1594034,0
1594995,0
1595958,0
1596920,0
1597882,0
1598844,0
1599805,0
1600768,0
1601729,0
1602692,0
1603654,0
1604616,0
1605578,0
1606539,0
1607502,0
1608464,0
1609426,0
1610388,0
1611349,0
1612312,0
1613273,0
1614236,0
1615198,0
1616160,0
1617122,0
1618083,0
1619046,0
1620008,0
1620970,0
1621932,0
1622893,0
1623856,0
1624817,0
1625780,0
1626742,0
1627704,0
1628666,0
1629627,0
1630590,0
1631552,0
1632514,0
1633476,0
1634437,0
1635400,0
1636361,0
1637324,0
1638286,0
1639248,0
1640210,0
1641171,0
1642134,0
1643096,0
1644058,0
1645020,0
1645981,0
1646944,0
1647905,0
1648868,0
1649830,0
1650792,0
1651754,0
1652715,0
1653678,0
1654640,0
1655602,0
1656564,0
1657525,0
1658488,0
1659449,0
1660412,0
1661374,0
1662336,0
1663298,0
1664259,0
1665222,0
1666184,0
1667146,0
1668108,0
1669069,0
1670032,0
1670993,0
1671956,0
1672918,0
1673880,0
1674842,0
1675803,0
1676766,0
1677728,0
1678690,0
1679652,0
1680613,0
1681576,0
1682537,0
1683500,0
1684462,0
1685424,0
1686386,0
1687347,0
1688310,0
1689272,0
1690234,0
1691196,0
1692157,0
1693120,0
1694081,0
1695044,0
1696006,0
1696968,0
1697930,0
1698891,0
1699854,0
1700815,0
1701778,0
1702740,0
1703701,0
1704664,0
1705625,0
1706588,0
1707550,0
1708512,0
1709474,0
1710435,0
1711398,0
1712359,0
1713322,0
1714284,0
1715245,0
1716208,0
1717169,0
1718132,0
1719094,0
1720056,0
1721018,0
1721979,0
1722942,0
1723903,0
1724866,0
1725828,0
1726790,0
1727752,0
1728713,0
1729676,0
1730638,0
1731600,0
1732562,0
1733523,0
1734486,0
1735447,0
1736410,0
1737372,0
1738334,0
1739296,0
1740257,0
1741220,0
1742182,0
1743144,0
1744106,0
1745067,0
1746030,0
1746991,0
1747954,0
1748916,0
1749878,0
1750840,0
1751801,0
1752764,0
1753726,0
1754688,0
1755650,0
1756611,0
1757574,0
1758535,0
1759498,0
1760460,0
1761422,0
1762384,0
1763345,0
1764308,0
1765270,0
1766232,0
1767194,0
1768155,0
1769118,0
1770079,0
1771042,0
1772004,0
1772966,0
1773928,0
1774889,0
1775852,0
1776814,0
1777776,0
1778738,0
1779699,0
1780662,0
1781623,0
1782586,0
1783548,0
1784510,0
1785472,0
1786433,0
1787396,0
1788358,0
1789320,0
1790282,0
1791243,0
1792206,0
1793167,0
1794130,0
1795092,0
1796054,0
1797016,0
1797977,0
1798940,0
1799902,0
1800864,0
1801826,0
1802787,0
1803750,0
1804711,0
1805674,0
1806636,0
1807598,0
1808560,0
1809521,0
1810484,0
1811446,0
1812408,0
1813370,0
1814331,0
1815294,0
1816255,0
1817218,0
1818180,0
1819142,0
1820104,0
1821065,0
1822028,0
1822990,0
1823952,0
1824914,0
1825875,0
1826838,0
1827799,0
1828762,0
1829724,0
1830686,0
1831648,0
1832609,0
1833572,0
1834534,0
1835496,0
1836458,0
1837419,0
1838382,0
1839343,0
1840306,0
1841268,0
1842230,0
1843192,0
1844153,0
1845116,0
1846078,0
1847040,0
1848002,0
1848963,0
1849926,0
1850887,0
1851850,0
1852812,0
1853774,0
1854736,0
1855697,0
1856660,0
1857622,0
1858584,0
1859546,0
1860507,0
1861470,0
1862431,0
1863394,0
1864356,0
1865318,0
1866280,0
1867241,0
1868204,0
1869165,0
1870128,0
1871090,0
1872051,0
1873014,0
1873975,0
1874938,0
1875900,0
1876862,0
1877824,0
1878785,0
1879748,0
1880709,0
1881672,0
1882634,0
1883595,0
1884558,0
1885519,0
1886482,0
1887444,0
1888406,0
1889368,0
1890329,0
1891292,0
1892253,0
1893216,0
1894178,0
1895139,0
1896102,0
1897063,0
1898026,0
1898988,0
1899950,0
1900912,0
1901873,0
1902836,0
1903797,0
1904760,0
1905722,0
1906683,0
1907646,0
1908607,0
1909570,0
1910532,0
1911494,0
1912456,0
1913417,0
1914380,0
1915341,0
1916304,0
1917266,0
1918227,0
1919190,0
1920151,0
1921114,0
1922076,0
1923038,0
1924000,0
1924961,0
1925924,0
1926885,0
1927848,0
1928810,0
1929771,0
1930734,0
1931695,0
1932658,0
1933620,0
1934582,0
1935544,0
1936505,0
1937468,0
1938429,0
1939392,0
1940354,0
1941315,0
1942278,0
1943239,0
1944202,0
1945164,0
1946126,0
1947088,0
1948049,0
1949012,0
1949973,0
1950936,0
1951898,0
1952859,0
1953822,0
1954783,0
1955746,0
1956708,0
1957670,0
1958632,0
1959593,0
1960556,0
1961517,0
1962480,0
1963442,0
1964403,0
1965366,0
1966327,0
1967290,0
1968252,0
1969214,0
1970176,0
1971137,0
1972100,0
1973061,0
1974024,0
1974986,0
1975948,0
1976910,0
1977871,0
1978834,0
1979796,0
1980758,0
1981720,0
1982681,0
1983644,0
1984605,0
1985568,0
1986530,0
1987492,0
1988454,0
1989415,0
1990378,0
1991340,0
1992302,0
1993264,0
1994225,0
1995188,0
1996149,0
1997112,0
1998074,0
1999036,0
1999998,0
2000960,0
2001922,0
2002884,0
2003845,0
2004808,0
2005770,0
2006732,0
2007693,0
2008655,0
2009618,0
2010580,0
2011542,0
2012503,0
2013465,0
2014428,0
2015390,0
2016352,0
2017313,0
2018275,0
2019238,0
2020200,0
2021162,0
2022123,0
2023085,0
2024048,0
2025010,0
2025972,0
2026933,0
2027896,0
2028858,0
2029820,0
2030781,0
2031743,0
2032706,0
2033668,0
2034630,0
2035591,0
2036553,0
2037516,0
2038478,0
2039440,0
2040401,0
2041363,0
2042326,0
2043288,0
2044250,0
2045211,0
2046173,0
2047136,0
2048098,0
2049059,0
2050021,0
2050984,0
2051946,0
2052908,0
2053869,0
2054831,0
2055794,0
2056756,0
2057718,0
2058679,0
2059641,0
2060604,0
2061566,0
2062528,0
2063489,0
2064451,0
2065414,0
2066376,0
2067338,0
2068299,0
2069261,0
2070224,0
2071186,0
2072147,0
2073109,0
2074072,0
2075034,0
2075996,0
2076957,0
2077919,0
2078882,0
2079844,0
2080806,0
2081767,0
2082729,0
2083692,0
2084654,0
2085616,0
2086577,0
2087539,0
2088502,0
2089464,0
2090426,0
2091387,0
2092349,0
2093312,0
2094274,0
2095235,0
2096197,0
2097160,0
2098122,0
2099084,0
2100046,0
2101007,0
2101970,0
2102932,0
2103894,0
2104856,0
2105817,0
2106780,0
2107742,0
2108704,0
2109666,0
2110627,0
2111590,0
2112552,0
2113514,0
2114476,0
2115437,0
2116400,0
2117362,0
2118324,0
2119286,0
2120248,0
2121210,0
2122172,0
2123134,0
2124095,0
2125058,0
2126020,0
2126982,0
2127944,0
2128905,0
2129868,0
2130830,0
2131792,0
2132754,0
2133715,0
2134678,0
2135640,0
2136602,0
2137564,0
2138525,0
2139488,0
2140450,0
2141412,0
2142374,0
2143336,0
2144298,0
2145260,0
2146222,0
2147183,0
2148146,0
2149108,0
2150070,0
2151032,0
2151993,0
2152956,0
2153918,0
2154880,0
2155842,0
2156803,0
2157766,0
2158728,0
2159690,0
2160652,0
2161613,0
2162576,0
2163538,0
2164500,0
2165462,0
2166424,0
2167386,0
2168348,0
2169310,0
2170271,0
2171234,0
2172196,0
2173158,0
2174120,0
2175081,0
2176044,0
2177006,0
2177968,0
2178930,0
2179891,0
2180854,0
2181816,0
2182778,0
2183740,0
2184701,0
2185664,0
2186626,0
2187588,0
2188550,0
2189512,0
2190474,0
2191436,0
2192398,0
2193359,0
2194322,0
2195284,0
2196246,0
2197208,0
2198169,0
2199132,0
2200094,0
2201056,0
2202018,0
2202979,0
2203942,0
2204904,0
2205866,0
2206828,0
2207789,0
2208752,0
2209714,0
2210676,0
2211638,0
2212600,0
2213562,0
2214524,0
2215486,0
2216447,0
2217410,0
2218372,0
2219334,0
2220296,0
2221257,0
2222220,0
2223182,0
2224144,0
2225106,0
2226067,0
2227030,0
2227992,0
2228954,0
2229916,0
2230878,0
2231840,0
2232802,0
2233764,0
2234726,0
2235688,0
2236650,0
2237612,0
2238574,0
2239535,0
2240498,0
2241460,0
2242422,0
2243384,0
2244345,0
2245308,0
2246270,0
2247232,0
2248194,0
2249155,0
2250118,0
2251080,0
2252042,0
2253004,0
2253966,0
2254928,0
2255890,0
2256852,0
2257813,0
2258776,0
2259738,0
2260700,0
2261662,0
2262623,0
2263586,0
2264548,0
2265510,0
2266472,0
2267433,0
2268396,0
2269358,0
2270320,0
2271282,0
2272243,0
2273206,0
2274168,0
2275130,0
2276092,0
2277054,0
2278016,0
2278978,0
2279940,0
2280901,0
2281864,0
2282826,0
2283788,0
2284750,0
2285711,0
2286674,0
2287636,0
2288598,0
2289560,1
2290521,1
2291484,1
2292446,1
2293408,1
2294370,1
2295331,1
2296294,1
2297256,1
2298218,1
2299180,1
2300142,1
2301104,1
2302066,1
2303028,1
2303989,1
2304952,1
2305914,1
2306876,1
2307838,1
2308799,1
2309762,1
2310724,1
2311686,1
2312648,1
2313609,1
2314572,1
2315534,1
2316496,1
2317458,1
2318419,1
2319382,0
2320344,0
2321306,0
2322268,0
2323230,0
2324192,0
2325154,0
2326116,0
2327077,0
2328040,0
2329002,0
2329964,0
2330926,0
2331887,0
2332850,0
2333812,0
2334774,0
2335736,0
2336697,0
2337660,0
2338622,0
2339584,0
2340546,0
2341507,0
2342470,0
2343432,0
2344394,1
2345356,1
2346318,1
2347280,1
2348242,1
2349204,1
2350165,1
2351128,1
2352090,1
2353052,1
2354014,1
2354975,1
2355938,1
2356900,1
2357862,1
2358824,1
2359785,0
2360748,0
2361710,0
2362672,0
2363634,0
2364595,0
2365558,0
2366520,0
2367482,0
2368444,0
2369406,0
2370368,0
2371330,0
2372292,0
2373253,0
2374216,0
2375178,0
2376140,1
2377102,1
2378063,1
2379026,1
2379988,1
2380950,1
2381912,1
2382873,1
2383836,1
2384798,1
2385760,1
2386722,1
2387683,1
2388646,0
2389608,0
2390570,0
2391532,0
2392494,0
2393456,0
2394418,0
2395380,0
2396341,0
2397304,0
2398266,0
2399228,0
2400190,0
2401151,0
2402114,1
2403076,1
2404038,1
2405000,1
2405961,1
2406924,1
2407886,1
2408848,1
2409810,1
2410771,1
2411734,0
2412696,0
2413658,0
2414619,0
2415582,0
2416544,0
2417506,0
2418468,0
2419429,0
2420392,0
2421354,0
2422316,0
2423278,0
2424239,1
2425202,1
2426164,1
2427126,1
2428088,1
2429049,1
2430012,1
2430974,1
2431936,1
2432898,0
2433859,0
2434822,0
2435784,0
2436746,0
2437707,0
2438670,0
2439632,0
2440594,0
2441556,0
2442517,0
2443480,0
2444442,1
2445404,1
2446366,1
2447327,1
2448290,1
2449252,1
2450214,1
2451176,1
2452137,0
2453100,0
2454062,0
2455024,0
2455986,0
2456947,0
2457910,0
2458872,0
2459834,0
2460795,0
2461758,0
2462720,1
2463682,1
2464644,1
2465605,1
2466568,1
2467530,1
2468492,1
2469454,0
2470415,0
2471378,0
2472340,0
2473302,0
2474264,0
2475225,0
2476188,0
2477150,0
2478112,0
2479074,1
2480036,1
2480998,1
2481960,1
2482922,1
2483883,1
2484846,1
2485808,1
2486770,0
2487732,0
2488693,0
2489656,0
2490618,0
2491580,0
2492542,0
2493503,0
2494466,0
2495428,1
2496390,1
2497352,1
2498313,1
2499276,1
2500238,1
2501200,1
2502162,0
2503124,0
2504086,0
2505048,0
2506010,0
2506971,0
2507934,0
2508896,0
2509858,0
2510820,1
2511781,1
2512744,1
2513706,1
2514668,1
2515630,1
2516591,0
2517554,0
2518516,0
2519478,0
2520440,0
2521401,0
2522364,0
2523326,0
2524288,0
2525250,1
2526212,1
2527174,1
2528136,1
2529098,1
2530059,1
2531022,0
2531984,0
2532946,0
2533908,0
2534869,0
2535832,0
2536794,0
2537756,0
2538718,1
2539679,1
2540642,1
2541604,1
2542566,1
2543528,1
2544489,0
2545452,0
2546414,0
2547376,0
2548338,0
2549300,0
2550262,0
2551224,0
2552186,1
2553147,1
2554110,1
2555072,1
2556034,1
2556996,1
2557957,0
2558920,0
2559882,0
2560844,0
2561806,0
2562767,0
2563730,0
2564692,0
2565654,1
2566616,1
2567577,1
2568540,1
2569502,1
2570464,0
2571426,0
2572388,0
2573350,0
2574312,0
2575274,0
2576235,0
2577198,0
2578160,1
2579122,1
2580084,1
2581045,1
2582008,1
2582970,0
2583932,0
2584894,0
2585855,0
2586818,0
2587780,0
2588742,0
2589704,1
2590665,1
2591628,1
2592590,1
2593552,1
2594513,1
2595476,0
2596438,0
2597400,0
2598362,0
2599323,0
2600286,0
2601248,0
2602210,1
2603172,1
2604133,1
2605096,1
2606058,1
2607020,0
2607982,0
2608943,0
2609906,0
2610868,0
2611830,0
2612792,0
2613753,1
2614716,1
2615678,1
2616640,1
2617601,1
2618564,0
2619526,0
2620488,0
2621450,0
2622411,0
2623374,0
2624336,0
2625298,1
2626260,1
2627221,1
2628184,1
2629146,1
2630108,0
2631070,0
2632031,0
2632994,0
2633956,0
2634918,0
2635880,1
2636841,1
2637804,1
2638766,1
2639728,1
2640689,0
2641652,0
2642614,0
2643576,0
2644538,0
2645499,0
2646462,0
2647424,1
2648386,1
2649348,1
2650309,1
2651272,0
2652234,0
2653196,0
2654158,0
2655119,0
2656082,0
2657044,0
2658006,1
2658968,1
2659929,1
2660892,1
2661854,1
2662816,0
2663777,0
2664740,0
2665702,0
2666664,0
2667626,0
2668587,1
2669550,1
2670512,1
2671474,1
2672436,0
2673397,0
2674360,0
2675322,0
2676284,0
2677246,0
2678207,1
2679170,1
2680132,1
2681094,1
2682056,1
2683017,0
2683980,0
2684942,0
2685904,0
2686865,0
2687828,0
2688790,1
2689752,1
2690714,1
2691675,1
2692638,1
2693600,0
2694562,0
2695524,0
2696485,0
2697448,0
2698410,0
2699372,1
2700334,1
2701295,1
2702258,1
2703220,0
2704182,0
2705144,0
2706105,0
2707068,0
2708030,0
2708992,1
2709953,1
2710916,1
2711878,1
2712840,0
2713802,0
2714763,0
2715726,0
2716688,0
2717650,0
2718612,1
2719573,1
2720536,1
2721498,1
2722460,0
2723422,0
2724383,0
2725346,0
2726308,0
2727270,0
2728232,1
2729194,1
2730156,1
2731118,1
2732080,0
2733041,0
2734004,0
2734966,0
2735928,0
2736890,0
2737851,1
2738814,1
2739776,1
2740738,1
2741700,0
2742661,0
2743624,0
2744586,0
2745548,0
2746510,0
2747471,1
2748434,1
2749396,1
2750358,1
2751319,0
2752282,0
2753244,0
2754206,0
2755168,0
2756129,1
2757092,1
2758054,1
2759016,1
2759978,1
2760939,0
2761902,0
2762864,0
2763826,0
2764788,0
2765749,1
2766712,1
2767674,1
2768636,1
2769598,0
2770559,0
2771522,0
2772484,0
2773446,0
2774407,1
2775370,1
2776332,1
2777294,1
2778256,1
2779217,0
2780180,0
2781142,0
2782104,0
2783066,0
2784027,1
2784990,1
2785952,1
2786914,1
2787876,0
2788837,0
2789800,0
2790762,0
2791724,0
2792686,1
2793647,1
2794610,1
2795572,1
2796534,0
2797495,0
2798458,0
2799420,0
2800382,0
2801344,1
2802305,1
2803268,1
2804230,1
2805192,0
2806154,0
2807115,0
2808078,0
2809040,0
2810002,1
2810964,1
2811925,1
2812888,1
2813850,0
2814812,0
2815774,0
2816735,0
2817698,0
2818660,1
2819622,1
2820583,1
2821546,1
2822508,0
2823470,0
2824432,0
2825393,0
2826356,0
2827318,1
2828280,1
2829242,1
2830203,1
2831166,0
2832128,0
2833090,0
2834052,0
2835013,0
2835976,1
2836938,1
2837900,1
2838862,1
2839823,0
2840786,0
2841748,0
2842710,0
2843671,0
2844634,1
2845596,1
2846558,1
2847520,1
2848481,0
2849444,0
2850406,0
2851368,0
2852330,0
2853291,1
2854254,1
2855216,1
2856178,1
2857140,0
2858101,0
2859064,0
2860026,0
2860988,0
2861950,1
2862911,1
2863874,1
2864836,0
2865798,0
2866759,0
2867722,0
2868684,0
2869646,1
2870608,1
2871569,1
2872532,1
2873494,0
2874456,0
2875418,0
2876379,0
2877342,0
2878304,1
2879266,1
2880228,1
2881189,0
2882152,0
2883114,0
2884076,0
2885038,0
2885999,1
2886962,1
2887924,1
2888886,1
2889847,0
2890810,0
2891772,0
2892734,0
2893696,0
2894657,1
2895620,1
2896582,1
2897544,0
2898506,0
2899467,0
2900430,0
2901392,0
2902354,1
2903316,1
2904277,1
2905240,1
2906202,0
2907164,0
2908125,0
2909087,0
2910050,1
2911012,1
2911974,1
2912935,1
2913898,0
2914860,0
2915822,0
2916784,0
2917745,0
2918708,1
2919670,1
2920632,1
2921594,0
2922555,0
2923518,0
2924480,0
2925442,0
2926404,1
2927365,1
2928328,1
2929290,1
2930252,0
2931213,0
2932175,0
2933138,0
2934100,1
2935062,1
2936023,1
2936986,1
2937948,0
2938910,0
2939872,0
2940833,0
2941796,1
2942758,1
2943720,1
2944682,1
2945643,0
2946606,0
2947568,0
2948530,0
2949492,1
2950453,1
2951416,1
2952378,1
2953340,0
2954301,0
2955263,0
2956226,0
2957188,0
2958150,1
2959111,1
2960074,1
2961036,0
2961998,0
2962960,0
2963921,0
2964884,0
2965846,1
2966808,1
2967770,1
2968731,0
2969694,0
2970656,0
2971618,0
2972580,0
2973541,1
2974504,1
2975466,1
2976428,0
2977389,0
2978352,0
2979314,0
2980276,0
2981238,1
2982199,1
2983162,1
2984124,0
2985086,0
2986048,0
2987009,0
2987972,1
2988934,1
2989896,1
2990858,1
2991819,0
2992782,0
2993744,0
2994706,0
2995668,1
2996629,1
2997592,1
2998554,1
2999516,0
3000477,0
3001440,0
3002402,0
3003364,1
3004326,1
3005287,1
3006250,1
3007212,0
3008174,0
3009136,0
3010097,0
3011060,1
3012022,1
3012984,1
3013946,0
3014907,0
3015870,0
3016832,0
3017794,0
3018756,1
3019717,1
3020680,1
3021642,0
3022604,0
3023565,0
3024528,0
3025490,1
3026452,1
3027414,1
3028375,1
3029338,0
3030300,0
3031262,0
3032224,0
3033185,1
3034148,1
3035110,1
3036072,1
3037034,0
3037995,0
3038958,0
3039920,0
3040882,1
3041844,1
3042805,1
3043768,0
3044730,0
3045692,0
3046653,0
3047616,0
3048578,1
3049540,1
3050502,1
3051463,0
3052426,0
3053388,0
3054350,0
3055312,1
3056273,1
3057236,1
3058198,0
3059160,0
3060122,0
3061083,0
3062046,0
3063008,1
3063970,1
3064932,1
3065893,0
3066856,0
3067818,0
3068780,0
3069741,1
3070704,1
3071666,1
3072628,1
3073590,0
3074551,0
3075514,0
3076476,0
3077438,1
3078400,1
3079361,1
3080324,0
3081286,0
3082248,0
3083210,0
3084171,1
3085134,1
3086096,1
3087058,1
3088019,0
3088981,0
3089944,0
3090906,0
3091868,1
3092829,1
3093792,1
3094754,0
3095716,0
3096678,0
3097639,0
3098602,1
3099564,1
3100526,1
3101488,1
3102449,0
3103412,0
3104374,0
3105336,0
3106298,1
3107259,1
3108222,1
3109184,0
3110146,0
3111107,0
3112069,0
3113032,1
3113994,1
3114956,1
3115917,0
3116880,0
3117842,0
3118804,0
3119766,0
3120727,1
3121690,1
3122652,1
3123614,0
3124576,0
3125537,0
3126500,0
3127462,1
3128424,1
3129386,1
3130347,0
3131310,0
3132272,0
3133234,0
3134195,1
3135157,1
3136120,1
3137082,0
3138044,0
3139005,0
3139968,0
3140930,0
3141892,1
3142854,1
3143815,1
3144778,0
3145740,0
3146702,0
3147664,0
3148625,1
3149588,1
3150550,1
3151512,0
3152474,0
3153435,0
3154398,0
3155360,1
3156322,1
3157283,1
3158245,0
3159208,0
3160170,0
3161132,0
3162093,1
3163056,1
3164018,1
3164980,1
3165942,0
3166903,0
3167866,0
3168828,0
3169790,1
3170752,1
3171713,1
3172676,0
3173638,0
3174600,0
3175562,0
3176523,1
3177486,1
3178448,1
3179410,0
3180371,0
3181333,0
3182296,0
3183258,1
3184220,1
3185181,1
3186144,0
3187106,0
3188068,0
3189030,0
3189991,1
3190954,1
3191916,1
3192878,0
3193840,0
3194801,0
3195764,0
3196726,1
3197688,1
3198650,1
3199611,1
3200574,0
3201536,0
3202498,0
3203459,0
3204422,1
3205384,1
3206346,1
3207308,0
3208269,0
3209232,0
3210194,0
3211156,1
3212118,1
3213079,1
3214042,0
3215004,0
3215966,0
3216928,0
3217889,1
3218852,1
3219814,1
3220776,0
3221738,0
3222699,0
3223662,0
3224624,1
3225586,1
3226547,1
3227510,0
3228472,0
3229434,0
3230396,0
3231357,1
3232320,1
3233282,1
3234244,0
3235206,0
3236167,0
3237130,0
3238092,1
3239054,1
3240016,1
3240977,0
3241940,0
3242902,0
3243864,0
3244825,1
3245787,1
3246750,1
3247712,0
3248674,0
3249635,0
3250598,0
3251560,1
3252522,1
3253484,1
3254445,0
3255408,0
3256370,0
3257332,0
3258294,1
3259255,1
3260218,1
3261180,0
3262142,0
3263104,0
3264065,0
3265028,1
3265990,1
3266952,1
3267913,0
3268875,0
3269838,0
3270800,0
3271762,1
3272723,1
3273686,1
3274648,0
3275610,0
3276572,0
3277533,0
3278496,1
3279458,1
3280420,1
3281382,0
3282343,0
3283306,0
3284268,0
3285230,1
3286192,1
3287153,1
3288116,0
3289078,0
3290040,0
3291001,0
3291963,1
3292926,1
3293888,1
3294850,0
3295811,0
3296774,0
3297736,0
3298698,1
3299660,1
3300621,1
3301584,0
3302546,0
3303508,0
3304470,0
3305431,1
3306394,1
3307356,1
3308318,0
3309280,0
3310241,0
3311204,0
3312166,1
3313128,1
3314089,1
3315051,0
3316014,0
3316976,0
3317938,0
3318899,1
3319862,1
3320824,1
3321786,0
3322748,0
3323709,0
3324672,1
3325634,1
3326596,1
3327558,0
3328519,0
3329482,0
3330444,0
3331406,1
3332368,1
3333329,1
3334292,0
3335254,0
3336216,0
3337177,0
3338139,1
3339102,1
3340064,1
3341026,0
3341987,0
3342950,0
3343912,0
3344874,1
3345836,1
3346797,1
3347760,0
3348722,0
3349684,0
3350646,0
3351607,1
3352570,1
3353532,1
3354494,0
3355456,0
3356417,0
3357380,0
3358342,1
3359304,1
3360265,1
3361227,0
3362190,0
3363152,0
3364114,0
3365075,1
3366038,1
3367000,0
3367962,0
3368924,0
3369885,0
3370848,1
3371810,1
3372772,1
3373734,0
3374695,0
3375658,0
3376620,0
3377582,1
3378544,1
3379505,1
3380468,0
3381430,0
3382392,0
3383353,0
3384315,1
3385278,1
3386240,1
3387202,0
3388163,0
3389126,0
3390088,0
3391050,1
3392012,1
3392973,1
3393936,0
3394898,0
3395860,0
3396822,1
3397783,1
3398746,1
3399708,0
3400670,0
3401631,0
3402593,0
3403556,1
3404518,1
3405480,1
3406441,0
3407403,0
3408366,0
3409328,0
3410290,1
3411251,1
3412214,1
3413176,0
3414138,0
3415100,0
3416061,0
3417024,1
3417986,1
3418948,1
3419910,0
3420871,0
3421834,0
3422796,1
3423758,1
3424719,1
3425681,0
3426644,0
3427606,0
3428568,0
3429529,1
3430491,1
3431454,1
3432416,0
3433378,0
3434339,0
3435302,0
3436264,1
3437226,1
3438188,1
3439149,0
3440112,0
3441074,0
3442036,1
3442998,1
3443959,1
3444922,0
3445884,0
3446846,0
3447807,0
3448769,1
3449732,1
3450694,1
3451656,0
3452617,0
3453580,0
3454542,0
3455504,1
3456466,1
3457427,1
3458390,0
3459352,0
3460314,0
3461276,1
3462237,1
3463200,1
3464162,0
3465124,0
3466086,0
3467047,0
3468010,1
3468972,1
3469934,1
3470895,0
3471857,0
3472820,0
3473782,0
3474744,1
3475705,1
3476668,1
3477630,0
3478592,0
3479554,0
3480515,1
3481478,1
3482440,1
3483402,0
3484364,0
3485325,0
3486288,0
3487250,1
3488212,1
3489174,1
3490135,0
3491098,0
3492060,0
3493022,0
3493983,1
3494945,1
3495908,0
3496870,0
3497832,0
3498793,0
3499756,1
3500718,1
3501680,1
3502642,0
3503603,0
3504566,0
3505528,0
3506490,1
3507452,1
3508413,1
3509376,0
3510338,0
3511300,0
3512262,1
3513223,1
3514186,1
3515148,0
3516110,0
3517071,0
3518033,0
3518996,1
3519958,1
3520920,1
3521881,0
3522844,0
3523806,0
3524768,0
3525730,1
3526691,1
3527654,0
3528616,0
3529578,0
3530540,0
3531501,1
3532464,1
3533426,1
3534388,0
3535350,0
3536311,0
3537274,0
3538236,1
3539198,1
3540159,1
3541121,0
3542084,0
3543046,0
3544008,1
3544969,1
3545932,1
3546894,0
3547856,0
3548818,0
3549779,0
3550742,1
3551704,1
3552666,1
3553628,0
3554589,0
3555552,0
3556514,1
3557476,1
3558438,1
3559399,0
3560362,0
3561324,0
3562286,0
3563247,1
3564209,1
3565172,1
3566134,0
3567096,0
3568057,0
3569020,1
3569982,1
3570944,1
3571906,0
3572867,0
3573830,0
3574792,0
3575754,1
3576716,1
3577677,1
3578640,0
3579602,0
3580564,0
3581525,0
3582487,1
3583450,1
3584412,0
3585374,0
3586335,0
3587297,0
3588260,1
3589222,1
3590184,1
3591145,0
3592108,0
3593070,0
3594032,0
3594994,1
3595955,1
3596918,0
3597880,0
3598842,0
3599804,0
3600765,1
3601728,1
3602690,1
3603652,0
3604613,0
3605575,0
3606538,0
3607500,1
3608462,1
3609423,0
3610385,0
3611348,0
3612310,0
3613272,1
3614233,1
3615196,1
3616158,0
3617120,0
3618082,0
3619043,0
3620006,1
3620968,1
3621930,0
3622892,0
3623853,0
3624816,0
3625778,1
3626740,1
3627701,1
3628663,0
3629626,0
3630588,0
3631550,1
3632511,1
3633473,1
3634436,0
3635398,0
3636360,0
3637321,0
3638284,1
3639246,1
3640208,1
3641170,0
3642131,0
3643094,0
3644056,1
3645018,1
3645980,1
3646941,0
3647904,0
3648866,0
3649828,0
3650789,1
3651751,1
3652714,1
3653676,0
3654638,0
3655599,0
3656561,1
3657524,1
3658486,1
3659448,0
3660409,0
3661372,0
3662334,0
3663296,1
3664258,1
3665219,1
3666182,0
3667144,0
3668106,0
3669068,1
3670029,1
3670992,1
3671954,0
3672916,0
3673877,0
3674839,0
3675802,1
3676764,1
3677726,0
3678687,0
3679649,0
3680612,0
3681574,1
3682536,1
3683497,1
3684460,0
3685422,0
3686384,0
3687346,0
3688307,1
3689270,1
3690232,0
3691194,0
3692156,0
3693117,0
3694080,1
3695042,1
3696004,1
3696965,0
3697927,0
3698890,0
3699852,1
3700814,1
3701775,1
3702738,0
3703700,0
3704662,0
3705624,0
3706585,1
3707548,1
3708510,1
3709472,0
3710434,0
3711395,0
3712358,1
3713320,1
3714282,1
3715244,0
3716205,0
3717168,0
3718130,0
3719092,1
3720053,1
3721015,0
3721978,0
3722940,0
3723902,0
3724863,1
3725826,1
3726788,1
3727750,0
3728712,0
3729673,0
3730636,1
3731598,1
3732560,1
3733522,0
3734483,0
3735446,0
3736408,0
3737370,1
3738331,1
3739293,1
3740256,0
3741218,0
3742180,0
3743141,1
3744103,1
3745066,1
3746028,0
3746990,0
3747951,0
3748914,0
3749876,1
3750838,1
3751800,0
3752761,0
3753724,0
3754686,0
3755648,1
3756610,1
3757571,1
3758534,0
3759496,0
3760458,0
3761419,1
3762381,1
3763344,1
3764306,0
3765268,0
3766229,0
3767191,0
3768154,1
3769116,1
3770078,0
3771039,0
3772002,0
3772964,0
3773926,1
3774888,1
3775849,1
3776812,0
3777774,0
3778736,0
3779698,1
3780659,1
3781622,1
3782584,0
3783546,0
3784507,0
3785469,0
3786432,1
3787394,1
3788356,0
3789317,0
3790279,0
3791242,0
3792204,1
3793166,1
3794127,1
3795090,0
3796052,0
3797014,0
3797976,1
3798937,1
3799900,1
3800862,0
3801824,0
3802786,0
3803747,0
3804710,1
3805672,1
3806634,1
3807595,0
3808557,0
3809520,0
3810482,1
3811444,1
3812405,1
3813367,0
3814330,0
3815292,0
3816254,1
3817215,1
3818178,1
3819140,0
3820102,0
3821064,0
3822025,0
3822988,1
3823950,1
3824912,1
3825874,0
3826835,0
3827798,0
3828760,1
3829722,1
3830683,1
3831645,0
3832608,0
3833570,0
3834532,1
3835493,1
3836455,1
3837418,0
3838380,0
3839342,0
3840303,0
3841266,1
3842228,1
3843190,1
3844152,0
3845113,0
3846076,0
3847038,1
3848000,1
3848962,1
3849923,0
3850886,0
3851848,0
3852810,1
3853771,1
3854733,1
3855696,0
3856658,0
3857620,0
3858581,0
3859543,1
3860506,1
3861468,0
3862430,0
3863391,0
3864354,0
3865316,1
3866278,1
3867240,1
3868201,0
3869164,0
3870126,0
3871088,1
3872050,1
3873011,1
3873974,0
3874936,0
3875898,0
3876859,0
3877821,1
3878784,1
3879746,0
3880708,0
3881669,0
3882631,0
3883594,1
3884556,1
3885518,1
3886479,0
3887442,0
3888404,0
3889366,1
3890328,1
3891289,1
3892252,0
3893214,0
3894176,0
3895138,0
3896099,1
3897062,1
3898024,0
3898986,0
3899947,0
3900909,0
3901872,1
3902834,1
3903796,1
3904757,0
3905719,0
3906682,0
3907644,1
3908606,1
3909567,1
3910530,0
3911492,0
3912454,0
3913416,1
3914377,1
3915340,1
3916302,0
3917264,0
3918225,0
3919187,0
3920150,1
3921112,1
3922074,0
3923035,0
3923997,0
3924960,0
3925922,1
3926884,1
3927845,1
3928807,0
3929770,0
3930732,0
3931694,1
3932655,1
3933618,1
3934580,0
3935542,0
3936504,0
3937465,0
3938428,1
3939390,1
3940352,0
3941313,0
3942275,0
3943238,0
3944200,1
3945162,1
3946123,1
3947085,0
3948048,0
3949010,0
3949972,1
3950933,1
3951896,1
3952858,0
3953820,0
3954782,0
3955743,1
3956706,1
3957668,1
3958630,0
3959592,0
3960553,0
3961516,0
3962478,1
3963440,1
3964401,0
3965363,0
3966326,0
3967288,0
3968250,1
3969211,1
3970173,1
3971136,0
3972098,0
3973060,0
3974021,1
3974984,1
3975946,1
3976908,0
3977870,0
3978831,0
3979794,1
3980756,1
3981718,1
3982680,0
3983641,0
3984604,0
3985566,0
3986528,1
3987489,1
3988451,0
3989414,0
3990376,0
3991338,0
3992299,1
3993261,1
3994224,1
3995186,0
3996148,0
3997109,0
3998072,1
3999034,1
3999996,1
4000958,0
4001920,0
4002881,0
4003844,1
4004805,1
4005768,1
4006730,0
4007691,0
4008654,0
4009616,0
4010577,1
4011540,1
4012501,0
4013464,0
4014426,0
4015387,0
4016350,1
4017311,1
4018274,1
4019236,0
4020197,0
4021160,0
4022121,1
4023084,1
4024046,1
4025007,0
4025970,0
4026931,0
4027894,1
4028856,1
4029817,1
4030780,0
4031741,0
4032704,0
4033666,0
4034627,1
4035590,1
4036551,0
4037514,0
4038476,0
4039437,0
4040400,1
4041361,1
4042324,1
4043286,0
4044247,0
4045210,0
4046171,1
4047134,1
4048096,1
4049057,0
4050020,0
4050981,0
4051944,1
4052906,1
4053867,1
4054830,0
4055792,0
4056753,0
4057716,0
4058677,1
4059640,1
4060602,0
4061563,0
4062526,0
4063487,0
4064450,1
4065412,1
4066373,0
4067336,0
4068297,0
4069260,0
4070222,1
4071183,1
4072146,1
4073107,0
4074070,0
4075032,0
4075993,1
4076956,1
4077917,1
4078880,0
4079842,0
4080803,0
4081766,1
4082727,1
4083690,1
4084652,0
4085613,0
4086576,0
4087537,0
4088500,1
4089462,1
4090423,0
4091386,0
4092347,0
4093310,0
4094272,1
4095233,1
4096196,1
4097157,0
4098119,0
4099082,0
4100043,1
4101006,1
4101968,1
4102929,0
4103892,0
4104853,0
4105816,1
4106778,1
4107739,1
4108702,0
4109663,0
4110626,0
4111588,1
4112549,1
4113512,1
4114473,0
4115436,0
4116398,0
4117359,0
4118322,1
4119283,1
4120246,0
4121208,0
4122169,0
4123132,0
4124093,1
4125056,1
4126018,1
4126979,0
4127942,0
4128903,0
4129866,1
4130828,1
4131789,1
4132752,0
4133713,0
4134676,0
4135638,1
4136599,1
4137562,1
4138523,0
4139486,0
4140448,0
4141409,1
4142372,1
4143333,1
4144295,0
4145258,0
4146219,0
4147182,0
4148144,1
4149105,1
4150068,0
4151029,0
4151992,0
4152954,0
4153915,1
4154878,1
4155839,1
4156802,0
4157764,0
4158725,0
4159688,1
4160649,1
4161612,1
4162574,0
4163535,0
4164498,0
4165459,1
4166422,1
4167384,1
4168345,0
4169308,0
4170269,0
4171232,1
4172194,1
4173155,1
4174118,0
4175079,0
4176042,0
4177004,0
4177965,1
4178928,1
4179889,0
4180852,0
4181814,0
4182775,0
4183738,1
4184699,1
4185662,1
4186624,0
4187585,0
4188548,0
4189510,1
4190471,1
4191434,1
4192395,0
4193358,0
4194320,0
4195282,1
4196244,1
4197206,1
4198168,0
4199130,0
4200092,0
4201054,1
4202015,1
4202978,1
4203940,0
4204902,0
4205864,0
4206825,0
4207788,1
4208750,1
4209712,0
4210674,0
4211635,0
4212598,0
4213560,1
4214522,1
4215484,0
4216445,0
4217408,0
4218370,0
4219332,1
4220294,1
4221255,1
4222218,0
4223180,0
4224142,0
4225104,1
4226065,1
4227028,1
4227990,0
4228952,0
4229914,0
4230875,1
4231838,1
4232800,1
4233762,0
4234724,0
4235686,0
4236648,1
4237610,1
4238572,1
4239534,0
4240496,0
4241458,0
4242420,0
4243382,1
4244344,1
4245306,0
4246268,0
4247230,0
4248191,0
4249154,1
4250116,1
4251078,0
4252040,0
4253001,0
4253964,0
4254926,1
4255888,1
4256850,1
4257811,0
4258774,0
4259736,0
4260698,1
4261660,1
4262621,1
4263584,0
4264546,0
4265508,0
4266470,1
4267431,1
4268394,1
4269356,0
4270318,0
4271280,0
4272241,1
4273204,1
4274166,1
4275128,0
4276090,0
4277051,0
4278014,0
4278976,1
4279938,1
4280900,0
4281862,0
4282824,0
4283786,0
4284748,1
4285710,1
4286672,0
4287634,0
4288596,0
4289558,0
4290520,1
4291482,1
4292444,1
4293406,0
4294367,0
4295330,0
4296292,1
4297254,1
4298216,1
4299177,0
4300140,0
4301102,0
4302064,1
4303026,1
4303987,1
4304950,0
4305912,0
4306874,0
4307836,1
4308797,1
4309760,1
4310722,0
4311684,0
4312646,0
4313607,0
4314570,1
4315532,1
4316494,0
4317456,0
4318417,0
4319380,0
4320342,1
4321304,1
4322266,0
4323227,0
4324190,0
4325152,0
4326114,1
4327076,1
4328038,1
4329000,0
4329962,0
4330924,0
4331886,1
4332848,1
4333810,1
4334772,0
4335733,0
4336696,0
4337658,1
4338620,1
4339582,1
4340543,0
4341506,0
4342468,0
4343430,1
4344392,1
4345353,1
4346316,0
4347278,0
4348240,0
4349202,0
4350163,1
4351126,1
4352088,0
4353050,0
4354012,0
4354973,0
4355936,1
4356898,1
4357860,0
4358822,0
4359783,0
4360746,0
4361708,1
4362670,1
4363632,0
4364593,0
4365556,0
4366518,0
4367480,1
4368442,1
4369403,1
4370366,0
4371328,0
4372290,0
4373252,1
4374214,1
4375176,1
4376138,0
4377100,0
4378062,0
4379024,1
4379986,1
4380948,1
4381909,0
4382872,0
4383834,0
4384796,1
4385758,1
4386719,1
4387682,0
4388644,0
4389606,0
4390568,0
4391529,1
4392492,1
4393454,0
4394416,0
4395378,0
4396339,0
4397302,1
4398264,1
4399226,0
4400188,0
4401149,0
4402112,0
4403074,1
4404036,1
4404998,0
4405959,0
4406922,0
4407884,0
4408846,1
4409808,1
4410769,1
4411732,0
4412694,0
4413656,0
4414618,1
4415579,1
4416542,1
4417504,0
4418466,0
4419428,0
4420390,1
4421352,1
4422314,1
4423276,0
4424238,0
4425200,0
4426162,1
4427124,1
4428085,1
4429048,0
4430010,0
4430972,0
4431934,1
4432895,1
4433858,1
4434820,0
4435782,0
4436744,0
4437705,0
4438668,1
4439630,1
4440592,0
4441554,0
4442515,0
4443478,0
4444440,1
4445402,1
4446364,0
4447325,0
4448288,0
4449250,0
4450212,1
4451174,1
4452135,1
4453098,0
4454060,0
4455022,0
4455984,1
4456945,1
4457908,1
4458870,0
4459832,0
4460794,0
4461756,1
4462718,1
4463680,1
4464642,0
4465604,0
4466566,0
4467528,1
4468490,1
4469452,1
4470414,0
4471376,0
4472338,0
4473300,1
4474261,1
4475224,1
4476186,0
4477148,0
4478110,0
4479071,0
4480034,1
4480996,1
4481958,0
4482920,0
4483881,0
4484844,0
4485806,1
4486768,1
4487730,0
4488691,0
4489654,0
4490616,0
4491578,1
4492540,1
4493501,0
4494464,0
4495426,0
4496388,0
4497350,1
4498311,1
4499274,1
4500236,0
4501198,0
4502160,0
4503121,1
4504084,1
4505046,1
4506008,0
4506970,0
4507932,0
4508894,1
4509856,1
4510818,1
4511780,0
4512742,0
4513704,0
4514666,1
4515627,1
4516590,1
4517552,0
4518514,0
4519476,0
4520437,1
4521400,1
4522362,1
4523324,0
4524286,0
4525247,0
4526210,0
4527172,1
4528134,1
4529096,0
4530057,0
4531020,0
4531982,0
4532944,1
4533906,1
4534867,0
4535830,0
4536792,0
4537754,0
4538716,1
4539677,1
4540640,0
4541602,0
4542564,0
4543526,0
4544487,1
4545450,1
4546412,1
4547374,0
4548336,0
4549297,0
4550260,1
4551222,1
4552184,1
4553146,0
4554108,0
4555070,0
4556032,1
4556994,1
4557956,1
4558918,0
4559880,0
4560842,0
4561803,1
4562766,1
4563728,1
4564690,0
4565652,0
4566613,0
4567576,1
4568538,1
4569500,1
4570462,0
4571423,0
4572386,0
4573348,1
4574310,1
4575272,1
4576233,0
4577196,0
4578158,0
4579120,0
4580082,1
4581043,1
4582006,0
4582968,0
4583930,0
4584892,0
4585853,1
4586816,1
4587778,0
4588740,0
4589702,0
4590663,0
4591626,1
4592588,1
4593550,0
4594512,0
4595473,0
4596436,0
4597398,1
4598360,1
4599322,1
4600284,0
4601246,0
4602208,0
4603170,1
4604132,1
4605094,1
4606056,0
4607018,0
4607979,0
4608942,1
4609904,1
4610866,1
4611828,0
4612789,0
4613752,0
4614714,1
4615676,1
4616638,1
4617599,0
4618562,0
4619524,0
4620486,1
4621448,1
4622409,1
4623372,0
4624334,0
4625296,0
4626258,1
4627219,1
4628182,1
4629144,0
4630106,0
4631068,0
4632029,0
4632992,1
4633954,1
4634916,0
4635878,0
4636839,0
4637802,0
4638764,1
4639726,1
4640688,0
4641649,0
4642612,0
4643574,0
4644536,1
4645498,1
4646460,0
4647422,0
4648384,0
4649346,0
4650308,1
4651270,1
4652232,1
4653194,0
4654155,0
4655118,0
4656080,1
4657042,1
4658004,1
4658965,0
4659928,0
4660890,0
4661852,1
4662814,1
4663775,1
4664738,0
4665700,0
4666662,0
4667624,1
4668585,1
4669548,1
4670510,0
4671472,0
4672434,0
4673395,1
4674358,1
4675320,1
4676282,0
4677244,0
4678205,0
4679168,1
4680130,1
4681092,1
4682054,0
4683015,0
4683978,0
4684940,0
4685902,1
4686864,1
4687826,0
4688788,0
4689750,0
4690712,0
4691674,1
4692636,1
4693598,0
4694560,0
4695521,0
4696484,0
4697446,1
4698408,1
4699370,0
4700331,0
4701294,0
4702256,0
4703218,1
4704180,1
4705141,0
4706104,0
4707066,0
4708028,0
4708990,1
4709951,1
4710914,1
4711876,0
4712838,0
4713800,0
4714761,1
4715724,1
4716686,1
4717648,0
4718610,0
4719571,0
4720534,1
4721496,1
4722458,1
4723420,0
4724381,0
4725344,0
4726306,1
4727268,1
4728230,1
4729191,0
4730154,0
4731116,0
4732078,1
4733040,1
4734002,1
4734964,0
4735926,0
4736888,0
4737850,1
4738812,1
4739774,1
4740736,0
4741697,0
4742660,0
4743622,0
4744584,1
4745546,1
4746507,0
4747470,0
4748432,0
4749394,0
4750356,1
4751317,1
4752280,0
4753242,0
4754204,0
4755166,0
4756127,1
4757090,1
4758052,0
4759014,0
4759976,0
4760937,0
4761900,1
4762862,1
4763824,0
4764786,0
4765747,0
4766710,0
4767672,1
4768634,1
4769596,1
4770557,0
4771520,0
4772482,0
4773444,1
4774406,1
4775367,1
4776330,0
4777292,0
4778254,0
4779216,1
4780178,1
4781140,1
4782102,0
4783064,0
4784026,0
4784988,1
4785950,1
4786912,1
4787873,0
4788836,0
4789798,0
4790760,1
4791722,1
4792683,1
4793646,0
4794608,0
4795570,0
4796532,1
4797493,1
4798456,1
4799418,0
4800380,0
4801342,0
4802303,1
4803266,1
4804228,1
4805190,0
4806152,0
4807113,0
4808076,0
4809038,1
4810000,1
4810962,0
4811923,0
4812886,0
4813848,0
4814810,1
4815772,1
4816733,0
4817696,0
4818658,0
4819620,0
4820582,1
4821543,1
4822506,0
4823468,0
4824430,0
4825392,0
4826354,1
4827316,1
4828278,0
4829239,0
4830202,0
4831164,0
4832126,1
4833088,1
4834049,1
4835012,0
4835974,0
4836936,0
4837898,1
4838859,1
4839822,1
4840784,0
4841746,0
4842708,0
4843669,1
4844632,1
4845594,1
4846556,0
4847518,0
4848479,0
4849442,1
4850404,1
4851366,1
4852328,0
4853289,0
4854252,0
4855214,1
4856176,1
4857138,1
4858099,0
4859062,0
4860024,0
4860986,1
4861948,1
4862909,1
4863872,0
4864834,0
4865796,0
4866758,1
4867719,1
4868682,1
4869644,0
4870606,0
4871568,0
4872530,0
4873492,1
4874454,1
4875415,0
4876378,0
4877340,0
4878302,0
4879264,1
4880225,1
4881188,0
4882150,0
4883112,0
4884074,0
4885035,1
4885998,1
4886960,0
4887922,0
4888884,0
4889845,0
4890808,1
4891770,1
4892732,0
4893694,0
4894655,0
4895618,0
4896580,1
4897542,1
4898504,1
4899465,0
4900428,0
4901390,0
4902352,1
4903314,1
4904275,1
4905238,0
4906200,0
4907162,0
4908124,1
4909085,1
4910048,1
4911010,0
4911972,0
4912934,0
4913895,1
4914858,1
4915820,1
4916782,0
4917744,0
4918706,0
4919668,1
4920630,1
4921591,1
4922554,0
4923516,0
4924478,0
4925440,1
4926401,1
4927364,1
4928326,0
4929288,0
4930250,0
4931211,1
4932174,1
4933136,1
4934098,0
4935060,0
4936021,0
4936984,0
4937946,1
4938908,1
4939870,0
4940831,0
4941794,0
4942756,0
4943718,1
4944680,1
4945641,0
4946604,0
4947566,0
4948528,0
4949490,1
4950451,1
4951414,0
4952376,0
4953338,0
4954300,0
4955261,1
4956224,1
4957186,0
4958148,0
4959110,0
4960072,0
4961034,1
4961996,1
4962958,0
4963920,0
4964882,0
4965844,0
4966806,1
4967767,1
4968730,1
4969692,0
4970654,0
4971616,0
4972577,1
4973540,1
4974502,1
4975464,0
4976426,0
4977387,0
4978350,1
4979312,1
4980274,1
4981236,0
4982197,0
4983160,0
4984122,1
4985084,1
4986046,1
4987007,0
4987970,0
4988932,0
4989894,1
4990856,1
4991817,1
4992780,0
4993742,0
4994704,0
4995666,1
4996627,1
4997590,1
4998552,0
4999514,0
5000476,0
5001437,1
5002400,1
5003362,1
5004324,0
5005286,0
5006248,0
5007210,1
5008172,1
5009133,1
5010096,0
5011058,0
5012020,0
5012982,0
5013943,1
5014906,1
5015868,0
5016830,0
5017792,0
5018753,0
5019716,1
5020678,1
5021640,0
5022602,0
5023563,0
5024526,0
5025488,1
5026450,1
5027412,0
5028373,0
5029336,0
5030298,0
5031260,1
5032222,1
5033183,0
5034146,0
5035108,0
5036070,0
5037032,1
5037993,1
5038956,1
5039918,0
5040880,0
5041842,0
5042803,1
5043766,1
5044728,1
5045690,0
5046652,0
5047613,0
5048576,1
5049538,1
5050500,1
5051462,0
5052424,0
5053386,0
5054348,1
5055309,1
5056272,1
5057234,0
5058196,0
5059158,0
5060119,1
5061082,1
5062044,1
5063006,0
5063968,0
5064929,0
5065892,1
5066854,1
5067816,1
5068778,0
5069739,0
5070702,0
5071664,1
5072626,1
5073588,1
5074549,0
5075512,0
5076474,0
5077436,1
5078398,1
5079359,1
5080322,0
5081284,0
5082246,0
5083208,0
5084169,1
5085132,1
5086094,0
5087056,0
5088018,0
5088979,0
5089942,1
5090904,1
5091866,0
5092828,0
5093789,0
5094752,0
5095714,1
5096676,1
5097638,0
5098600,0
5099562,0
5100524,0
5101485,1
5102448,1
5103410,0
5104372,0
5105334,0
5106295,0
5107258,1
5108220,1
5109182,0
5110144,0
5111105,0
5112068,0
5113030,1
5113992,1
5114954,1
5115915,0
5116878,0
5117840,0
5118802,1
5119764,1
5120725,1
5121688,0
5122650,0
5123612,0
5124574,1
5125535,1
5126498,1
5127460,0
5128422,0
5129384,0
5130345,1
5131308,1
5132270,1
5133232,0
5134194,0
5135155,0
5136118,1
5137080,1
5138042,1
5139004,0
5139965,0
5140928,0
5141890,1
5142852,1
5143814,1
5144776,0
5145738,0
5146700,0
5147661,1
5148624,1
5149586,1
5150548,0
5151510,0
5152471,0
5153434,1
5154396,1
5155358,1
5156320,0
5157281,0
5158244,0
5159206,1
5160168,1
5161130,1
5162091,0
5163054,0
5164016,0
5164978,0
5165940,1
5166901,1
5167864,0
5168826,0
5169788,0
5170750,0
5171711,1
5172674,1
5173636,0
5174598,0
5175560,0
5176521,0
5177484,1
5178446,1
5179408,0
5180370,0
5181331,0
5182294,0
5183256,1
5184218,1
5185180,0
5186142,0
5187104,0
5188066,0
5189027,1
5189990,1
5190952,0
5191914,0
5192876,0
5193837,0
5194800,1
5195762,1
5196724,1
5197686,0
5198647,0
5199610,0
5200572,1
5201534,1
5202496,1
5203457,0
5204420,0
5205382,0
5206344,1
5207306,1
5208267,1
5209230,0
5210192,0
5211154,0
5212116,1
5213077,1
5214040,1
5215002,0
5215964,0
5216926,0
5217887,1
5218850,1
5219812,1
5220774,0
5221736,0
5222697,0
5223660,1
5224622,1
5225584,1
5226546,0
5227507,0
5228470,0
5229432,1
5230394,1
5231356,1
5232318,0
5233280,0
5234242,0
5235203,1
5236166,1
5237128,1
5238090,0
5239052,0
5240013,0
5240976,1
5241938,1
5242900,1
5243862,0
5244823,0
5245786,0
5246748,0
5247710,1
5248672,1
5249633,0
5250596,0
5251558,0
5252520,0
5253482,1
5254443,1
5255406,0
5256368,0
5257330,0
5258292,0
5259253,1
5260216,1
5261178,0
5262140,0
5263102,0
5264063,0
5265026,1
5265988,1
5266950,0
5267912,0
5268873,0
5269836,0
5270798,1
5271760,1
5272722,0
5273683,0
5274646,0
5275608,0
5276570,1
5277532,1
5278494,1
5279456,0
5280418,0
5281379,0
5282342,1
5283304,1
5284266,1
5285228,0
5286189,0
5287152,0
5288114,1
5289076,1
5290038,1
5290999,0
5291962,0
5292924,0
5293886,1
5294848,1
5295809,1
5296772,0
5297734,0
5298696,0
5299658,1
5300619,1
5301582,1
5302544,0
5303506,0
5304468,0
5305429,1
5306392,1
5307354,1
5308316,0
5309278,0
5310239,0
5311202,1
5312164,1
5313126,1
5314088,0
5315049,0
5316012,0
5316974,1
5317936,1
5318898,1
5319859,0
5320822,0
5321784,0
5322745,1
5323708,1
5324670,1
5325632,0
5326594,0
5327555,0
5328518,0
5329480,1
5330442,1
5331404,0
5332365,0
5333328,0
5334290,0
5335252,1
5336214,1
5337175,0
5338138,0
5339100,0
5340062,0
5341024,1
5341985,1
5342948,0
5343910,0
5344872,0
5345834,0
5346795,1
5347758,1
5348720,0
5349682,0
5350644,0
5351605,0
5352568,1
5353530,1
5354492,0
5355454,0
5356415,0
5357378,0
5358340,1
5359302,1
5360264,1
5361225,0
5362188,0
5363150,0
5364112,1
5365074,1
5366035,1
5366998,0
5367960,0
5368921,0
5369884,1
5370846,1
5371808,1
5372770,0
5373731,0
5374694,0
5375656,1
5376618,1
5377580,1
5378541,0
5379504,0
5380466,0
5381428,1
5382390,1
5383351,1
5384314,0
5385276,0
5386238,0
5387200,1
5388161,1
5389124,1
5390086,0
5391048,0
5392010,0
5392971,1
5393934,1
5394896,1
5395858,0
5396820,0
5397781,0
5398744,1
5399706,1
5400668,1
5401630,0
5402591,0
5403554,0
5404516,1
5405478,1
5406440,1
5407401,0
5408364,0
5409326,0
5410288,1
5411250,1
5412211,1
5413174,0
5414136,0
5415097,0
5416060,0
5417022,1
5417984,1
5418946,0
5419907,0
5420870,0
5421832,0
5422794,1
5423756,1
5424717,0
5425680,0
5426642,0
5427604,0
5428566,1
5429527,1
5430490,0
5431452,0
5432414,0
5433376,0
5434337,1
5435300,1
5436262,0
5437224,0
5438186,0
5439147,0
5440110,1
5441072,1
5442034,0
5442996,0
5443957,0
5444920,0
5445882,1
5446844,1
5447806,0
5448767,0
5449730,0
5450692,0
5451654,1
5452616,1
5453577,1
5454540,0
5455502,0
5456464,0
5457426,1
5458388,1
5459350,1
5460312,0
5461273,0
5462236,0
5463198,1
5464160,1
5465122,1
5466083,0
5467046,0
5468008,0
5468970,1
5469932,1
5470893,1
5471856,0
5472818,0
5473780,0
5474742,1
5475703,1
5476666,1
5477628,0
5478590,0
5479552,0
5480513,1
5481476,1
5482438,1
5483400,0
5484362,0
5485323,0
5486286,1
5487248,1
5488210,1
5489172,0
5490133,0
5491096,0
5492058,1
5493020,1
5493982,1
5494943,0
5495906,0
5496868,0
5497830,1
5498792,1
5499753,1
5500716,0
5501678,0
5502639,0
5503602,0
5504564,1
5505526,1
5506488,0
5507449,0
5508412,0
5509374,0
5510336,1
5511298,1
5512259,0
5513222,0
5514184,0
5515146,0
5516108,1
5517069,1
5518032,0
5518994,0
5519956,0
5520918,0
5521879,1
5522842,1
5523804,0
5524766,0
5525728,0
5526689,0
5527652,1
5528614,1
5529576,0
5530538,0
5531499,0
5532462,0
5533424,1
5534386,1
5535348,0
5536309,0
5537272,0
5538234,0
5539196,1
5540158,1
5541119,1
5542082,0
5543044,0
5544006,0
5544968,1
5545929,1
5546892,1
5547854,0
5548815,0
5549778,0
5550740,1
5551702,1
5552664,1
5553625,0
5554588,0
5555550,0
5556512,1
5557474,1
5558435,1
5559398,0
5560360,0
5561322,0
5562284,1
5563245,1
5564208,1
5565170,0
5566132,0
5567094,0
5568055,1
5569018,1
5569980,1
5570942,0
5571904,0
5572865,0
5573828,1
5574790,1
5575752,1
5576714,0
5577675,0
5578638,0
5579600,1
5580562,1
5581524,1
5582485,0
5583448,0
5584410,0
5585372,1
5586334,1
5587295,1
5588258,0
5589220,0
5590182,0
5591144,1
5592105,1
5593068,1
5594030,0
5594991,0
5595954,0
5596916,0
5597878,1
5598840,1
5599801,0
5600764,0
5601726,0
5602688,0
5603650,1
5604611,1
5605574,0
5606536,0
5607498,0
5608460,0
5609421,1
5610384,1
5611346,0
5612308,0
5613270,0
5614231,0
5615194,1
5616156,1
5617118,0
5618080,0
5619041,0
5620004,0
5620966,1
5621928,1
5622890,0
5623851,0
5624814,0
5625776,0
5626738,1
5627700,1
5628661,0
5629624,0
5630586,0
5631548,0
5632510,1
5633471,1
5634434,1
5635396,0
5636358,0
5637320,0
5638281,1
5639244,1
5640206,1
5641167,0
5642130,0
5643092,0
5644054,1
5645016,1
5645977,1
5646940,0
5647902,0
5648864,0
5649826,1
5650787,1
5651750,1
5652712,0
5653674,0
5654636,0
5655597,1
5656560,1
5657522,1
5658484,0
5659446,0
5660407,0
5661370,1
5662332,1
5663294,1
5664256,0
5665217,0
5666180,0
5667142,1
5668104,1
5669066,1
5670027,0
5670990,0
5671952,0
5672914,1
5673876,1
5674837,1
5675800,0
5676762,0
5677724,0
5678686,1
5679647,1
5680610,1
5681572,0
5682533,0
5683496,0
5684458,1
5685420,1
5686382,1
5687343,0
5688306,0
5689268,0
5690230,0
5691192,1
5692153,1
5693116,0
5694078,0
5695040,0
5696002,0
5696963,1
5697926,1
5698888,0
5699850,0
5700812,0
5701773,0
5702736,1
5703698,1
5704660,0
5705622,0
5706583,0
5707546,0
5708508,1
5709470,1
5710432,0
5711393,0
5712356,0
5713318,0
5714280,1
5715242,1
5716203,0
5717166,0
5718128,0
5719090,0
5720052,1
5721013,1
5721976,0
5722938,0
5723900,0
5724862,0
5725823,1
5726786,1
5727748,1
5728709,0
5729672,0
5730634,0
5731596,1
5732558,1
5733519,1
5734482,0
5735444,0
5736406,0
5737368,1
5738329,1
5739292,1
5740254,0
5741216,0
5742178,0
5743139,1
5744102,1
5745064,1
5746026,0
5746988,0
5747949,0
5748912,1
5749874,1
5750836,1
5751798,0
5752759,0
5753722,0
5754684,1
5755646,1
5756608,1
5757569,0
5758532,0
5759494,0
5760456,1
5761418,1
5762379,1
5763342,0
5764304,0
5765266,0
5766228,1
5767189,1
5768152,1
5769114,0
5770076,0
5771038,0
5771999,1
5772962,1
5773924,1
5774885,0
5775848,0
5776810,0
5777772,1
5778734,1
5779695,1
5780658,0
5781620,0
5782582,0
5783544,1
5784505,1
5785468,1
5786430,0
5787392,0
5788354,0
5789315,0
5790278,1
5791240,1
5792202,0
5793164,0
5794125,0
5795088,0
5796050,1
5797012,1
5797974,0
5798935,0
5799898,0
5800860,0
5801822,1
5802784,1
5803745,0
5804708,0
5805670,0
5806632,0
5807594,1
5808555,1
5809518,0
5810480,0
5811442,0
5812404,0
5813365,1
5814328,1
5815290,0
5816251,0
5817214,0
5818175,0
5819138,1
5820100,1
5821061,0
5822024,0
5822986,0
5823948,0
5824910,1
5825871,1
5826834,1
5827796,0
5828758,0
5829720,0
5830681,1
5831644,1
5832606,1
5833568,0
5834530,0
5835491,0
5836454,1
5837416,1
5838378,1
5839340,0
5840301,0
5841264,0
5842226,1
5843188,1
5844150,1
5845111,0
5846074,0
5847036,0
5847998,1
5848960,1
5849921,1
5850884,0
5851846,0
5852808,0
5853770,1
5854731,1
5855694,1
5856656,0
5857618,0
5858580,0
5859541,1
5860504,1
5861466,1
5862427,0
5863390,0
5864351,0
5865314,1
5866276,1
5867237,1
5868200,0
5869162,0
5870124,0
5871086,1
5872047,1
5873010,1
5873972,0
5874934,0
5875896,0
5876857,1
5877820,1
5878782,1
5879744,0
5880706,0
5881667,0
5882630,0
5883592,1
5884554,1
5885516,0
5886477,0
5887440,0
5888402,0
5889364,1
5890326,1
5891287,0
5892250,0
5893212,0
5894174,0
5895136,1
5896097,1
5897060,0
5898022,0
5898984,0
5899946,0
5900907,1
5901870,1
5902832,0
5903794,0
5904756,0
5905717,0
5906680,1
5907642,1
5908603,0
5909566,0
5910527,0
5911490,0
5912452,1
5913413,1
5914376,0
5915338,0
5916300,0
5917262,0
5918223,1
5919186,1
5920148,0
5921110,0
5922072,0
5923033,0
5923996,1
5924958,1
5925920,1
5926882,0
5927843,0
5928806,0
5929768,1
5930730,1
5931692,1
5932653,0
5933616,0
5934578,0
5935540,1
5936502,1
5937463,1
5938426,0
5939388,0
5940350,0
5941312,1
5942273,1
5943236,1
5944198,0
5945160,0
5946122,0
5947083,1
5948046,1
5949008,1
5949970,0
5950932,0
5951893,0
5952856,1
5953818,1
5954779,1
5955742,0
5956704,0
5957666,0
5958628,1
5959589,1
5960552,1
5961514,0
5962476,0
5963438,0
5964399,1
5965362,1
5966324,1
5967286,0
5968248,0
5969209,0
5970172,1
5971134,1
5972096,1
5973058,0
5974019,0
5974982,0
5975944,1
5976906,1
5977868,1
5978829,0
5979792,0
5980754,0
5981716,0
5982678,1
5983639,1
5984602,0
5985564,0
5986526,0
5987488,0
5988449,1
5989412,1
5990374,0
5991336,0
5992298,0
5993259,0
5994222,1
5995184,1
5996145,0
5997108,0
5998069,0
5999032,0
5999994,1
6000955,1
6001918,0
6002880,0
6003842,0
6004804,0
6005765,1
6006728,1
6007690,0
6008652,0
6009614,0
6010575,0
6011538,1
6012500,1
6013462,0
6014424,0
6015385,0
6016348,0
6017310,1
6018272,1
6019234,0
6020195,0
6021158,0
6022120,0
6023082,1
6024044,1
6025005,1
6025968,0
6026930,0
6027892,0
6028854,1
6029815,1
6030778,1
6031740,0
6032702,0
6033664,0
6034625,1
6035588,1
6036550,1
6037512,0
6038474,0
6039435,0
6040398,1
6041360,1
6042321,1
6043284,0
6044245,0
6045208,0
6046170,1
6047131,1
6048094,1
6049056,0
6050018,0
6050980,0
6051941,1
6052904,1
6053866,1
6054828,0
6055790,0
6056751,0
6057714,1
6058676,1
6059638,1
6060600,0
6061561,0
6062524,0
6063486,1
6064448,1
6065410,1
6066371,0
6067334,0
6068296,0
6069258,1
6070220,1
6071181,1
6072144,0
6073106,0
6074068,0
6075030,1
6075991,1
6076954,1
6077916,0
6078878,0
6079840,0
6080801,1
6081764,1
6082726,1
6083688,0
6084650,0
6085611,0
6086574,0
6087536,1
6088497,1
6089460,0
6090421,0
6091384,0
6092346,0
6093307,1
6094270,1
6095232,0
6096194,0
6097156,0
6098117,0
6099080,1
6100042,1
6101004,0
6101966,0
6102927,0
6103890,0
6104852,1
6105814,1
6106776,0
6107737,0
6108700,0
6109662,0
6110624,1
6111586,1
6112547,0
6113510,0
6114472,0
6115434,0
6116396,1
6117357,1
6118320,0
6119282,0
6120244,0
6121206,0
6122167,1
6123130,1
6124092,1
6125054,0
6126016,0
6126977,0
6127940,1
6128902,1
6129864,1
6130826,0
6131787,0
6132750,0
6133712,1
6134673,1
6135636,1
6136597,0
6137560,0
6138522,0
6139483,1
6140446,1
6141408,1
6142370,0
6143332,0
6144293,0
6145256,1
6146218,1
6147180,1
6148142,0
6149103,0
6150066,0
6151028,1
6151990,1
6152952,1
6153913,0
6154876,0
6155838,0
6156800,1
6157762,1
6158723,1
6159686,0
6160648,0
6161610,0
6162572,1
6163533,1
6164496,1
6165458,0
6166420,0
6167382,0
6168343,1
6169306,1
6170268,1
6171230,0
6172192,0
6173153,0
6174116,1
6175078,1
6176039,1
6177002,0
6177963,0
6178926,0
6179888,1
6180849,1
6181812,1
6182774,0
6183736,0
6184698,0
6185659,0
6186622,1
6187584,1
6188546,0
6189508,0
6190469,0
6191432,0
6192394,1
6193356,1
6194318,0
6195279,0
6196242,0
6197204,0
6198166,1
6199128,1
6200089,0
6201052,0
6202014,0
6202976,0
6203938,1
6204899,1
6205862,0
6206824,0
6207786,0
6208748,0
6209709,1
6210672,1
6211634,0
6212596,0
6213558,0
6214519,0
6215482,1
6216444,1
6217406,0
6218368,0
6219329,0
6220292,0
6221254,1
6222215,1
6223178,1
6224139,0
6225102,0
6226064,0
6227025,1
6227988,1
6228950,1
6229912,0
6230874,0
6231835,0
6232798,1
6233760,1
6234722,1
6235684,0
6236645,0
6237608,0
6238570,1
6239532,1
6240494,1
6241455,0
6242418,0
6243380,0
6244342,1
6245304,1
6246265,1
6247228,0
6248190,0
6249152,0
6250114,1
6251075,1
6252038,1
6253000,0
6253962,0
6254924,0
6255885,1
6256848,1
6257810,1
6258772,0
6259734,0
6260695,0
6261658,1
6262620,1
6263582,1
6264544,0
6265505,0
6266468,0
6267430,1
6268391,1
6269354,1
6270315,0
6271278,0
6272240,0
6273201,1
6274164,1
6275126,1
6276088,0
6277050,0
6278011,0
6278974,1
6279936,1
6280898,1
6281860,0
6282821,0
6283784,0
6284746,0
6285708,1
6286670,1
6287631,0
6288594,0
6289556,0
6290518,0
6291480,1
6292441,1
6293404,0
6294366,0
6295328,0
6296290,0
6297251,1
6298214,1
6299176,0
6300138,0
6301100,0
6302061,0
6303024,1
6303986,1
6304948,0
6305910,0
6306871,0
6307834,0
6308796,1
6309757,1
6310720,0
6311681,0
6312644,0
6313606,0
6314567,1
6315530,1
6316491,0
6317454,0
6318416,0
6319377,0
6320340,1
6321302,1
6322264,0
6323226,0
6324187,0
6325150,0
6326112,1
6327074,1
6328036,1
6328997,0
6329960,0
6330922,0
6331884,1
6332846,1
6333807,1
6334770,0
6335732,0
6336694,0
6337656,1
6338617,1
6339580,1
6340542,0
6341504,0
6342466,0
6343427,1
6344390,1
6345352,1
6346314,0
6347276,0
6348237,0
6349200,1
6350162,1
6351124,1
6352086,0
6353047,0
6354010,0
6354972,1
6355933,1
6356896,1
6357857,0
6358820,0
6359782,0
6360743,1
6361706,1
6362667,1
6363630,0
6364592,0
6365553,0
6366516,1
6367478,1
6368440,1
6369402,0
6370363,0
6371326,0
6372288,1
6373250,1
6374212,1
6375173,0
6376136,0
6377098,0
6378060,1
6379022,1
6379983,1
6380946,0
6381908,0
6382870,0
6383832,1
6384793,1
6385756,1
6386718,0
6387680,0
6388642,0
6389603,0
6390566,1
6391528,1
6392490,0
6393452,0
6394413,0
6395376,0
6396338,1
6397300,1
6398262,0
6399223,0
6400186,0
6401148,0
6402109,1
6403072,1
6404033,0
6404996,0
6405958,0
6406919,0
6407882,1
6408844,1
6409806,0
6410768,0
6411729,0
6412692,0
6413654,1
6414616,1
6415578,0
6416539,0
6417502,0
6418464,0
6419426,1
6420388,1
6421349,0
6422312,0
6423274,0
6424236,0
6425198,1
6426159,1
6427122,0
6428084,0
6429046,0
6430008,0
6430969,1
6431932,1
6432894,1
6433856,0
6434818,0
6435779,0
6436742,1
6437704,1
6438666,1
6439628,0
6440589,0
6441552,0
6442514,1
6443476,1
6444438,1
6445399,0
6446362,0
6447324,0
6448285,1
6449248,1
6450209,1
6451172,0
6452134,0
6453095,0
6454058,1
6455020,1
6455982,1
6456944,0
6457905,0
6458868,0
6459830,1
6460792,1
6461754,1
6462715,0
6463678,0
6464640,0
6465602,1
6466564,1
6467525,1
6468488,0
6469450,0
6470412,0
6471374,1
6472335,1
6473298,1
6474260,0
6475222,0
6476184,0
6477145,1
6478108,1
6479070,1
6480032,0
6480994,0
6481955,0
6482918,1
6483880,1
6484842,1
6485804,0
6486765,0
6487728,0
6488690,1
6489651,1
6490614,1
6491575,0
6492538,0
6493500,0
6494461,0
6495424,1
6496385,1
6497348,0
6498310,0
6499271,0
6500234,0
6501196,1
6502158,1
6503120,0
6504081,0
6505044,0
6506006,0
6506968,1
6507930,1
6508891,0
6509854,0
6510816,0
6511778,0
6512740,1
6513701,1
6514664,0
6515626,0
6516588,0
6517550,0
6518511,1
6519474,1
6520436,0
6521398,0
6522360,0
6523321,0
6524284,1
6525246,1
6526208,0
6527170,0
6528131,0
6529094,0
6530056,1
6531018,1
6531980,1
6532941,0
6533904,0
6534866,0
6535827,1
6536790,1
6537751,1
6538714,0
6539676,0
6540637,0
6541600,1
6542561,1
6543524,1
6544486,0
6545447,0
6546410,0
6547372,1
6548334,1
6549296,1
6550257,0
6551220,0
6552182,0
6553144,1
6554106,1
6555067,1
6556030,0
6556992,0
6557954,0
6558916,1
6559877,1
6560840,1
6561802,0
6562764,0
6563726,0
6564687,1
6565650,1
6566612,1
6567574,0
6568536,0
6569497,0
6570460,1
6571422,1
6572384,1
6573346,0
6574307,0
6575270,0
6576232,1
6577194,1
6578156,1
6579117,0
6580080,0
6581042,0
6582003,1
6582966,1
6583927,1
6584890,0
6585852,0
6586813,0
6587776,1
6588737,1
6589700,1
6590662,0
6591623,0
6592586,0
6593548,1
6594510,1
6595472,1
6596433,0
6597396,0
6598358,0
6599320,0
6600282,1
6601243,1
6602206,0
6603168,0
6604130,0
6605092,0
6606053,1
6607016,1
6607978,0
6608940,0
6609902,0
6610863,0
6611826,1
6612788,1
6613750,0
6614712,0
6615673,0
6616636,0
6617598,1
6618560,1
6619522,0
6620483,0
6621446,0
6622408,0
6623370,1
6624332,1
6625293,0
6626256,0
6627218,0
6628179,0
6629142,1
6630103,1
6631066,0
6632028,0
6632989,0
6633952,0
6634913,1
6635876,1
6636838,1
6637799,0
6638762,0
6639724,0
6640686,1
6641648,1
6642609,1
6643572,0
6644534,0
6645496,0
6646458,1
6647419,1
6648382,1
6649344,0
6650306,0
6651268,0
6652229,1
6653192,1
6654154,1
6655116,0
6656078,0
6657039,0
6658002,1
6658964,1
6659926,1
6660888,0
6661849,0
6662812,0
6663774,1
6664736,1
6665698,1
6666659,0
6667622,0
6668584,0
6669545,1
6670508,1
6671469,1
6672432,0
6673394,0
6674355,0
6675318,1
6676279,1
6677242,1
6678204,0
6679165,0
6680128,0
6681090,1
6682052,1
6683014,1
6683975,0
6684938,0
6685900,0
6686862,1
6687824,1
6688785,1
6689748,0
6690710,0
6691672,0
6692634,1
6693595,1
6694558,1
6695520,0
6696482,0
6697444,0
6698405,0
6699368,1
6700330,1
6701292,0
6702254,0
6703215,0
6704178,0
6705140,1
6706102,1
6707064,0
6708025,0
6708988,0
6709950,0
6710912,1
6711874,1
6712835,0
6713798,0
6714760,0
6715721,0
6716684,1
6717645,1
6718608,0
6719570,0
6720531,0
6721494,0
6722455,1
6723418,1
6724380,0
6725341,0
6726304,0
6727266,0
6728228,1
6729190,1
6730151,0
6731114,0
6732076,0
6733038,0
6734000,1
6734961,1
6735924,0
6736886,0
6737848,0
6738810,0
6739771,1
6740734,1
6741696,1
6742658,0
6743620,0
6744581,0
6745544,1
6746506,1
6747468,1
6748430,0
6749391,0
6750354,0
6751316,1
6752278,1
6753240,1
6754201,0
6755164,0
6756126,0
6757088,1
6758050,1
6759011,1
6759974,0
6760936,0
6761897,0
6762860,1
6763821,1
6764784,1
6765746,0
6766707,0
6767670,0
6768631,1
6769594,1
6770556,1
6771517,0
6772480,0
6773442,0
6774404,1
6775366,1
6776327,1
6777290,0
6778252,0
6779214,0
6780176,1
6781137,1
6782100,1
6783062,0
6784024,0
6784986,0
6785947,1
6786910,1
6787872,1
6788834,0
6789796,0
6790757,0
6791720,1
6792682,1
6793644,1
6794606,0
6795567,0
6796530,0
6797492,1
6798454,1
6799416,1
6800377,0
6801340,0
6802302,0
6803263,0
6804226,1
6805187,1
6806150,0
6807112,0
6808073,0
6809036,0
6809997,1
6810960,1
6811922,0
6812883,0
6813846,0
6814807,0
6815770,1
6816732,1
6817693,0
6818656,0
6819618,0
6820580,0
6821542,1
6822503,1
6823466,0
6824428,0
6825390,0
6826352,0
6827313,1
6828276,1
6829238,0
6830200,0
6831162,0
6832123,0
6833086,1
6834048,1
6835010,0
6835972,0
6836933,0
6837896,0
6838858,1
6839820,1
6840782,0
6841743,0
6842706,0
6843668,0
6844630,1
6845592,1
6846553,1
6847516,0
6848478,0
6849439,0
6850402,1
6851363,1
6852326,1
6853288,0
6854249,0
6855212,0
6856173,1
6857136,1
6858098,1
6859059,0
6860022,0
6860983,0
6861946,1
6862908,1
6863869,1
6864832,0
6865794,0
6866756,0
6867718,1
6868679,1
6869642,1
6870604,0
6871566,0
6872528,0
6873489,1
6874452,1
6875414,1
6876376,0
6877338,0
6878299,0
6879262,1
6880224,1
6881186,1
6882148,0
6883109,0
6884072,0
6885034,1
6885996,1
6886958,1
6887919,0
6888882,0
6889844,0
6890806,1
6891768,1
6892729,1
6893692,0
6894654,0
6895615,0
6896578,1
6897539,1
6898502,1
6899464,0
6900425,0
6901388,0
6902349,1
6903312,1
6904274,1
6905235,0
6906198,0
6907160,0
6908122,0
6909084,1
6910045,1
6911008,0
6911970,0
6912932,0
6913894,0
6914855,1
6915818,1
6916780,0
6917742,0
6918704,0
6919665,0
6920628,1
6921590,1
6922552,0
6923514,0
6924475,0
6925438,0
6926400,1
6927362,1
6928324,0
6929285,0
6930248,0
6931210,0
6932172,1
6933134,1
6934095,0
6935058,0
6936020,0
6936982,0
6937944,1
6938905,1
6939868,0
6940830,0
6941791,0
6942754,0
6943715,1
6944678,1
6945640,0
6946601,0
6947564,0
6948525,0
6949488,1
6950450,1
6951411,1
6952374,0
6953336,0
6954298,0
6955260,1
6956221,1
6957184,1
6958146,0
6959108,0
6960070,0
6961031,1
6961994,1
6962956,1
6963918,0
6964880,0
6965841,0
6966804,1
6967766,1
6968728,1
6969690,0
6970651,0
6971614,0
6972576,1
6973538,1
6974500,1
6975461,0
6976424,0
6977386,0
6978348,1
6979310,1
6980271,1
6981234,0
6982196,0
6983157,0
6984120,1
6985081,1
6986044,1
6987006,0
6987967,0
6988930,0
6989891,1
6990854,1
6991816,1
6992777,0
6993740,0
6994701,0
6995664,1
6996626,1
6997587,1
6998550,0
6999512,0
7000474,0
7001436,1
7002397,1
7003360,1
7004322,0
7005284,0
7006246,0
7007207,1
7008170,1
7009132,1
7010094,0
7011056,0
7012017,0
7012980,0
7013942,1
7014904,1
7015866,0
7016827,0
7017790,0
7018752,0
7019714,1
7020676,1
7021637,0
7022600,0
7023562,0
7024524,0
7025486,1
7026447,1
7027410,0
7028372,0
7029333,0
7030296,0
7031257,1
7032220,1
7033182,0
7034143,0
7035106,0
7036067,0
7037030,1
7037992,1
7038953,0
7039916,0
7040877,0
7041840,0
7042802,1
7043763,1
7044726,0
7045688,0
7046650,0
7047612,0
7048573,1
7049536,1
7050498,0
7051460,0
7052422,0
7053383,0
7054346,1
7055308,1
7056270,1
7057232,0
7058193,0
7059156,0
7060118,1
7061080,1
7062042,1
7063003,0
7063966,0
7064928,0
7065890,1
7066852,1
7067813,1
7068776,0
7069738,0
7070700,0
7071662,1
7072623,1
7073586,1
7074548,0
7075509,0
7076472,0
7077433,1
7078396,1
7079358,1
7080319,0
7081282,0
7082243,0
7083206,1
7084168,1
7085129,1
7086092,0
7087053,0
7088016,0
7088978,1
7089939,1
7090902,1
7091864,0
7092826,0
7093788,0
7094749,1
7095712,1
7096674,1
7097636,0
7098598,0
7099559,0
7100522,1
7101484,1
7102446,1
7103408,0
7104369,0
7105332,0
7106294,1
7107256,1
7108218,1
7109179,0
7110142,0
7111104,0
7112066,1
7113028,1
7113989,1
7114952,0
7115914,0
7116876,0
7117838,0
7118799,1
7119762,1
7120724,0
7121685,0
7122648,0
7123609,0
7124572,1
7125534,1
7126495,0
7127458,0
7128419,0
7129382,0
7130344,1
7131305,1
7132268,0
7133229,0
7134192,0
7135154,0
7136115,1
7137078,1
7138040,0
7139002,0
7139964,0
7140925,0
7141888,1
7142850,1
7143812,0
7144774,0
7145735,0
7146698,0
7147660,1
7148622,1
7149584,0
7150545,0
7151508,0
7152470,0
7153432,1
7154394,1
7155355,0
7156318,0
7157280,0
7158242,0
7159204,1
7160165,1
7161128,1
7162090,0
7163051,0
7164014,0
7164975,1
7165938,1
7166900,1
7167861,0
7168824,0
7169785,0
7170748,1
7171710,1
7172671,1
7173634,0
7174595,0
7175558,0
7176520,1
7177481,1
7178444,1
7179406,0
7180368,0
7181330,0
7182291,1
7183254,1
7184216,1
7185178,0
7186140,0
7187101,0
7188064,1
7189026,1
7189988,1
7190950,0
7191911,0
7192874,0
7193836,1
7194798,1
7195760,1
7196721,0
7197684,0
7198646,0
7199608,1
7200570,1
7201531,1
7202494,0
7203456,0
7204418,0
7205380,1
7206341,1
7207304,1
7208266,0
7209227,0
7210190,0
7211151,1
7212114,1
7213076,1
7214037,0
7215000,0
7215961,0
7216924,1
7217886,1
7218847,1
7219810,0
7220771,0
7221734,0
7222696,1
7223657,1
7224620,1
7225582,0
7226544,0
7227506,0
7228467,0
7229430,1
7230392,1
7231354,0
7232316,0
7233277,0
7234240,0
7235202,1
7236164,1
7237126,0
7238087,0
7239050,0
7240012,0
7240974,1
7241936,1
7242897,0
7243860,0
7244822,0
7245784,0
7246746,1
7247707,1
7248670,0
7249632,0
7250594,0
7251556,0
7252517,1
7253480,1
7254442,0
7255403,0
7256366,0
7257327,0
7258290,1
7259252,1
7260213,0
7261176,0
7262137,0
7263100,0
7264062,1
7265023,1
7265986,1
7266947,0
7267910,0
7268872,0
7269833,1
7270796,1
7271758,1
7272720,0
7273682,0
7274643,0
7275606,1
7276568,1
7277530,1
7278492,0
7279453,0
7280416,0
7281378,1
7282340,1
7283302,1
7284263,0
7285226,0
7286188,0
7287150,1
7288112,1
7289073,1
7290036,0
7290998,0
7291960,0
7292922,1
7293883,1
7294846,1
7295808,0
7296769,0
7297732,0
7298693,1
7299656,1
7300618,1
7301579,0
7302542,0
7303503,0
7304466,1
7305428,1
7306389,1
7307352,0
7308313,0
7309276,0
7310238,1
7311199,1
7312162,1
7313123,0
7314086,0
7315048,0
7316009,1
7316972,1
7317934,1
7318896,0
7319858,0
7320819,0
7321782,1
7322744,1
7323706,1
7324668,0
7325629,0
7326592,0
7327554,1
7328516,1
7329478,1
7330439,0
7331402,0
7332364,0
7333326,0
7334288,1
7335249,1
7336212,0
7337174,0
7338136,0
7339098,0
7340059,1
7341022,1
7341984,0
7342945,0
7343908,0
7344869,0
7345832,1
7346794,1
7347755,0
7348718,0
7349679,0
7350642,0
7351604,1
7352565,1
7353528,0
7354489,0
7355452,0
7356414,0
7357375,1
7358338,1
7359299,0
7360262,0
7361224,0
7362185,0
7363148,1
7364110,1
7365072,0
7366034,0
7366995,0
7367958,0
7368920,1
7369882,1
7370844,1
7371805,0
7372768,0
7373730,0
7374692,1
7375654,1
7376615,1
7377578,0
7378540,0
7379502,0
7380464,1
7381425,1
7382388,1
7383350,0
7384312,0
7385274,0
7386235,1
7387198,1
7388160,1
7389121,0
7390084,0
7391045,0
7392008,1
7392970,1
7393931,1
7394894,0
7395855,0
7396818,0
7397780,1
7398741,1
7399704,1
7400665,0
7401628,0
7402590,0
7403551,1
7404514,1
7405476,1
7406438,0
7407400,0
7408361,0
7409324,1
7410286,1
7411248,1
7412210,0
7413171,0
7414134,0
7415096,1
7416058,1
7417020,1
7417981,0
7418944,0
7419906,0
7420868,1
7421830,1
7422791,1
7423754,0
7424716,0
7425678,0
7426640,1
7427601,1
7428564,1
7429526,0
7430488,0
7431450,0
7432411,1
7433374,1
7434336,1
7435297,0
7436260,0
7437221,0
7438184,0
7439146,1
7440107,1
7441070,0
7442031,0
7442994,0
7443956,0
7444917,1
7445880,1
7446841,0
7447804,0
7448766,0
7449727,0
7450690,1
7451652,1
7452614,0
7453576,0
7454537,0
7455500,0
7456462,1
7457424,1
7458386,0
7459347,0
7460310,0
7461272,0
7462234,1
7463196,1
7464157,0
7465120,0
7466082,0
7467044,0
7468006,1
7468967,1
7469930,0
7470892,0
7471854,0
7472816,0
7473777,1
7474740,1
7475702,0
7476663,0
7477626,0
7478587,0
7479550,1
7480512,1
7481473,1
7482436,0
7483397,0
7484360,0
7485322,1
7486283,1
7487246,1
7488207,0
7489170,0
7490132,0
7491093,1
7492056,1
7493017,1
7493980,0
7494942,0
7495903,0
7496866,1
7497828,1
7498790,1
7499752,0
7500713,0
7501676,0
7502638,1
7503600,1
7504562,1
7505523,0
7506486,0
7507448,0
7508410,1
7509372,1
7510333,1
7511296,0
7512258,0
7513220,0
7514182,1
7515143,1
7516106,1
7517068,0
7518030,0
7518992,0
7519953,1
7520916,1
7521878,1
7522839,0
7523802,0
7524763,0
7525726,1
7526688,1
7527649,1
7528612,0
7529573,0
7530536,0
7531498,1
7532459,1
7533422,1
7534383,0
7535346,0
7536308,0
7537269,1
7538232,1
7539193,1
7540156,0
7541118,0
7542079,0
7543042,0
7544004,1
7544966,1
7545928,0
7546889,0
7547852,0
7548814,0
7549776,1
7550738,1
7551699,0
7552662,0
7553624,0
7554586,0
7555548,1
7556509,1
7557472,0
7558434,0
7559396,0
7560358,0
7561319,1
7562282,1
7563244,0
7564206,0
7565168,0
7566129,0
7567092,1
7568054,1
7569015,0
7569978,0
7570939,0
7571902,0
7572864,1
7573825,1
7574788,0
7575749,0
7576712,0
7577674,0
7578635,1
7579598,1
7580559,0
7581522,0
7582484,0
7583445,0
7584408,1
7585369,1
7586332,1
7587294,0
7588255,0
7589218,0
7590180,1
7591142,1
7592104,1
7593065,0
7594028,0
7594990,0
7595952,1
7596914,1
7597875,1
7598838,0
7599800,0
7600762,0
7601724,1
7602685,1
7603648,1
7604610,0
7605572,0
7606534,0
7607495,1
7608458,1
7609420,1
7610382,0
7611344,0
7612305,0
7613268,1
7614230,1
7615191,1
7616154,0
7617115,0
7618078,0
7619040,1
7620001,1
7620964,1
7621925,0
7622888,0
7623850,0
7624811,1
7625774,1
7626735,1
7627698,0
7628660,0
7629621,0
7630584,1
7631545,1
7632508,1
7633470,0
7634431,0
7635394,0
7636356,1
7637318,1
7638280,1
7639241,0
7640204,0
7641166,0
7642128,1
7643090,1
7644051,1
7645014,0
7645976,0
7646938,0
7647900,0
7648861,1
7649824,1
7650786,0
7651748,0
7652710,0
7653671,0
7654634,1
7655596,1
7656557,0
7657520,0
7658481,0
7659444,0
7660406,1
7661367,1
7662330,0
7663291,0
7664254,0
7665216,0
7666177,1
7667140,1
7668101,0
7669064,0
7670026,0
7670987,0
7671950,1
7672911,1
7673874,0
7674836,0
7675797,0
7676760,0
7677722,1
7678684,1
7679646,0
7680607,0
7681570,0
7682532,0
7683494,1
7684456,1
7685417,0
7686380,0
7687342,0
7688304,0
7689266,1
7690227,1
7691190,1
7692152,0
7693114,0
7694076,0
7695037,1
7696000,1
7696962,1
7697924,0
7698886,0
7699847,0
7700810,1
7701772,1
7702733,1
7703696,0
7704657,0
7705620,0
7706582,1
7707543,1
7708506,1
7709467,0
7710430,0
7711392,0
7712353,1
7713316,1
7714277,1
7715240,0
7716202,0
7717163,0
7718126,1
7719087,1
7720050,1
7721012,0
7721973,0
7722936,0
7723898,1
7724860,1
7725822,1
7726783,0
7727746,0
7728708,0
7729670,1
7730632,1
7731593,1
7732556,0
7733518,0
7734480,0
7735442,1
7736403,1
7737366,1
7738328,0
7739290,0
7740252,0
7741213,1
7742176,1
7743138,1
7744100,0
7745062,0
7746023,0
7746986,1
7747948,1
7748909,1
7749872,0
7750833,0
7751796,0
7752758,0
7753719,1
7754682,1
7755643,0
7756606,0
7757568,0
7758529,0
7759492,1
7760453,1
7761416,0
7762378,0
7763339,0
7764302,0
7765263,1
7766226,1
7767188,0
7768149,0
7769112,0
7770074,0
7771036,1
7771998,1
7772959,0
7773922,0
7774884,0
7775846,0
7776808,1
7777769,1
7778732,0
7779694,0
7780656,0
7781618,0
7782579,1
7783542,1
7784504,0
7785466,0
7786428,0
7787389,0
7788352,1
7789314,1
7790276,0
7791238,0
7792199,0
7793162,0
7794124,1
7795085,1
7796048,1
7797009,0
7797972,0
7798934,0
7799895,1
7800858,1
7801819,1
7802782,0
7803744,0
7804705,0
7805668,1
7806629,1
7807592,1
7808554,0
7809515,0
7810478,0
7811439,1
7812402,1
7813364,1
7814325,0
7815288,0
7816250,0
7817212,1
7818174,1
7819135,1
7820098,0
7821060,0
7822022,0
7822984,1
7823945,1
7824908,1
7825870,0
7826832,0
7827794,0
7828755,1
7829718,1
7830680,1
7831642,0
7832604,0
7833565,0
7834528,1
7835490,1
7836451,1
7837414,0
7838375,0
7839338,0
7840300,1
7841261,1
7842224,1
7843185,0
7844148,0
7845110,0
7846071,1
7847034,1
7847995,1
7848958,0
7849920,0
7850881,0
7851844,1
7852805,1
7853768,1
7854730,0
7855691,0
7856654,0
7857615,0
7858578,1
7859540,1
7860501,0
7861464,0
7862426,0
7863388,0
7864350,1
7865311,1
7866274,0
7867236,0
7868198,0
7869160,0
7870121,1
7871084,1
7872046,0
7873008,0
7873970,0
7874931,0
7875894,1
7876856,1
7877818,0
7878780,0
7879741,0
7880704,0
7881666,1
7882627,1
7883590,0
7884551,0
7885514,0
7886476,0
7887437,1
7888400,1
7889361,0
7890324,0
7891286,0
7892247,0
7893210,1
7894171,1
7895134,0
7896096,0
7897057,0
7898020,0
7898981,1
7899944,1
7900906,1
7901867,0
7902830,0
7903792,0
7904754,1
7905716,1
7906677,1
7907640,0
7908602,0
7909564,0
7910526,1
7911487,1
7912450,1
7913412,0
7914374,0
7915336,0
7916297,1
7917260,1
7918222,1
7919184,0
7920146,0
7921107,0
7922070,1
7923032,1
7923994,1
7924956,0
7925917,0
7926880,0
7927842,1
7928803,1
7929766,1
7930727,0
7931690,0
7932652,0
7933613,1
7934576,1
7935537,1
7936500,0
7937462,0
7938423,0
7939386,1
7940347,1
7941310,1
7942272,0
7943233,0
7944196,0
7945157,1
7946120,1
7947082,1
7948043,0
7949006,0
7949968,0
7950930,1
7951892,1
7952853,1
7953816,0
7954778,0
7955740,0
7956702,1
7957663,1
7958626,1
7959588,0
7960550,0
7961512,0
7962473,1
7963436,1
7964398,1
7965360,0
7966322,0
7967283,0
7968246,0
7969208,1
7970169,1
7971132,0
7972093,0
7973056,0
7974018,0
7974979,1
7975942,1
7976903,0
7977866,0
7978828,0
7979789,0
7980752,1
7981713,1
7982676,0
7983638,0
7984599,0
7985562,0
7986523,1
7987486,1
7988448,0
7989409,0
7990372,0
7991333,0
7992296,1
7993258,1
7994219,0
7995182,0
7996144,0
7997106,0
7998068,1
7999029,1
7999992,0
8000954,0
8001916,0
8002877,0
8003840,1
8004802,1
8005763,1
8006726,0
8007688,0
8008649,0
8009611,1
8010574,1
8011536,1
8012497,0
8013460,0
8014422,0
8015383,1
8016346,1
8017308,1
8018269,0
8019232,0
8020194,0
8021155,1
8022117,1
8023080,1
8024042,0
8025003,0
8025966,0
8026928,1
8027889,1
8028852,1
8029814,0
8030775,0
8031737,0
8032700,1
8033662,1
8034623,1
8035586,0
8036548,0
8037509,0
8038472,1
8039434,1
8040395,1
8041357,0
8042320,0
8043282,0
8044243,1
8045206,1
8046168,1
8047129,0
8048092,0
8049054,0
8050015,1
8050977,1
8051940,1
8052902,0
8053863,0
8054826,0
8055788,1
8056749,1
8057712,1
8058674,0
8059635,0
8060597,0
8061560,1
8062521,1
8063483,1
8064446,0
8065408,0
8066369,0
8067332,1
8068294,1
8069255,1
8070218,0
8071180,0
8072141,0
8073103,0
8074066,1
8075028,1
8075989,0
8076952,0
8077914,0
8078875,0
8079838,1
8080800,1
8081761,0
8082723,0
8083686,0
8084648,0
8085609,1
8086572,1
8087534,0
8088495,0
8089458,0
8090420,0
8091381,1
8092343,1
8093306,0
8094268,0
8095229,0
8096192,0
8097154,1
8098115,1
8099078,0
8100040,0
8101001,0
8101963,0
8102926,1
8103888,1
8104849,0
8105812,0
8106774,0
8107735,0
8108698,1
8109660,1
8110621,1
8111584,0
8112546,0
8113507,0
8114469,1
8115432,1
8116394,1
8117355,0
8118318,0
8119280,0
8120241,1
8121204,1
8122166,1
8123127,0
8124089,0
8125052,0
8126014,1
8126975,1
8127938,1
8128900,0
8129861,0
8130824,0
8131786,1
8132747,1
8133709,1
8134672,0
8135634,0
8136595,0
8137558,1
8138520,1
8139481,1
8140444,0
8141406,0
8142367,0
8143329,1
8144292,1
8145254,1
8146215,0
8147178,0
8148140,0
8149101,1
8150064,1
8151026,1
8151987,0
8152950,0
8153912,0
8154873,1
8155835,1
8156798,1
8157760,0
8158721,0
8159684,0
8160646,1
8161607,1
8162570,1
8163532,0
8164493,0
8165455,0
8166418,1
8167380,1
8168341,1
8169304,0
8170266,0
8171227,0
8172190,1
8173152,1
8174113,1
8175075,0
8176038,0
8177000,0
8177961,0
8178924,1
8179886,1
8180847,0
8181810,0
8182772,0
8183733,0
8184695,1
8185658,1
8186620,0
8187581,0
8188544,0
8189506,0
8190467,1
8191430,1
8192392,0
8193353,0
8194315,0
8195278,0
8196239,1
8197201,1
8198164,0
8199126,0
8200087,0
8201050,0
8202012,1
8202973,1
8203936,0
8204898,0
8205859,0
8206821,0
8207784,1
8208746,1
8209707,0
8210670,0
8211632,0
8212593,0
8213556,1
8214518,1
8215479,0
8216441,0
8217404,0
8218366,0
8219327,1
8220290,1
8221252,1
8222213,0
8223176,0
8224138,0
8225099,1
8226061,1
8227024,1
8227986,0
8228947,0
8229910,0
8230872,1
8231833,1
8232796,1
8233758,0
8234719,0
8235681,0
8236644,1
8237606,1
8238567,1
8239530,0
8240492,0
8241453,0
8242416,1
8243378,1
8244339,1
8245302,0
8246264,0
8247225,0
8248187,1
8249150,1
8250112,1
8251073,0
8252036,0
8252998,0
8253959,1
8254922,1
8255884,1
8256845,0
8257807,0
8258770,0
8259732,1
8260693,1
8261656,1
8262618,0
8263579,0
8264542,0
8265504,1
8266465,1
8267427,1
8268390,0
8269352,0
8270313,0
8271276,1
8272238,1
8273199,1
8274162,0
8275124,0
8276085,0
8277047,1
8278010,1
8278972,1
8279933,0
8280896,0
8281858,0
8282819,0
8283782,1
8284744,1
8285705,0
8286667,0
8287630,0
8288591,0
8289553,1
8290516,1
8291478,0
8292439,0
8293402,0
8294364,0
8295325,1
8296288,1
8297250,0
8298211,0
8299173,0
8300136,0
8301098,1
8302059,1
8303022,0
8303984,0
8304945,0
8305908,0
8306870,1
8307831,1
8308793,0
8309756,0
8310718,0
8311679,0
8312642,1
8313604,1
8314565,0
8315528,0
8316490,0
8317451,0
8318413,1
8319376,1
8320338,0
8321299,0
8322262,0
8323224,0
8324185,1
8325148,1
8326110,1
8327071,0
8328033,0
8328996,0
8329957,1
8330919,1
8331882,1
8332844,0
8333805,0
8334768,0
8335730,1
8336691,1
8337654,1
8338616,0
8339577,0
8340539,0
8341502,1
8342464,1
8343425,1
8344388,0
8345350,0
8346311,0
8347274,1
8348236,1
8349197,1
8350159,0
8351122,0
8352084,0
8353045,1
8354008,1
8354970,1
8355931,0
8356894,0
8357856,0
8358817,1
8359779,1
8360742,1
8361704,0
8362665,0
8363628,0
8364590,1
8365551,1
8366514,1
8367476,0
8368437,0
8369399,0
8370362,1
8371324,1
8372285,1
8373248,0
8374210,0
8375171,0
8376134,1
8377096,1
8378057,1
8379020,0
8379982,0
8380943,0
8381905,1
8382868,1
8383830,1
8384791,0
8385754,0
8386716,0
8387677,0
8388640,1
8389602,1
8390564,0
8391525,0
8392488,0
8393450,0
8394412,1
8395374,1
8396336,0
8397298,0
8398260,0
8399222,0
8400184,1
8401145,1
8402108,0
8403070,0
8404031,0
8404994,0
8405956,1
8406918,1
8407880,0
8408842,0
8409804,0
8410765,0
8411728,1
8412690,1
8413651,0
8414614,0
8415576,0
8416538,0
8417500,1
8418462,1
8419424,0
8420385,0
8421348,0
8422310,0
8423271,1
8424234,1
8425196,0
8426158,0
8427120,0
8428082,0
8429044,1
8430006,1
8430968,1
8431930,0
8432891,0
8433854,0
8434816,1
8435778,1
8436740,1
8437702,0
8438664,0
8439626,0
8440588,1
8441550,1
8442511,1
8443474,0
8444436,0
8445398,0
8446360,1
8447322,1
8448284,1
8449246,0
8450208,0
8451170,0
8452131,1
8453094,1
8454056,1
8455017,0
8455980,0
8456942,0
8457904,1
8458866,1
8459828,1
8460790,0
8461751,0
8462714,0
8463676,1
8464637,1
8465600,1
8466562,0
8467524,0
8468486,0
8469448,1
8470410,1
8471372,1
8472334,0
8473296,0
8474257,0
8475220,1
8476182,1
8477144,1
8478106,0
8479068,0
8480030,0
8480992,1
8481954,1
8482916,1
8483877,0
8484840,0
8485802,0
8486764,1
8487726,1
8488688,1
8489650,0
8490612,0
8491574,0
8492536,0
8493497,1
8494460,1
8495422,0
8496383,0
8497346,0
8498308,0
8499270,1
8500232,1
8501194,0
8502156,0
8503117,0
8504080,0
8505042,1
8506003,1
8506966,0
8507928,0
8508890,0
8509852,0
8510814,1
8511776,1
8512737,0
8513700,0
8514662,0
8515623,0
8516586,1
8517548,1
8518510,0
8519472,0
8520434,0
8521396,0
8522358,1
8523320,1
8524282,0
8525243,0
8526206,0
8527168,0
8528130,1
8529092,1
8530054,0
8531016,0
8531978,0
8532940,0
8533902,1
8534863,1
8535826,1
8536788,0
8537749,0
8538712,0
8539674,1
8540636,1
8541598,1
8542560,0
8543522,0
8544483,0
8545446,1
8546408,1
8547369,1
8548332,0
8549294,0
8550256,0
8551218,1
8552180,1
8553142,1
8554103,0
8555066,0
8556028,0
8556989,1
8557952,1
8558914,1
8559876,0
8560838,0
8561800,0
8562762,1
8563724,1
8564686,1
8565648,0
8566609,0
8567572,0
8568534,1
8569496,1
8570458,1
8571420,0
8572382,0
8573344,0
8574306,1
8575268,1
8576229,1
8577192,0
8578154,0
8579116,0
8580078,1
8581040,1
8582002,1
8582964,0
8583926,0
8584888,0
8585849,1
8586812,1
8587774,1
8588735,0
8589698,0
8590660,0
8591622,1
8592584,1
8593546,1
8594508,0
8595469,0
8596432,0
8597394,1
8598355,1
8599318,1
8600280,0
8601242,0
8602204,0
8603166,0
8604128,1
8605089,1
8606052,0
8607014,0
8607975,0
8608938,0
8609900,1
8610862,1
8611824,0
8612786,0
8613748,0
8614710,0
8615672,1
8616634,1
8617595,0
8618558,0
8619520,0
8620482,0
8621444,1
8622406,1
8623368,0
8624330,0
8625292,0
8626254,0
8627215,1
8628178,1
8629140,0
8630101,0
8631064,0
8632026,0
8632988,1
8633950,1
8634912,0
8635874,0
8636835,0
8637798,0
8638760,1
8639721,1
8640684,1
8641646,0
8642608,0
8643570,0
8644532,1
8645494,1
8646455,1
8647418,0
8648380,0
8649341,0
8650304,1
8651266,1
8652228,1
8653190,0
8654152,0
8655114,0
8656076,1
8657038,1
8658000,1
8658961,0
8659924,0
8660886,0
8661848,1
8662810,1
8663772,1
8664734,0
8665696,0
8666658,0
8667620,1
8668581,1
8669544,1
8670506,0
8671467,0
8672430,0
8673392,1
8674354,1
8675316,1
8676278,0
8677240,0
8678201,0
8679164,1
8680126,1
8681087,1
8682050,0
8683012,0
8683974,0
8684936,1
8685898,1
8686860,1
8687821,0
8688784,0
8689746,0
8690707,1
8691670,1
8692632,1
8693594,0
8694556,0
8695518,0
8696480,1
8697442,1
8698404,1
8699366,0
8700327,0
8701290,0
8702252,1
8703214,1
8704176,1
8705138,0
8706100,0
8707062,0
8708024,0
8708986,1
8709947,1
8710910,0
8711872,0
8712834,0
8713796,0
8714758,1
8715720,1
8716682,0
8717644,0
8718606,0
8719567,0
8720530,1
8721492,1
8722453,0
8723416,0
8724378,0
8725340,0
8726302,1
8727264,1
8728226,0
8729187,0
8730150,0
8731112,0
8732073,1
8733036,1
8733998,0
8734960,0
8735922,0
8736884,0
8737846,1
8738807,1
8739770,0
8740732,0
8741693,0
8742656,0
8743618,1
8744580,1
8745542,0
8746504,0
8747466,0
8748428,0
8749390,1
8750352,1
8751313,1
8752276,0
8753238,0
8754200,0
8755162,1
8756124,1
8757086,1
8758048,0
8759010,0
8759972,0
8760933,1
8761896,1
8762858,1
8763819,0
8764782,0
8765744,0
8766706,1
8767668,1
8768630,1
8769592,0
8770553,0
8771516,0
8772478,1
8773439,1
8774402,1
8775364,0
8776326,0
8777288,0
8778250,1
8779212,1
8780173,1
8781136,0
8782098,0
8783059,0
8784022,1
8784984,1
8785946,1
8786908,0
8787870,0
8788832,0
8789794,1
8790756,1
8791718,1
8792679,0
8793642,0
8794604,0
8795566,1
8796528,1
8797490,1
8798452,0
8799414,0
8800376,0
8801338,1
8802299,1
8803262,1
8804224,0
8805186,0
8806148,0
8807110,1
8808072,1
8809034,1
8809996,0
8810958,0
8811919,0
8812882,0
8813844,1
8814805,1
8815768,0
8816730,0
8817692,0
8818654,0
8819616,1
8820578,1
8821539,0
8822502,0
8823464,0
8824425,0
8825388,1
8826350,1
8827312,0
8828274,0
8829236,0
8830198,0
8831159,1
8832122,1
8833084,0
8834045,0
8835008,0
8835970,0
8836932,1
8837894,1
8838856,0
8839818,0
8840780,0
8841742,0
8842704,1
8843665,1
8844628,0
8845590,0
8846552,0
8847514,0
8848476,1
8849438,1
8850400,0
8851362,0
8852324,0
8853285,0
8854248,1
8855210,1
8856171,1
8857134,0
8858096,0
8859058,0
8860020,1
8860982,1
8861944,1
8862905,0
8863868,0
8864830,0
8865791,1
8866754,1
8867716,1
8868678,0
8869640,0
8870602,0
8871564,1
8872525,1
8873488,1
8874450,0
8875411,0
8876374,0
8877336,1
8878298,1
8879260,1
8880222,0
8881184,0
8882146,0
8883108,1
8884070,1
8885031,1
8885994,0
8886956,0
8887918,0
8888880,1
8889842,1
8890804,1
8891766,0
8892728,0
8893690,0
8894651,1
8895614,1
8896576,1
8897537,0
8898500,0
8899462,0
8900424,1
8901386,1
8902348,1
8903310,0
8904271,0
8905234,0
8906196,1
8907157,1
8908120,1
8909082,0
8910044,0
8911006,0
8911968,1
8912930,1
8913891,1
8914854,0
8915816,0
8916777,0
8917740,0
8918702,1
8919664,1
8920626,0
8921588,0
8922550,0
8923512,0
8924474,1
8925436,1
8926397,0
8927360,0
8928322,0
8929284,0
8930246,1
8931208,1
8932170,0
8933132,0
8934094,0
8935056,0
8936017,1
8936980,1
8937942,0
8938904,0
8939866,0
8940828,0
8941790,1
8942752,1
8943714,0
8944676,0
8945637,0
8946600,0
8947562,1
8948523,1
8949486,0
8950448,0
8951410,0
8952372,0
8953334,1
8954296,1
8955257,0
8956220,0
8957182,0
8958143,0
8959106,1
8960068,1
8961030,1
8961992,0
8962954,0
8963916,0
8964877,1
8965840,1
8966802,1
8967763,0
8968726,0
8969688,0
8970650,1
8971612,1
8972574,1
8973536,0
8974498,0
8975460,0
8976422,1
8977383,1
8978346,1
8979308,0
8980270,0
8981232,0
8982194,1
8983156,1
8984118,1
8985080,0
8986042,0
8987003,0
8987966,1
8988928,1
8989889,1
8990852,0
8991814,0
8992776,0
8993738,1
8994700,1
8995662,1
8996623,0
8997586,0
8998548,0
8999509,1
9000472,1
9001434,1
9002396,0
9003358,0
9004320,0
9005282,1
9006243,1
9007206,1
9008168,0
9009129,0
9010092,0
9011054,1
9012016,1
9012978,1
9013940,0
9014902,0
9015864,0
9016826,1
9017788,1
9018749,1
9019712,0
9020674,0
9021636,0
9022598,0
9023560,1
9024522,1
9025484,0
9026446,0
9027408,0
9028369,0
9029332,1
9030294,1
9031255,0
9032218,0
9033180,0
9034142,0
9035104,1
9036066,1
9037028,0
9037989,0
9038952,0
9039914,0
9040875,1
9041838,1
9042800,0
9043762,0
9044724,0
9045686,0
9046648,1
9047609,1
9048572,0
9049534,0
9050495,0
9051458,0
9052420,1
9053382,1
9054344,0
9055306,0
9056268,0
9057229,0
9058192,1
9059154,1
9060115,0
9061078,0
9062040,0
9063002,0
9063964,1
9064926,1
9065888,1
9066850,0
9067812,0
9068774,0
9069735,1
9070698,1
9071660,1
9072622,0
9073584,0
9074546,0
9075508,1
9076470,1
9077432,1
9078394,0
9079355,0
9080318,0
9081280,1
9082241,1
9083204,1
9084166,0
9085128,0
9086090,0
9087052,1
9088014,1
9088975,1
9089938,0
9090900,0
9091861,0
9092824,1
9093786,1
9094748,1
9095710,0
9096672,0
9097634,0
9098595,1
9099558,1
9100520,1
9101481,0
9102444,0
9103406,0
9104368,1
9105330,1
9106292,1
9107254,0
9108216,0
9109178,0
9110140,1
9111101,1
9112064,1
9113026,0
9113988,0
9114950,0
9115912,1
9116874,1
9117836,1
9118798,0
9119760,0
9120721,0
9121684,1
9122646,1
9123607,1
9124570,0
9125532,0
9126494,0
9127456,1
9128418,1
9129380,1
9130341,0
9131304,0
9132266,0
9133227,0
9134190,1
9135152,1
9136114,0
9137076,0
9138038,0
9139000,0
9139961,1
9140924,1
9141886,0
9142847,0
9143810,0
9144772,0
9145734,1
9146696,1
9147658,0
9148620,0
9149582,0
9150544,0
9151506,1
9152467,1
9153430,0
9154392,0
9155354,0
9156316,0
9157278,1
9158240,1
9159202,0
9160164,0
9161126,0
9162087,0
9163050,1
9164012,1
9164973,0
9165936,0
9166898,0
9167860,0
9168822,1
9169784,1
9170746,1
9171707,0
9172670,0
9173632,0
9174593,1
9175556,1
9176518,1
9177480,0
9178442,0
9179404,0
9180366,1
9181327,1
9182290,1
9183252,0
9184213,0
9185176,0
9186138,1
9187100,1
9188062,1
9189024,0
9189986,0
9190947,0
9191910,1
9192872,1
9193833,1
9194796,0
9195758,0
9196720,0
9197682,1
9198644,1
9199606,1
9200568,0
9201530,0
9202492,0
9203453,1
9204416,1
9205378,1
9206340,0
9207302,0
9208264,0
9209226,1
9210188,1
9211150,1
9212112,0
9213073,0
9214036,0
9214998,1
9215959,1
9216922,1
9217884,0
9218846,0
9219808,0
9220770,1
9221732,1
9222693,1
9223656,0
9224618,0
9225579,0
9226542,1
9227504,1
9228466,1
9229428,0
9230390,0
9231352,0
9232313,1
9233276,1
9234238,1
9235199,0
9236162,0
9237124,0
9238086,0
9239048,1
9240010,1
9240972,0
9241934,0
9242896,0
9243858,0
9244819,1
9245782,1
9246744,0
9247706,0
9248668,0
9249630,0
9250592,1
9251554,1
9252516,0
9253478,0
9254439,0
9255402,0
9256364,1
9257325,1
9258288,0
9259250,0
9260212,0
9261174,0
9262136,1
9263098,1
9264059,0
9265022,0
9265984,0
9266945,0
9267908,1
9268870,1
9269832,0
9270794,0
9271756,0
9272718,0
9273679,1
9274642,1
9275604,1
9276565,0
9277528,0
9278490,0
9279452,1
9280414,1
9281376,1
9282338,0
9283299,0
9284262,0
9285224,1
9286185,1
9287148,1
9288110,0
9289072,0
9290034,0
9290996,1
9291958,1
9292920,1
9293882,0
9294844,0
9295805,0
9296768,1
9297730,1
9298692,1
9299654,0
9300616,0
9301578,0
9302540,1
9303502,1
9304464,1
9305425,0
9306388,0
9307350,0
9308311,1
9309274,1
9310236,1
9311198,0
9312160,0
9313122,0
9314084,1
9315045,1
9316008,1
9316970,0
9317931,0
9318894,0
9319856,1
9320818,1
9321780,1
9322742,0
9323704,0
9324665,0
9325628,1
9326590,1
9327551,1
9328514,0
9329476,0
9330438,0
9331400,1
9332362,1
9333324,1
9334286,0
9335248,0
9336210,0
9337171,1
9338134,1
9339096,1
9340058,0
9341020,0
9341982,0
9342944,0
9343906,1
9344868,1
9345830,0
9346791,0
9347754,0
9348716,0
9349677,1
9350640,1
9351602,0
9352564,0
9353526,0
9354488,0
9355450,1
9356411,1
9357374,0
9358336,0
9359297,0
9360260,0
9361222,1
9362184,1
9363146,0
9364108,0
9365070,0
9366031,0
9366994,1
9367956,1
9368917,0
9369880,0
9370842,0
9371804,0
9372766,1
9373728,1
9374690,0
9375652,0
9376614,0
9377576,0
9378537,1
9379500,1
9380462,0
9381424,0
9382386,0
9383348,0
9384310,1
9385272,1
9386234,1
9387196,0
9388157,0
9389120,0
9390082,1
9391043,1
9392006,1
9392968,0
9393930,0
9394892,0
9395854,1
9396816,1
9397777,1
9398740,0
9399702,0
9400663,0
9401626,1
9402588,1
9403550,1
9404512,0
9405474,0
9406436,0
9407397,1
9408360,1
9409322,1
9410283,0
9411246,0
9412208,0
9413170,1
9414132,1
9415094,1
9416056,0
9417017,0
9417980,0
9418942,1
9419903,1
9420866,1
9421828,0
9422790,0
9423752,0
9424714,1
9425676,1
9426638,1
9427600,0
9428562,0
9429523,0
9430486,1
9431448,1
9432410,1
9433372,0
9434334,0
9435296,0
9436258,1
9437220,1
9438182,1
9439143,0
9440106,0
9441068,0
9442029,1
9442992,1
9443954,1
9444916,0
9445878,0
9446840,0
9447802,0
9448763,1
9449726,1
9450688,0
9451649,0
9452612,0
9453574,0
9454536,1
9455498,1
9456460,0
9457422,0
9458383,0
9459346,0
9460308,1
9461269,1
9462232,0
9463194,0
9464156,0
9465118,0
9466080,1
9467042,1
9468004,0
9468966,0
9469928,0
9470889,0
9471852,1
9472814,1
9473776,0
9474738,0
9475700,0
9476662,0
9477624,1
9478586,1
9479548,0
9480509,0
9481472,0
9482434,0
9483395,1
9484358,1
9485320,0
9486282,0
9487244,0
9488206,0
9489168,1
9490129,1
9491092,1
9492054,0
9493015,0
9493978,0
9494940,1
9495902,1
9496864,1
9497826,0
9498788,0
9499749,0
9500712,1
9501674,1
9502635,1
9503598,0
9504560,0
9505522,0
9506484,1
9507446,1
9508408,1
9509369,0
9510332,0
9511294,0
9512255,1
9513218,1
9514180,1
9515142,0
9516104,0
9517066,0
9518028,1
9518990,1
9519952,1
9520914,0
9521875,0
9522838,0
9523800,1
9524761,1
9525724,1
9526686,0
9527648,0
9528610,0
9529572,1
9530534,1
9531495,1
9532458,0
9533420,0
9534381,0
9535344,1
9536306,1
9537268,1
9538230,0
9539192,0
9540154,0
9541115,1
9542078,1
9543040,1
9544001,0
9544964,0
9545926,0
9546888,1
9547850,1
9548812,1
9549774,0
9550735,0
9551698,0
9552660,0
9553621,1
9554584,1
9555546,0
9556508,0
9557470,0
9558432,0
9559394,1
9560356,1
9561318,0
9562280,0
9563241,0
9564204,0
9565166,1
9566128,1
9567090,0
9568052,0
9569014,0
9569976,0
9570938,1
9571900,1
9572861,0
9573824,0
9574786,0
9575747,0
9576710,1
9577672,1
9578634,0
9579596,0
9580558,0
9581520,0
9582481,1
9583444,1
9584406,0
9585367,0
9586330,0
9587292,0
9588254,1
9589216,1
9590178,0
9591140,0
9592101,0
9593064,0
9594026,1
9594987,1
9595950,1
9596912,0
9597874,0
9598836,0
9599798,1
9600760,1
9601721,1
9602684,0
9603646,0
9604607,0
9605570,1
9606532,1
9607494,1
9608456,0
9609418,0
9610380,0
9611342,1
9612304,1
9613266,1
9614227,0
9615190,0
9616152,0
9617113,1
9618076,1
9619038,1
9620000,0
9620962,0
9621924,0
9622886,1
9623847,1
9624810,1
9625772,0
9626733,0
9627696,0
9628658,1
9629620,1
9630582,1
9631544,0
9632506,0
9633467,0
9634430,1
9635392,1
9636353,1
9637316,0
9638278,0
9639240,0
9640202,1
9641164,1
9642126,1
9643087,0
9644050,0
9645012,0
9645973,1
9646936,1
9647898,1
9648860,0
9649822,0
9650784,0
9651746,1
9652708,1
9653670,1
9654632,0
9655593,0
9656556,0
9657518,0
9658479,1
9659442,1
9660404,0
9661366,0
9662328,0
9663290,0
9664252,1
9665213,1
9666176,0
9667138,0
9668099,0
9669062,0
9670024,1
9670986,1
9671948,0
9672910,0
9673872,0
9674833,0
9675796,1
9676758,1
9677719,0
9678682,0
9679644,0
9680606,0
9681568,1
9682530,1
9683492,0
9684453,0
9685416,0
9686378,0
9687339,1
9688302,1
9689264,0
9690226,0
9691188,0
9692150,0
9693112,1
9694074,1
9695036,0
9695998,0
9696959,0
9697922,0
9698884,1
9699846,1
9700808,1
9701770,0
9702732,0
9703694,0
9704656,1
9705618,1
9706579,1
9707542,0
9708504,0
9709465,0
9710428,1
9711390,1
9712352,1
9713314,0
9714276,0
9715238,0
9716199,1
9717162,1
9718124,1
9719085,0
9720048,0
9721010,0
9721972,1
9722934,1
9723896,1
9724858,0
9725819,0
9726782,0
9727744,1
9728705,1
9729668,1
9730630,0
9731592,0
9732554,0
9733516,1
9734478,1
9735439,1
9736402,0
9737364,0
9738325,0
9739288,1
9740250,1
9741212,1
9742174,0
9743136,0
9744098,0
9745060,1
9746022,1
9746984,1
9747945,0
9748908,0
9749870,0
9750831,1
9751794,1
9752756,1
9753718,0
9754680,0
9755642,0
9756604,1
9757565,1
9758528,1
9759490,0
9760451,0
9761414,0
9762376,1
9763338,1
9764300,1
9765262,0
9766224,0
9767185,0
9768148,0
9769110,1
9770071,1
9771034,0
9771996,0
9772958,0
9773920,0
9774882,1
9775844,1
9776805,0
9777768,0
9778730,0
9779691,0
9780654,1
9781616,1
9782578,0
9783540,0
9784502,0
9785464,0
9786426,1
9787388,1
9788350,0
9789311,0
9790274,0
9791236,0
9792198,1
9793160,1
9794122,0
9795084,0
9796046,0
9797008,0
9797970,1
9798931,1
9799894,0
9800856,0
9801817,0
9802780,0
9803742,1
9804704,1
9805666,1
9806628,0
9807590,0
9808551,0
9809514,1
9810476,1
9811437,1
9812400,0
9813362,0
9814324,0
9815286,1
9816248,1
9817210,1
9818171,0
9819134,0
9820096,0
9821057,1
9822020,1
9822982,1
9823944,0
9824906,0
9825868,0
9826830,1
9827791,1
9828754,1
9829716,0
9830677,0
9831640,0
9832602,1
9833564,1
9834526,1
9835488,0
9836450,0
9837412,0
9838374,1
9839336,1
9840297,1
9841260,0
9842222,0
9843183,0
9844146,1
9845108,1
9846070,1
9847032,0
9847994,0
9848956,0
9849917,1
9850880,1
9851842,1
9852803,0
9853766,0
9854728,0
9855690,1
9856652,1
9857614,1
9858576,0
9859537,0
9860500,0
9861462,1
9862423,1
9863386,1
9864348,0
9865310,0
9866272,0
9867234,1
9868196,1
9869157,1
9870120,0
9871082,0
9872043,0
9873006,0
9873968,1
9874930,1
9875892,0
9876854,0
9877816,0
9878778,0
9879740,1
9880702,1
9881663,0
9882626,0
9883588,0
9884549,0
9885512,1
9886474,1
9887436,0
9888398,0
9889360,0
9890322,0
9891283,1
9892246,1
9893208,0
9894169,0
9895132,0
9896094,0
9897056,1
9898018,1
9898980,0
9899942,0
9900903,0
9901866,0
9902828,1
9903789,1
9904752,0
9905714,0
9906676,0
9907638,0
9908600,1
9909562,1
9910523,0
9911486,0
9912448,0
9913409,0
9914372,1
9915334,1
9916296,1
9917258,0
9918220,0
9919182,0
9920144,1
9921106,1
9922068,1
9923029,0
9923992,0
9924954,0
9925916,1
9926878,1
9927840,1
9928802,0
9929764,0
9930726,0
9931688,1
9932649,1
9933612,1
9934574,0
9935535,0
9936498,0
9937460,1
9938422,1
9939384,1
9940346,0
9941308,0
9942269,0
9943232,1
9944194,1
9945155,1
9946118,0
9947080,0
9948042,0
9949004,1
9949966,1
9950928,1
9951889,0
9952852,0
9953814,0
9954775,1
9955738,1
9956700,1
9957662,0
9958624,0
9959586,0
9960548,1
9961509,1
9962472,1
9963434,0
9964395,0
9965358,0
9966320,1
9967282,1
9968244,1
9969206,0
9970168,0
9971130,0
9972092,1
9973054,1
9974015,1
9974978,0
9975940,0
9976901,0
9977864,0
9978826,1
9979788,1
9980750,0
9981712,0
9982674,0
9983635,0
9984598,1
9985560,1
9986521,0
9987484,0
9988446,0
9989408,0
9990370,1
9991332,1
9992294,0
9993255,0
9994218,0
9995180,0
9996141,1
9997104,1
9998066,0
9999028,0
9999990,0
10000952,0
10001914,1
10002875,1
10003838,0
10004800,0
10005761,0
10006724,0
10007686,1
10008648,1
10009610,0
10010572,0
10011534,0
10012496,0
10013458,1
10014420,1
10015381,0
10016344,0
10017306,0
10018267,0
10019230,1
10020192,1
10021154,1
10022116,0
10023078,0
10024040,0
10025001,1
10025964,1
10026926,1
10027887,0
10028850,0
10029812,0
10030774,1
10031736,1
10032698,1
10033660,0
10034621,0
10035584,0
10036546,1
10037507,1
10038470,1
10039432,0
10040394,0
10041356,0
10042318,1
10043280,1
10044241,1
10045204,0
10046166,0
10047127,0
10048090,1
10049052,1
10050014,1
10050976,0
10051938,0
10052900,0
10053861,1
10054824,1
10055786,1
10056747,0
10057710,0
10058672,0
10059634,1
10060596,1
10061558,1
10062520,0
10063482,0
10064444,0
10065406,1
10066367,1
10067330,1
10068292,0
10069253,0
10070216,0
10071178,1
10072140,1
10073102,1
10074064,0
10075026,0
10075987,0
10076950,1
10077912,1
10078873,1
10079836,0
10080798,0
10081760,0
10082722,0
10083684,1
10084646,1
10085607,0
10086570,0
10087532,0
10088493,0
10089456,1
10090418,1
10091380,0
10092342,0
10093304,0
10094266,0
10095227,1
10096190,1
10097152,0
10098113,0
10099076,0
10100038,0
10101000,1
10101962,1
10102924,0
10103886,0
10104848,0
10105810,0
10106772,1
10107733,1
10108696,0
10109658,0
10110619,0
10111582,0
10112544,1
10113506,1
10114468,0
10115430,0
10116392,0
10117353,0
10118316,1
10119278,1
10120239,0
10121202,0
10122164,0
10123126,0
10124088,1
10125050,1
10126012,1
10126973,0
10127936,0
10128898,0
10129859,1
10130822,1
10131784,1
10132746,0
10133708,0
10134670,0
10135632,1
10136593,1
10137556,1
10138518,0
10139479,0
10140442,0
10141404,1
10142366,1
10143328,1
10144290,0
10145252,0
10146214,0
10147176,1
10148138,1
10149099,1
10150062,0
10151024,0
10151985,0
10152948,1
10153910,1
10154872,1
10155834,0
10156796,0
10157758,0
10158719,1
10159682,1
10160644,1
10161605,0
10162568,0
10163530,0
10164492,1
10165454,1
10166416,1
10167378,0
10168339,0
10169302,0
10170264,1
10171225,1
10172188,1
10173150,0
10174112,0
10175074,0
10176036,1
10176998,1
10177959,1
10178922,0
10179884,0
10180845,0
10181808,1
10182770,1
10183732,1
10184694,0
10185656,0
10186618,0
10187579,0
10188542,1
10189504,1
10190465,0
10191428,0
10192390,0
10193352,0
10194314,1
10195276,1
10196238,0
10197200,0
10198162,0
10199124,0
10200085,1
10201048,1
10202010,0
10202971,0
10203934,0
10204896,0
10205858,1
10206820,1
10207782,0
10208744,0
10209705,0
10210668,0
10211630,1
10212591,1
10213554,0
10214516,0
10215478,0
10216440,0
10217402,1
10218364,1
10219325,0
10220288,0
10221250,0
10222211,0
10223174,1
10224136,1
10225098,0
10226060,0
10227022,0
10227984,0
10228945,1
10229908,1
10230870,1
10231831,0
10232794,0
10233756,0
10234718,1
10235680,1
10236642,1
10237604,0
10238566,0
10239528,0
10240490,1
10241451,1
10242414,1
10243376,0
10244337,0
10245300,0
10246262,1
10247224,1
10248186,1
10249148,0
10250110,0
10251071,0
10252034,1
10252996,1
10253957,1
10254920,0
10255882,0
10256844,0
10257806,1
10258768,1
10259730,1
10260691,0
10261654,0
10262616,0
10263577,1
10264540,1
10265502,1
10266464,0
10267426,0
10268388,0
10269350,1
10270311,1
10271274,1
10272236,0
10273197,0
10274160,0
10275122,1
10276084,1
10277046,1
10278008,0
10278970,0
10279931,0
10280894,1
10281856,1
10282817,1
10283780,0
10284742,0
10285704,0
10286666,1
10287628,1
10288590,1
10289552,0
10290514,0
10291476,0
10292437,1
10293400,1
10294362,1
10295323,0
10296286,0
10297248,0
10298210,0
10299172,1
10300134,1
10301096,0
10302057,0
10303020,0
10303982,0
10304943,1
10305906,1
10306868,0
10307830,0
10308792,0
10309754,0
10310716,1
10311677,1
10312640,0
10313602,0
10314563,0
10315526,0
10316488,1
10317450,1
10318412,0
10319374,0
10320336,0
10321297,0
10322260,1
10323222,1
10324183,0
10325146,0
10326108,0
10327070,0
10328032,1
10328994,1
10329956,0
10330918,0
10331880,0
10332842,0
10333803,1
10334766,1
10335728,1
10336689,0
10337652,0
10338614,0
10339576,1
10340538,1
10341500,1
10342462,0
10343423,0
10344386,0
10345348,1
10346309,1
10347272,1
10348234,0
10349196,0
10350158,0
10351120,1
10352082,1
10353043,1
10354006,0
10354968,0
10355929,0
10356892,1
10357854,1
10358816,1
10359778,0
10360740,0
10361702,0
10362663,1
10363626,1
10364588,1
10365549,0
10366512,0
10367474,0
10368436,1
10369398,1
10370360,1
10371322,0
10372284,0
10373246,0
10374208,1
10375169,1
10376132,1
10377094,0
10378055,0
10379018,0
10379980,1
10380942,1
10381904,1
10382866,0
10383828,0
10384789,0
10385752,1
10386714,1
10387675,1
10388638,0
10389600,0
10390562,0
10391524,1
10392486,1
10393448,1
10394409,0
10395372,0
10396334,0
10397295,1
10398258,1
10399220,1
10400182,0
10401144,0
10402106,0
10403068,0
10404029,1
10404992,1
10405954,0
10406915,0
10407878,0
10408840,0
10409802,1
10410764,1
10411726,0
10412688,0
10413649,0
10414612,0
10415574,1
10416535,1
10417498,0
10418460,0
10419422,0
10420384,0
10421346,1
10422308,1
10423270,0
10424232,0
10425194,0
10426155,0
10427118,1
10428080,1
10429041,0
10430004,0
10430966,0
10431928,0
10432890,1
10433852,1
10434814,0
10435775,0
10436738,0
10437700,0
10438661,1
10439624,1
10440586,0
10441548,0
10442510,0
10443472,0
10444434,1
10445395,1
10446358,1
10447320,0
10448281,0
10449244,0
10450206,1
10451168,1
10452130,1
10453092,0
10454054,0
10455015,0
10455978,1
10456940,1
10457901,1
10458864,0
10459826,0
10460788,0
10461750,1
10462712,1
10463674,1
10464636,0
10465598,0
10466560,0
10467521,1
10468484,1
10469446,1
10470407,0
10471370,0
10472332,0
10473294,1
10474256,1
10475218,1
10476180,0
10477141,0
10478104,0
10479066,1
10480027,1
10480990,1
10481952,0
10482914,0
10483876,0
10484838,1
10485800,1
10486761,1
10487724,0
10488686,0
10489647,0
10490610,1
10491572,1
10492534,1
10493496,0
10494458,0
10495420,0
10496381,1
10497344,1
10498306,1
10499267,0
10500230,0
10501192,0
10502154,1
10503116,1
10504078,1
10505040,0
10506001,0
10506964,0
10507926,0
10508887,1
10509850,1
10510812,0
10511773,0
10512736,0
10513698,0
10514660,1
10515622,1
10516584,0
10517546,0
10518507,0
10519470,0
10520432,1
10521393,1
10522356,0
10523318,0
10524280,0
10525242,0
10526204,1
10527166,1
10528127,0
10529090,0
10530052,0
10531013,0
10531976,1
10532938,1
10533900,0
10534862,0
10535824,0
10536786,0
10537747,1
10538710,1
10539672,0
10540633,0
10541596,0
10542558,0
10543520,1
10544482,1
10545444,0
10546406,0
10547367,0
10548330,0
10549292,1
10550253,1
10551216,1
10552178,0
10553140,0
10554102,0
10555064,1
10556026,1
10556988,1
10557950,0
10558912,0
10559873,0
10560836,1
10561798,1
10562759,1
10563722,0
10564684,0
10565646,0
10566608,1
10567570,1
10568532,1
10569493,0
10570456,0
10571418,0
10572379,1
10573342,1
10574304,1
10575266,0
10576228,0
10577190,0
10578152,1
10579113,1
10580076,1
10581038,0
10581999,0
10582962,0
10583924,1
10584886,1
10585848,1
10586810,0
10587772,0
10588733,0
10589696,1
10590658,1
10591619,1
10592582,0
10593544,0
10594506,0
10595468,1
10596430,1
10597392,1
10598354,0
10599316,0
10600278,0
10601239,1
10602202,1
10603164,1
10604125,0
10605088,0
10606050,0
10607012,1
10607974,1
10608936,1
10609898,0
10610859,0
10611822,0
10612784,0
10613745,1
10614708,1
10615670,0
10616632,0
10617594,0
10618556,0
10619518,1
10620479,1
10621442,0
10622404,0
10623365,0
10624328,0
10625290,1
10626252,1
10627214,0
10628176,0
10629138,0
10630099,0
10631062,1
10632024,1
10632985,0
10633948,0
10634910,0
10635872,0
10636834,1
10637796,1
10638758,0
10639719,0
10640682,0
10641644,0
10642605,1
10643568,1
10644530,0
10645491,0
10646454,0
10647416,0
10648378,1
10649340,1
10650302,0
10651264,0
10652225,0
10653188,0
10654150,1
10655111,1
10656074,1
10657036,0
10657998,0
10658960,0
10659922,1
10660884,1
10661845,1
10662808,0
10663770,0
10664731,0
10665694,1
10666656,1
10667618,1
10668580,0
10669542,0
10670504,0
10671465,1
10672428,1
10673390,1
10674351,0
10675314,0
10676276,0
10677238,1
10678200,1
10679162,1
10680124,0
10681085,0
10682048,0
10683010,1
10683971,1
10684934,1
10685896,0
10686858,0
10687820,0
10688782,1
10689744,1
10690706,1
10691668,0
10692630,0
10693591,0
10694554,1
10695516,1
10696477,1
10697440,0
10698402,0
10699364,0
10700326,1
10701288,1
10702250,1
10703211,0
10704174,0
10705136,0
10706097,1
10707060,1
10708022,1
10708984,0
10709946,0
10710908,0
10711870,1
10712831,1
10713794,1
10714756,0
10715717,0
10716680,0
10717642,0
10718604,1
10719566,1
10720528,0
10721490,0
10722451,0
10723414,0
10724376,1
10725337,1
10726300,0
10727262,0
10728224,0
10729186,0
10730148,1
10731110,1
10732071,0
10733034,0
10733996,0
10734957,0
10735920,1
10736882,1
10737843,0
10738806,0
10739768,0
10740730,0
10741692,1
10742654,1
10743616,0
10744577,0
10745540,0
10746502,0
10747463,1
10748426,1
10749388,0
10750350,0
10751312,0
10752274,0
10753236,1
10754197,1
10755160,0
10756122,0
10757083,0
10758046,0
10759008,1
10759970,1
10760932,1
10761894,0
10762856,0
10763817,0
10764780,1
10765742,1
10766703,1
10767666,0
10768628,0
10769590,0
10770552,1
10771514,1
10772476,1
10773437,0
10774400,0
10775362,0
10776323,1
10777286,1
10778248,1
10779210,0
10780172,0
10781134,0
10782096,1
10783058,1
10784020,1
10784982,0
10785943,0
10786906,0
10787868,1
10788829,1
10789792,1
10790754,0
10791716,0
10792678,0
10793640,1
10794602,1
10795563,1
10796526,0
10797488,0
10798449,0
10799412,1
10800374,1
10801336,1
10802298,0
10803260,0
10804222,0
10805183,1
10806146,1
10807108,1
10808069,0
10809032,0
10809994,0
10810956,1
10811918,1
10812880,1
10813842,0
10814803,0
10815766,0
10816728,1
10817689,1
10818652,1
10819614,0
10820576,0
10821538,0
10822500,1
10823462,1
10824423,1
10825386,0
10826348,0
10827309,0
10828272,0
10829234,1
10830195,1
10831158,0
10832120,0
10833082,0
10834044,0
10835006,1
10835968,1
10836929,0
10837892,0
10838854,0
10839815,0
10840778,1
10841740,1
10842702,0
10843664,0
10844626,0
10845588,0
10846549,1
10847512,1
10848474,0
10849435,0
10850398,0
10851360,0
10852322,1
10853284,1
10854246,0
10855208,0
10856169,0
10857132,0
10858094,1
10859055,1
10860018,0
10860980,0
10861942,0
10862904,0
10863866,1
10864828,1
10865789,1
10866752,0
10867714,0
10868675,0
10869638,1
10870600,1
10871561,1
10872524,0
10873486,0
10874448,0
10875410,1
10876372,1
10877334,1
10878295,0
10879258,0
10880220,0
10881181,1
10882144,1
10883106,1
10884068,0
10885030,0
10885992,0
10886954,1
10887915,1
10888878,1
10889840,0
10890801,0
10891764,0
10892726,1
10893688,1
10894650,1
10895612,0
10896574,0
10897535,0
10898498,1
10899460,1
10900421,1
10901384,0
10902346,0
10903308,0
10904270,1
10905232,1
10906194,1
10907155,0
10908118,0
10909080,0
10910041,1
10911004,1
10911966,1
10912928,0
10913890,0
10914852,0
10915814,1
10916776,1
10917738,1
10918700,0
10919661,0
10920624,0
10921586,1
10922547,1
10923510,1
10924472,0
10925434,0
10926396,0
10927358,1
10928320,1
10929281,1
10930244,0
10931206,0
10932167,0
10933130,0
10934092,1
10935054,1
10936016,0
10936978,0
10937940,0
10938901,0
10939864,1
10940826,1
10941787,0
10942750,0
10943712,0
10944674,0
10945636,1
10946598,1
10947560,0
10948521,0
10949484,0
10950446,0
10951407,1
10952370,1
10953332,0
10954294,0
10955256,0
10956218,0
10957180,1
10958141,1
10959104,0
10960066,0
10961027,0
10961990,0
10962952,1
10963913,1
10964876,0
10965838,0
10966800,0
10967762,0
10968724,1
10969686,1
10970647,1
10971610,0
10972572,0
10973533,0
10974496,1
10975458,1
10976420,1
10977382,0
10978344,0
10979306,0
10980267,1
10981230,1
10982192,1
10983153,0
10984116,0
10985078,0
10986040,1
10987002,1
10987964,1
10988926,0
10989887,0
10990850,0
10991812,1
10992773,1
10993736,1
10994698,0
10995660,0
10996622,0
10997584,1
10998546,1
10999507,1
11000470,0
11001432,0
11002393,0
11003356,1
11004318,1
11005279,1
11006242,0
11007204,0
11008166,0
11009128,1
11010090,1
11011052,1
11012013,0
11012976,0
11013938,0
11014899,1
11015862,1
11016824,1
11017786,0
11018748,0
11019710,0
11020672,1
11021633,1
11022596,1
11023558,0
11024519,0
11025482,0
11026444,1
11027406,1
11028368,1
11029330,0
11030292,0
11031253,0
11032216,1
11033178,1
11034139,1
11035102,0
11036064,0
11037026,0
11037988,0
11038950,1
11039912,1
11040873,0
11041836,0
11042798,0
11043759,0
11044722,1
11045684,1
11046646,0
11047608,0
11048570,0
11049532,0
11050493,1
11051456,1
11052418,0
11053379,0
11054342,0
11055304,0
11056265,1
11057228,1
11058190,0
11059152,0
11060114,0
11061076,0
11062038,1
11062999,1
11063962,0
11064924,0
11065885,0
11066848,0
11067810,1
11068772,1
11069734,0
11070696,0
11071658,0
11072619,0
11073582,1
11074544,1
11075505,0
11076468,0
11077430,0
11078392,0
11079354,1
11080316,1
11081278,1
11082239,0
11083202,0
11084164,0
11085125,1
11086088,1
11087050,1
11088012,0
11088974,0
11089936,0
11090898,1
11091859,1
11092822,1
11093784,0
11094745,0
11095708,0
11096670,1
11097631,1
11098594,1
11099556,0
11100518,0
11101480,0
11102442,1
11103404,1
11104365,1
11105328,0
11106290,0
11107251,0
11108214,1
11109176,1
11110138,1
11111100,0
11112062,0
11113024,0
11113985,1
11114948,1
11115910,1
11116871,0
11117834,0
11118796,0
11119758,1
11120720,1
11121682,1
11122644,0
11123605,0
11124568,0
11125530,1
11126491,1
11127454,1
11128416,0
11129378,0
11130340,0
11131302,1
11132264,1
11133225,1
11134188,0
11135150,0
11136111,0
11137074,1
11138036,1
11138997,1
11139960,0
11140922,0
11141884,0
11142846,0
11143808,1
11144770,1
11145731,0
11146694,0
11147656,0
11148617,0
11149580,1
11150542,1
11151504,0
11152466,0
11153428,0
11154390,0
11155351,1
11156314,1
11157276,0
11158237,0
11159200,0
11160162,0
11161124,1
11162086,1
11163048,0
11164010,0
11164971,0
11165934,0
11166896,1
11167857,1
11168820,0
11169782,0
11170744,0
11171706,0
11172668,1
11173630,1
11174591,0
11175554,0
11176516,0
11177477,0
11178440,1
11179402,1
11180364,0
11181326,0
11182288,0
11183250,0
11184211,1
11185174,1
11186136,1
11187097,0
11188060,0
11189022,0
11189983,1
11190946,1
11191908,1
11192870,0
11193832,0
11194794,0
11195756,1
11196717,1
11197680,1
11198642,0
11199603,0
11200566,0
11201528,1
11202490,1
11203452,1
11204414,0
11205376,0
11206337,0
11207300,1
11208262,1
11209223,1
11210186,0
11211148,0
11212110,0
11213072,1
11214034,1
11214996,1
11215957,0
11216920,0
11217882,0
11218843,1
11219806,1
11220768,1
11221730,0
11222692,0
11223654,0
11224616,1
11225577,1
11226540,1
11227502,0
11228463,0
11229426,0
11230388,1
11231349,1
11232312,1
11233274,0
11234236,0
11235198,0
11236160,1
11237122,1
11238083,1
11239046,0
11240008,0
11240969,0
11241932,1
11242894,1
11243856,1
11244818,0
11245780,0
11246742,0
11247703,0
11248666,1
11249628,1
11250589,0
11251552,0
11252514,0
11253476,0
11254438,1
11255400,1
11256362,0
11257323,0
11258286,0
11259248,0
11260209,1
11261172,1
11262134,0
11263096,0
11264058,0
11265020,0
11265982,1
11266943,1
11267906,0
11268868,0
11269829,0
11270792,0
11271754,1
11272716,1
11273678,0
11274640,0
11275602,0
11276563,0
11277526,1
11278488,1
11279449,0
11280412,0
11281374,0
11282335,0
11283298,1
11284260,1
11285222,0
11286184,0
11287146,0
11288108,0
11289069,1
11290032,1
11290994,1
11291955,0
11292918,0
11293880,0
11294842,1
11295804,1
11296766,1
11297728,0
11298689,0
11299652,0
11300614,1
11301575,1
11302538,1
11303500,0
11304462,0
11305424,0
11306386,1
11307348,1
11308309,1
11309272,0
11310234,0
11311195,0
11312158,1
11313120,1
11314082,1
11315044,0
11316006,0
11316968,0
11317929,1
11318892,1
11319854,1
11320815,0
11321778,0
11322740,0
11323701,1
11324664,1
11325626,1
11326588,0
11327550,0
11328512,0
11329474,1
11330435,1
11331398,1
11332360,0
11333321,0
11334284,0
11335246,1
11336208,1
11337170,1
11338132,0
11339094,0
11340055,0
11341018,1
11341980,1
11342941,1
11343904,0
11344866,0
11345828,0
11346790,1
11347752,1
11348714,1
11349675,0
11350638,0
11351600,0
11352561,0
11353524,1
11354486,1
11355448,0
11356410,0
11357372,0
11358334,0
11359295,1
11360258,1
11361220,0
11362181,0
11363144,0
11364106,0
11365067,1
11366030,1
11366992,0
11367954,0
11368916,0
11369878,0
11370840,1
11371801,1
11372764,0
11373726,0
11374687,0
11375650,0
11376612,1
11377574,1
11378536,0
11379498,0
11380460,0
11381421,0
11382384,1
11383346,1
11384307,0
11385270,0
11386232,0
11387194,0
11388156,1
11389118,1
11390080,0
11391041,0
11392004,0
11392966,0
11393927,1
11394890,1
11395852,1
11396814,0
11397776,0
11398738,0
11399700,1
11400661,1
11401624,1
11402586,0
11403547,0
11404510,0
11405472,1
11406434,1
11407396,1
11408358,0
11409320,0
11410281,0
11411244,1
11412206,1
11413167,1
11414130,0
11415092,0
11416053,0
11417016,1
11417978,1
11418940,1
11419902,0
11420864,0
11421826,0
11422787,1
11423750,1
11424712,1
11425673,0
11426636,0
11427598,0
11428560,1
11429522,1
11430484,1
11431446,0
11432407,0
11433370,0
11434332,1
11435293,1
11436256,1
11437218,0
11438180,0
11439142,0
11440104,1
11441066,1
11442027,1
11442990,0
11443952,0
11444913,0
11445876,1
11446838,1
11447800,1
11448762,0
11449724,0
11450686,0
11451647,1
11452610,1
11453572,1
11454533,0
11455496,0
11456458,0
11457419,1
11458382,1
11459344,1
11460306,0
11461268,0
11462230,0
11463192,0
11464153,1
11465116,1
11466078,0
11467039,0
11468002,0
11468964,0
11469926,1
11470888,1
11471850,0
11472812,0
11473773,0
11474736,0
11475698,1
11476659,1
11477622,0
11478584,0
11479546,0
11480508,0
11481470,1
11482432,1
11483393,0
11484356,0
11485318,0
11486279,0
11487242,1
11488204,1
11489166,0
11490128,0
11491090,0
11492052,0
11493013,1
11493976,1
11494938,0
11495899,0
11496862,0
11497824,0
11498785,1
11499748,1
11500710,1
11501672,0
11502633,0
11503596,0
11504558,1
11505519,1
11506482,1
11507444,0
11508405,0
11509368,0
11510330,1
11511292,1
11512254,1
11513216,0
11514178,0
11515139,0
11516102,1
11517064,1
11518025,1
11518988,0
11519950,0
11520912,0
11521874,1
11522836,1
11523798,1
11524759,0
11525722,0
11526684,0
11527645,1
11528608,1
11529570,1
11530532,0
11531494,0
11532456,0
11533418,1
11534379,1
11535342,1
11536304,0
11537265,0
11538228,0
11539190,1
11540152,1
11541114,1
11542076,0
11543038,0
11543999,0
11544962,1
11545924,1
11546885,1
11547848,0
11548810,0
11549771,0
11550734,1
11551696,1
11552658,1
11553620,0
11554582,0
11555544,0
11556505,1
11557468,1
11558430,1
11559391,0
11560354,0
11561316,0
11562278,1
11563240,1
11564202,1
11565164,0
11566125,0
11567088,0
11568050,0
11569011,1
11569974,1
11570936,0
11571898,0
11572860,0
11573822,0
11574784,1
11575745,1
11576708,0
11577670,0
11578631,0
11579594,0
11580556,1
11581518,1
11582480,0
11583442,0
11584404,0
11585365,0
11586328,1
11587290,1
11588251,0
11589214,0
11590176,0
11591137,0
11592100,1
11593062,1
11594024,0
11594986,0
11595948,0
11596910,0
11597871,1
11598834,1
11599796,0
11600757,0
11601720,0
11602682,0
11603644,1
11604606,1
11605568,0
11606530,0
11607491,0
11608454,0
11609416,1
11610377,1
11611340,1
11612302,0
11613264,0
11614226,0
11615188,1
11616150,1
11617111,1
11618074,0
11619036,0
11619997,0
11620960,1
11621922,1
11622884,1
11623846,0
11624808,0
11625770,0
11626731,1
11627694,1
11628656,1
11629617,0
11630580,0
11631542,0
11632503,1
11633466,1
11634428,1
11635390,0
11636351,0
11637314,0
11638276,1
11639237,1
11640200,1
11641162,0
11642123,0
11643086,0
11644048,1
11645010,1
11645972,1
11646934,0
11647896,0
11648857,0
11649820,1
11650782,1
11651743,1
11652706,0
11653668,0
11654630,0
11655592,1
11656554,1
11657516,1
11658477,0
11659440,0
11660402,0
11661363,1
11662326,1
11663288,1
11664250,0
11665212,0
11666174,0
11667136,1
11668097,1
11669060,1
11670022,0
11670983,0
11671946,0
11672908,0
11673870,1
11674832,1
11675794,0
11676756,0
11677717,0
11678680,0
11679642,1
11680603,1
11681566,0
11682528,0
11683489,0
11684452,0
11685414,1
11686376,1
11687338,0
11688300,0
11689262,0
11690223,0
11691186,1
11692148,1
11693109,0
11694072,0
11695034,0
11695996,0
11696958,1
11697920,1
11698882,0
11699843,0
11700806,0
11701768,0
11702729,1
11703692,1
11704654,0
11705616,0
11706578,0
11707540,0
11708502,1
11709463,1
11710426,0
11711388,0
11712349,0
11713312,0
11714274,1
11715236,1
11716198,1
11717160,0
11718122,0
11719083,0
11720046,1
11721008,1
11721969,1
11722932,0
11723894,0
11724855,0
11725818,1
11726780,1
11727742,1
11728703,0
11729666,0
11730628,0
11731589,1
11732552,1
11733514,1
11734475,0
11735438,0
11736400,0
11737362,1
11738324,1
11739286,1
11740248,0
11741209,0
11742172,0
11743134,1
11744095,1
11745058,1
11746020,0
11746982,0
11747944,0
11748906,1
11749868,1
11750829,1
11751792,0
11752754,0
11753715,0
11754678,1
11755640,1
11756602,1
11757564,0
11758526,0
11759488,0
11760449,1
11761412,1
11762374,1
11763335,0
11764298,0
11765260,0
11766222,1
11767184,1
11768146,1
11769108,0
11770069,0
11771032,0
11771994,1
11772955,1
11773918,1
11774880,0
11775841,0
11776804,0
11777766,0
11778728,1
11779690,1
11780652,0
11781614,0
11782575,0
11783538,0
11784500,1
11785461,1
11786424,0
11787386,0
11788348,0
11789310,0
11790272,1
11791234,1
11792195,0
11793158,0
11794120,0
11795081,0
11796044,1
11797006,1
11797968,0
11798930,0
11799892,0
11800854,0
11801815,1
11802778,1
11803740,0
11804701,0
11805664,0
11806626,0
11807588,1
11808550,1
11809512,0
11810474,0
11811435,0
11812398,0
11813360,1
11814321,1
11815284,0
11816246,0
11817207,0
11818170,0
11819132,1
11820094,1
11821055,1
11822018,0
11822980,0
11823941,0
11824904,1
11825866,1
11826827,1
11827790,0
11828752,0
11829714,0
11830676,1
11831638,1
11832600,1
11833561,0
11834524,0
11835486,0
11836447,1
11837410,1
11838372,1
11839334,0
11840296,0
11841258,0
11842220,1
11843181,1
11844144,1
11845106,0
11846067,0
11847030,0
11847992,1
11848954,1
11849916,1
11850878,0
11851840,0
11852801,0
11853764,1
11854726,1
11855687,1
11856650,0
11857612,0
11858573,0
11859536,1
11860498,1
11861460,1
11862421,0
11863384,0
11864346,0
11865307,1
11866270,1
11867232,1
11868193,0
11869156,0
11870118,0
11871080,1
11872042,1
11873004,1
11873966,0
11874927,0
11875890,0
11876852,1
11877813,1
11878776,1
11879738,0
11880700,0
11881662,0
11882624,0
11883586,1
11884547,1
11885510,0
11886472,0
11887433,0
11888396,0
11889358,1
11890320,1
11891282,0
11892244,0
11893206,0
11894167,0
11895130,1
11896092,1
11897053,0
11898016,0
11898978,0
11899940,0
11900902,1
11901864,1
11902826,0
11903787,0
11904750,0
11905712,0
11906673,1
11907636,1
11908598,0
11909559,0
11910522,0
11911484,0
11912446,1
11913408,1
11914370,0
11915332,0
11916293,0
11917256,0
11918218,1
11919179,1
11920142,0
11921104,0
11922066,0
11923028,0
11923990,1
11924952,1
11925913,1
11926876,0
11927838,0
11928799,0
11929762,1
11930724,1
11931686,1
11932648,0
11933610,0
11934572,0
11935533,1
11936496,1
11937458,1
11938419,0
11939382,0
11940344,0
11941306,1
11942268,1
11943230,1
11944192,0
11945153,0
11946116,0
11947078,1
11948039,1
11949002,1
11949964,0
11950925,0
11951888,0
11952850,1
11953812,1
11954773,1
11955736,0
11956698,0
11957659,0
11958622,1
11959584,1
11960545,1
11961508,0
11962470,0
11963432,0
11964394,1
11965356,1
11966318,1
11967279,0
11968242,0
11969204,0
11970165,1
11971128,1
11972090,1
11973052,0
11974014,0
11974976,0
11975938,1
11976899,1
11977862,1
11978824,0
11979785,0
11980748,0
11981710,1
11982672,1
11983634,1
11984596,0
11985558,0
11986519,0
11987482,1
11988444,1
11989405,1
11990368,0
11991330,0
11992291,0
11993254,0
11994216,1
11995178,1
11996139,0
11997102,0
11998064,0
11999025,0
11999988,1
12000950,1
12001911,0
12002874,0
12003836,0
12004798,0
12005760,1
12006722,1
12007684,0
12008645,0
12009608,0
12010570,0
12011531,1
12012494,1
12013456,0
12014418,0
12015380,0
12016342,0
12017304,1
12018265,1
12019228,0
12020190,0
12021151,0
12022114,0
12023076,1
12024038,1
12025000,0
12025962,0
12026924,0
12027885,0
12028848,1
12029810,1
12030771,1
12031734,0
12032696,0
12033658,0
12034620,1
12035582,1
12036544,1
12037505,0
12038468,0
12039430,0
12040391,1
12041354,1
12042316,1
12043277,0
12044240,0
12045202,0
12046164,1
12047125,1
12048088,1
12049050,0
12050011,0
12050974,0
12051936,1
12052897,1
12053860,1
12054822,0
12055784,0
12056746,0
12057708,1
12058670,1
12059631,1
12060594,0
12061556,0
12062517,0
12063480,1
12064442,1
12065404,1
12066366,0
12067328,0
12068290,0
12069251,1
12070214,1
12071176,1
12072137,0
12073100,0
12074062,0
12075024,1
12075986,1
12076948,1
12077910,0
12078871,0
12079834,0
12080796,1
12081757,1
12082720,1
12083682,0
12084643,0
12085606,0
12086568,1
12087530,1
12088491,1
12089454,0
12090416,0
12091377,0
12092340,1
12093302,1
12094263,1
12095226,0
12096188,0
12097150,0
12098112,0
12099074,1
12100036,1
12100997,0
12101960,0
12102922,0
12103883,0
12104846,1
12105808,1
12106770,0
12107732,0
12108694,0
12109656,0
12110617,1
12111580,1
12112542,0
12113503,0
12114466,0
12115428,0
12116390,1
12117352,1
12118314,0
12119276,0
12120237,0
12121200,0
12122162,1
12123123,1
12124086,0
12125048,0
12126009,0
12126972,0
12127934,1
12128896,1
12129857,0
12130820,0
12131782,0
12132743,0
12133706,1
12134668,1
12135629,0
12136592,0
12137554,0
12138516,0
12139478,1
12140440,1
12141402,1
12142363,0
12143326,0
12144288,0
12145249,1
12146212,1
12147174,1
12148136,0
12149098,0
12150060,0
12151022,1
12151983,1
12152946,1
12153908,0
12154869,0
12155832,0
12156794,1
12157756,1
12158718,1
12159680,0
12160642,0
12161603,0
12162566,1
12163528,1
12164489,1
12165452,0
12166414,0
12167376,0
12168338,1
12169300,1
12170262,1
12171223,0
12172186,0
12173148,0
12174109,1
12175072,1
12176034,1
12176995,0
12177958,0
12178920,0
12179882,1
12180843,1
12181806,1
12182768,0
12183729,0
12184692,0
12185654,1
12186615,1
12187578,1
12188540,0
12189502,0
12190464,0
12191426,1
12192388,1
12193349,1
12194312,0
12195274,0
12196235,0
12197198,1
12198160,1
12199122,1
12200084,0
12201046,0
12202008,0
12202969,0
12203932,1
12204894,1
12205855,0
12206818,0
12207780,0
12208742,0
12209704,1
12210666,1
12211628,0
12212589,0
12213552,0
12214514,0
12215475,1
12216438,1
12217400,0
12218361,0
12219324,0
12220286,0
12221248,1
12222209,1
12223172,0
12224134,0
12225095,0
12226058,0
12227020,1
12227981,1
12228944,0
12229906,0
12230868,0
12231830,0
12232792,1
12233754,1
12234715,0
12235678,0
12236640,0
12237601,0
12238564,1
12239526,1
12240488,0
12241450,0
12242412,0
12243374,0
12244335,1
12245298,1
12246260,1
12247221,0
12248184,0
12249146,0
12250108,1
12251070,1
12252032,1
12252994,0
12253955,0
12254918,0
12255880,1
12256841,1
12257804,1
12258766,0
12259728,0
12260690,0
12261652,1
12262614,1
12263575,1
12264538,0
12265500,0
12266461,0
12267424,1
12268386,1
12269347,1
12270310,0
12271272,0
12272234,0
12273195,1
12274158,1
12275120,1
12276081,0
12277044,0
12278006,0
12278967,0
12279930,1
12280892,1
12281854,0
12282816,0
12283778,0
12284740,0
12285701,1
12286664,1
12287626,1
12288587,0
12289550,0
12290512,0
12291474,1
12292436,1
12293398,1
12294360,0
12295321,0
12296284,0
12297246,0
12298207,1
12299170,1
12300132,1
12301094,0
12302056,0
12303018,0
12303980,1
12304941,1
12305904,1
12306866,0
12307827,0
12308790,0
12309752,0
12310713,1
12311676,1
12312638,1
12313600,0
12314561,0
12315524,0
12316486,0
12317447,1
12318410,1
12319372,1
12320333,0
12321296,0
12322258,0
12323220,0
12324182,1
12325144,1
12326106,1
12327067,0
12328030,0
12328992,0
12329953,0
12330916,1
12331878,1
12332840,1
12333802,0
12334764,0
12335726,0
12336687,0
12337650,1
12338612,1
12339573,1
12340536,0
12341498,0
12342460,0
12343422,0
12344384,1
12345346,1
12346307,1
12347270,0
12348232,0
12349193,0
12350156,0
12351118,1
12352079,1
12353042,1
12354004,0
12354966,0
12355927,0
12356890,0
12357852,1
12358813,1
12359776,1
12360738,0
12361699,0
12362662,0
12363624,0
12364586,0
12365548,1
12366510,1
12367472,1
12368433,0
12369396,0
12370358,0
12371319,0
12372282,1
12373244,1
12374206,1
12375168,0
12376130,0
12377092,0
12378053,0
12379016,0
12379978,1
12380939,1
12381902,1
12382864,0
12383826,0
12384788,0
12385750,0
12386712,1
12387673,1
12388636,1
12389598,1
12390559,0
12391522,0
12392484,0
12393446,0
12394408,1
12395370,1
12396332,1
12397293,1
12398256,0
12399218,0
12400179,0
12401142,0
12402104,1
12403065,1
12404028,1
12404990,1
12405952,0
12406913,0
12407876,0
12408838,0
12409799,1
12410762,1
12411724,1
12412685,1
12413648,0
12414610,0
12415572,0
12416534,0
12417496,0
12418458,1
12419419,1
12420382,1
12421344,0
12422305,0
12423268,0
12424230,0
12425192,0
12426154,1
12427116,1
12428078,1
12429039,1
12430002,0
12430964,0
12431925,0
12432888,0
12433850,0
12434812,1
12435774,1
12436736,1
12437698,0
12438659,0
12439622,0
12440584,0
12441545,0
12442508,1
12443470,1
12444431,1
12445394,1
12446356,0
12447318,0
12448279,0
12449242,0
12450204,0
12451165,1
12452128,1
12453090,1
12454051,1
12455014,0
12455976,0
12456938,0
12457900,0
12458862,0
12459824,1
12460785,1
12461748,1
12462710,1
12463671,0
12464634,0
12465596,0
12466558,0
12467520,0
12468482,1
12469444,1
12470405,1
12471368,1
12472330,0
12473291,0
12474254,0
12475216,0
12476178,0
12477140,1
12478102,1
12479064,1
12480025,1
12480988,0
12481950,0
12482911,0
12483874,0
12484836,0
12485797,0
12486760,1
12487722,1
12488684,1
12489645,1
12490608,0
12491570,0
12492531,0
12493494,0
12494456,0
12495417,1
12496380,1
12497342,1
12498304,1
12499265,1
12500228,0
12501190,0
12502151,0
12503114,0
12504076,0
12505037,1
12506000,1
12506962,1
12507924,1
12508886,0
12509848,0
12510810,0
12511771,0
12512734,0
12513696,0
12514657,1
12515620,1
12516582,1
12517544,1
12518506,0
12519468,0
12520430,0
12521391,0
12522354,0
12523316,0
12524277,1
12525240,1
12526202,1
12527164,1
12528126,1
12529088,0
12530050,0
12531011,0
12531974,0
12532936,0
12533897,0
12534860,1
12535822,1
12536783,1
12537746,1
12538708,0
12539670,0
12540631,0
12541594,0
12542556,0
12543517,0
12544480,1
12545442,1
12546403,1
12547366,1
12548328,1
12549290,0
12550252,0
12551214,0
12552176,0
12553137,0
12554100,0
12555062,1
12556023,1
12556986,1
12557948,1
12558910,1
12559872,0
12560834,0
12561796,0
12562757,0
12563720,0
12564682,0
12565643,1
12566606,1
12567568,1
12568530,1
12569492,1
12570454,0
12571416,0
12572377,0
12573340,0
12574302,0
12575263,0
12576226,1
12577188,1
12578149,1
12579112,1
12580074,1
12581036,0
12581997,0
12582960,0
12583922,0
12584883,0
12585846,0
12586808,0
12587769,1
12588732,1
12589694,1
12590656,1
12591618,1
12592580,0
12593542,0
12594503,0
12595466,0
12596428,0
12597389,0
12598352,0
12599314,1
12600276,1
12601238,1
12602200,1
12603162,1
12604123,0
12605086,0
12606048,0
12607009,0
12607972,0
12608934,0
12609896,0
12610858,1
12611820,1
12612782,1
12613743,1
12614706,1
12615668,0
12616629,0
12617592,0
12618554,0
12619515,0
12620478,0
12621440,0
12622402,1
12623363,1
12624326,1
12625288,1
12626249,1
12627212,0
12628174,0
12629135,0
12630098,0
12631060,0
12632022,0
12632983,0
12633946,0
12634908,1
12635869,1
12636832,1
12637794,1
12638755,1
12639718,0
12640680,0
12641642,0
12642604,0
12643566,0
12644528,0
12645489,0
12646452,0
12647414,1
12648375,1
12649338,1
12650300,1
12651262,1
12652224,0
12653186,0
12654148,0
12655109,0
12656072,0
12657034,0
12657995,0
12658958,0
12659920,1
12660882,1
12661844,1
12662806,1
12663768,1
12664729,1
12665692,0
12666654,0
12667615,0
12668578,0
12669540,0
12670501,0
12671464,0
12672426,1
12673388,1
12674349,1
12675312,1
12676274,1
12677235,1
12678198,1
12679160,0
12680121,0
12681084,0
12682046,0
12683008,0
12683970,0
12684932,0
12685894,1
12686855,1
12687818,1
12688780,1
12689741,1
12690704,1
12691666,1
12692628,0
12693590,0
12694552,0
12695514,0
12696475,0
12697438,0
12698400,0
12699361,0
12700324,1
12701286,1
12702248,1
12703210,1
12704172,1
12705134,1
12706095,0
12707058,0
12708020,0
12708981,0
12709944,0
12710906,0
12711867,0
12712830,0
12713792,0
12714754,1
12715715,1
12716678,1
12717640,1
12718601,1
12719564,1
12720526,0
12721487,0
12722450,0
12723412,0
12724374,0
12725335,0
12726298,0
12727260,0
12728221,0
12729184,1
12730146,1
12731107,1
12732070,1
12733032,1
12733994,1
12734956,1
12735918,0
12736880,0
12737841,0
12738804,0
12739766,0
12740727,0
12741690,0
12742652,0
12743614,0
12744576,1
12745538,1
12746500,1
12747461,1
12748424,1
12749386,1
12750347,1
12751310,0
12752272,0
12753234,0
12754196,0
12755158,0
12756120,0
12757081,0
12758044,0
12759006,0
12759967,1
12760930,1
12761892,1
12762853,1
12763816,1
12764778,1
12765740,1
12766701,0
12767664,0
12768626,0
12769587,0
12770550,0
12771512,0
12772473,0
12773436,0
12774398,0
12775360,1
12776322,1
12777284,1
12778246,1
12779207,1
12780170,1
12781132,1
12782093,1
12783056,0
12784018,0
12784980,0
12785942,0
12786904,0
12787866,0
12788827,0
12789790,0
12790752,0
12791713,0
12792676,1
12793638,1
12794600,1
12795562,1
12796524,1
12797486,1
12798447,1
12799410,0
12800372,0
12801333,0
12802296,0
12803258,0
12804219,0
12805182,0
12806144,0
12807106,0
12808067,0
12809030,0
12809992,1
12810953,1
12811916,1
12812878,1
12813839,1
12814802,1
12815764,1
12816726,1
12817688,0
12818650,0
12819612,0
12820573,0
12821536,0
12822498,0
12823459,0
12824422,0
12825384,0
12826346,0
12827308,1
12828270,1
12829232,1
12830193,1
12831156,1
12832118,1
12833079,1
12834042,1
12835004,0
12835966,0
12836928,0
12837890,0
12838852,0
12839813,0
12840776,0
12841738,0
12842699,0
12843662,0
12844624,0
12845585,1
12846548,1
12847510,1
12848472,1
12849433,1
12850396,1
12851358,1
12852319,1
12853282,1
12854244,0
12855205,0
12856168,0
12857130,0
12858092,0
12859053,0
12860016,0
12860978,0
12861939,0
12862902,0
12863864,0
12864825,1
12865788,1
12866750,1
12867712,1
12868674,1
12869636,1
12870598,1
12871559,1
12872522,1
12873484,0
12874445,0
12875408,0
12876370,0
12877332,0
12878294,0
12879256,0
12880218,0
12881179,0
12882142,0
12883104,0
12884065,0
12885028,1
12885990,1
12886952,1
12887914,1
12888876,1
12889838,1
12890799,1
12891762,1
12892724,1
12893685,0
12894648,0
12895610,0
12896571,0
12897534,0
12898496,0
12899458,0
12900419,0
12901382,0
12902344,0
12903305,0
12904268,0
12905230,1
12906191,1
12907154,1
12908116,1
12909078,1
12910040,1
12911002,1
12911964,1
12912925,1
12913888,1
12914850,0
12915811,0
12916774,0
12917736,0
12918698,0
12919660,0
12920622,0
12921584,0
12922545,0
12923508,0
12924470,0
12925431,0
12926394,0
12927356,1
12928318,1
12929280,1
12930242,1
12931204,1
12932165,1
12933128,1
12934090,1
12935051,1
12936014,1
12936976,0
12937937,0
12938900,0
12939862,0
12940824,0
12941785,0
12942748,0
12943710,0
12944671,0
12945634,0
12946596,0
12947557,0
12948520,0
12949482,1
12950444,1
12951405,1
12952368,1
12953330,1
12954291,1
12955254,1
12956216,1
12957177,1
12958140,1
12959102,1
12960064,0
12961026,0
12961988,0
12962950,0
12963911,0
12964874,0
12965836,0
12966797,0
12967760,0
12968722,0
12969684,0
12970646,0
12971608,0
12972570,0
12973531,1
12974494,1
12975456,1
12976417,1
12977380,1
12978342,1
12979303,1
12980266,1
12981228,1
12982190,1
12983151,1
12984114,0
12985076,0
12986037,0
12987000,0
12987962,0
12988923,0
12989886,0
12990848,0
12991810,0
12992771,0
12993734,0
12994696,0
12995657,0
12996620,0
12997582,0
12998543,1
12999506,1
13000468,1
13001430,1
13002392,1
13003354,1
13004316,1
13005277,1
13006240,1
13007202,1
13008163,1
13009126,0
13010088,0
13011050,0
13012012,0
13012974,0
13013936,0
13014897,0
13015860,0
13016822,0
13017783,0
13018746,0
13019708,0
13020670,0
13021632,0
13022594,0
13023556,0
13024517,1
13025480,1
13026442,1
13027403,1
13028366,1
13029328,1
13030289,1
13031252,1
13032214,1
13033176,1
13034137,1
13035100,1
13036062,0
13037023,0
13037986,0
13038948,0
13039909,0
13040872,0
13041834,0
13042796,0
13043757,0
13044720,0
13045682,0
13046643,0
13047606,0
13048568,0
13049529,0
13050492,0
13051454,0
13052416,1
13053378,1
13054340,1
13055302,1
13056263,1
13057226,1
13058188,1
13059149,1
13060112,1
13061074,1
13062036,1
13062998,1
13063960,1
13064922,0
13065883,0
13066846,0
13067808,0
13068769,0
13069732,0
13070694,0
13071655,0
13072618,0
13073580,0
13074542,0
13075503,0
13076466,0
13077428,0
13078389,0
13079352,0
13080314,0
13081275,1
13082238,1
13083200,1
13084162,1
13085123,1
13086086,1
13087048,1
13088009,1
13088972,1
13089934,1
13090895,1
13091858,1
13092820,1
13093782,1
13094744,0
13095706,0
13096668,0
13097629,0
13098592,0
13099554,0
13100515,0
13101478,0
13102440,0
13103402,0
13104364,0
13105326,0
13106288,0
13107249,0
13108212,0
13109174,0
13110135,0
13111098,0
13112060,1
13113021,1
13113984,1
13114946,1
13115908,1
13116869,1
13117832,1
13118794,1
13119755,1
13120718,1
13121680,1
13122641,1
13123604,1
13124566,1
13125528,1
13126489,0
13127452,0
13128414,0
13129375,0
13130338,0
13131300,0
13132261,0
13133224,0
13134186,0
13135148,0
13136110,0
13137072,0
13138034,0
13138995,0
13139958,0
13140920,0
13141881,0
13142844,0
13143806,0
13144768,0
13145730,1
13146692,1
13147654,1
13148615,1
13149578,1
13150540,1
13151501,1
13152464,1
13153426,1
13154388,1
13155350,1
13156312,1
13157274,1
13158235,1
13159198,1
13160160,0
13161121,0
13162084,0
13163046,0
13164007,0
13164970,0
13165932,0
13166894,0
13167855,0
13168818,0
13169780,0
13170741,0
13171704,0
13172666,0
13173627,0
13174590,0
13175552,0
13176514,0
13177475,0
13178438,0
13179400,0
13180361,1
13181324,1
13182286,1
13183247,1
13184210,1
13185172,1
13186134,1
13187096,1
13188058,1
13189020,1
13189981,1
13190944,1
13191906,1
13192867,1
13193830,1
13194792,1
13195754,1
13196716,0
13197678,0
13198640,0
13199601,0
13200564,0
13201526,0
13202487,0
13203450,0
13204412,0
13205373,0
13206336,0
13207298,0
13208260,0
13209221,0
13210184,0
13211146,0
13212107,0
13213070,0
13214032,0
13214993,0
13215956,0
13216918,0
13217880,0
13218841,1
13219804,1
13220766,1
13221727,1
13222690,1
13223652,1
13224613,1
13225576,1
13226538,1
13227500,1
13228462,1
13229424,1
13230386,1
13231347,1
13232310,1
13233272,1
13234233,1
13235196,1
13236158,0
13237120,0
13238082,0
13239044,0
13240006,0
13240967,0
13241930,0
13242892,0
13243853,0
13244816,0
13245778,0
13246740,0
13247702,0
13248664,0
13249626,0
13250587,0
13251550,0
13252512,0
13253473,0
13254436,0
13255398,0
13256359,0
13257322,0
13258284,0
13259246,0
13260207,1
13261170,1
13262132,1
13263093,1
13264056,1
13265018,1
13265979,1
13266942,1
13267904,1
13268866,1
13269827,1
13270790,1
13271752,1
13272713,1
13273676,1
13274638,1
13275599,1
13276562,1
13277524,1
13278486,1
13279448,0
13280410,0
13281372,0
13282333,0
13283296,0
13284258,0
13285219,0
13286182,0
13287144,0
13288106,0
13289068,0
13290030,0
13290992,0
13291953,0
13292916,0
13293878,0
13294839,0
13295802,0
13296764,0
13297725,0
13298688,0
13299650,0
13300612,0
13301573,0
13302536,0
13303498,0
13304459,0
13305422,1
13306384,1
13307345,1
13308308,1
13309270,1
13310232,1
13311193,1
13312156,1
13313118,1
13314079,1
13315042,1
13316004,1
13316965,1
13317928,1
13318890,1
13319852,1
13320814,1
13321776,1
13322738,1
13323699,1
13324662,1
13325624,0
13326585,0
13327548,0
13328510,0
13329472,0
13330434,0
13331396,0
13332358,0
13333319,0
13334282,0
13335244,0
13336205,0
13337168,0
13338130,0
13339091,0
13340054,0
13341016,0
13341978,0
13342939,0
13343902,0
13344864,0
13345825,0
13346788,0
13347750,0
13348711,0
13349674,0
13350636,0
13351598,0
13352559,0
13353522,0
13354484,1
13355445,1
13356408,1
13357370,1
13358331,1
13359294,1
13360256,1
13361218,1
13362180,1
13363142,1
13364104,1
13365065,1
13366028,1
13366990,1
13367951,1
13368914,1
13369876,1
13370838,1
13371800,1
13372762,1
13373724,1
13374685,1
13375648,1
13376610,1
13377571,0
13378534,0
13379496,0
13380458,0
13381420,0
13382382,0
13383344,0
13384305,0
13385268,0
13386230,0
13387191,0
13388154,0
13389116,0
13390077,0
13391040,0
13392002,0
13392964,0
13393925,0
13394888,0
13395850,0
13396811,0
13397774,0
13398736,0
13399697,0
13400660,0
13401622,0
13402584,0
13403545,0
13404508,0
13405470,0
13406431,0
13407394,0
13408356,0
13409317,1
13410280,1
13411242,1
13412204,1
13413166,1
13414128,1
13415090,1
13416051,1
13417014,1
13417976,1
13418937,1
13419900,1
13420862,1
13421824,1
13422786,1
13423748,1
13424710,1
13425671,1
13426634,1
13427596,1
13428557,1
13429520,1
13430482,1
13431443,1
13432406,1
13433368,1
13434330,1
13435291,0
13436254,0
13437216,0
13438177,0
13439140,0
13440102,0
13441063,0
13442026,0
13442988,0
13443950,0
13444911,0
13445874,0
13446836,0
13447797,0
13448760,0
13449722,0
13450683,0
13451646,0
13452608,0
13453570,0
13454532,0
13455494,0
13456456,0
13457417,0
13458380,0
13459342,0
13460303,0
13461266,0
13462228,0
13463190,0
13464152,0
13465114,0
13466076,0
13467037,0
13468000,0
13468962,0
13469923,0
13470886,1
13471848,1
13472809,1
13473772,1
13474734,1
13475696,1
13476657,1
13477620,1
13478582,1
13479543,1
13480506,1
13481468,1
13482429,1
13483392,1
13484354,1
13485316,1
13486277,1
13487240,1
13488202,1
13489163,1
13490126,1
13491088,1
13492049,1
13493012,1
13493974,1
13494936,1
13495897,1
13496860,1
13497822,1
13498783,1
13499746,1
13500708,0
13501669,0
13502632,0
13503594,0
13504556,0
13505518,0
13506480,0
13507442,0
13508403,0
13509366,0
13510328,0
13511289,0
13512252,0
13513214,0
13514176,0
13515138,0
13516100,0
13517062,0
13518023,0
13518986,0
13519948,0
13520909,0
13521872,0
13522834,0
13523795,0
13524758,0
13525720,0
13526682,0
13527643,0
13528606,0
13529568,0
13530529,0
13531492,0
13532454,0
13533415,0
13534378,0
13535340,0
13536302,0
13537263,0
13538226,0
13539188,0
13540149,0
13541112,1
13542074,1
13543035,1
13543998,1
13544960,1
13545922,1
13546884,1
13547846,1
13548808,1
13549769,1
13550732,1
13551694,1
13552655,1
13553618,1
13554580,1
13555542,1
13556504,1
13557466,1
13558428,1
13559389,1
13560352,1
13561314,1
13562275,1
13563238,1
13564200,1
13565161,1
13566124,1
13567086,1
13568048,1
13569009,1
13569972,1
13570934,1
13571895,1
13572858,1
13573820,1
13574781,0
13575744,0
13576706,0
13577668,0
13578629,0
13579592,0
13580554,0
13581515,0
13582478,0
13583440,0
13584401,0
13585364,0
13586326,0
13587288,0
13588250,0
13589212,0
13590174,0
13591135,0
13592098,0
13593060,0
13594021,0
13594984,0
13595946,0
13596908,0
13597870,0
13598832,0
13599794,0
13600755,0
13601718,0
13602680,0
13603641,0
13604604,0
13605566,0
13606527,0
13607490,0
13608452,0
13609414,0
13610375,0
13611338,0
13612300,0
13613261,0
13614224,0
13615186,0
13616147,0
13617110,0
13618072,0
13619034,0
13619995,0
13620958,0
13621920,0
13622881,1
13623844,1
13624806,1
13625767,1
13626730,1
13627692,1
13628654,1
13629615,1
13630578,1
13631540,1
13632501,1
13633464,1
13634426,1
13635387,1
13636350,1
13637312,1
13638274,1
13639236,1
13640198,1
13641160,1
13642121,1
13643084,1
13644046,1
13645007,1
13645970,1
13646932,1
13647894,1
13648856,1
13649818,1
13650780,1
13651741,1
13652704,1
13653666,1
13654627,1
13655590,1
13656552,1
13657513,1
13658476,1
13659438,1
13660400,1
13661361,1
13662324,1
13663286,0
13664247,0
13665210,0
13666172,0
13667133,0
13668096,0
13669058,0
13670020,0
13670981,0
13671944,0
13672906,0
13673867,0
13674830,0
13675792,0
13676753,0
13677716,0
13678678,0
13679640,0
13680602,0
13681564,0
13682526,0
13683487,0
13684450,0
13685412,0
13686373,0
13687336,0
13688298,0
13689260,0
13690222,0
13691184,0
13692146,0
13693107,0
13694070,0
13695032,0
13695993,0
13696956,0
13697918,0
13698879,0
13699842,0
13700804,0
13701766,0
13702727,0
13703690,0
13704652,0
13705613,0
13706576,0
13707538,0
13708499,0
13709462,0
13710424,0
13711386,0
13712347,0
13713310,0
13714272,0
13715233,0
13716196,0
13717158,0
13718119,0
13719082,0
13720044,0
13721006,1
13721967,1
13722930,1
13723892,1
13724853,1
13725816,1
13726778,1
13727739,1
13728702,1
13729664,1
13730626,1
13731588,1
13732550,1
13733512,1
13734473,1
13735436,1
13736398,1
13737359,1
13738322,1
13739284,1
13740246,1
13741208,1
13742170,1
13743132,1
13744093,1
13745056,1
13746018,1
13746979,1
13747942,1
13748904,1
13749865,1
13750828,1
13751790,1
13752752,1
13753713,1
13754676,1
13755638,1
13756599,1
13757562,1
13758524,1
13759485,1
13760448,1
13761410,1
13762372,1
13763333,1
13764296,1
13765258,1
13766219,1
13767182,1
13768144,1
13769105,1
13770068,0
13771030,0
13771992,0
13772954,0
13773916,0
13774878,0
13775839,0
13776802,0
13777764,0
13778725,0
13779688,0
13780650,0
13781612,0
13782574,0
13783536,0
13784498,0
13785459,0
13786422,0
13787384,0
13788345,0
13789308,0
13790270,0
13791231,0
13792194,0
13793156,0
13794118,0
13795079,0
13796042,0
13797004,0
13797965,0
13798928,0
13799890,0
13800851,0
13801814,0
13802776,0
13803738,0
13804699,0
13805662,0
13806624,0
13807585,0
13808548,0
13809510,0
13810471,0
13811434,0
13812396,0
13813358,0
13814320,0
13815282,0
13816244,0
13817205,0
13818168,0
13819130,0
13820091,0
13821054,0
13822016,0
13822978,0
13823940,0
13824902,0
13825864,0
13826825,0
13827788,0
13828750,0
13829711,0
13830674,0
13831636,0
13832597,0
13833560,0
13834522,0
13835484,0
13836445,0
13837408,0
13838370,0
13839331,0
13840294,0
13841256,0
13842217,0
13843180,1
13844142,1
13845104,1
13846065,1
13847028,1
13847990,1
13848951,1
13849914,1
13850876,1
13851837,1
13852800,1
13853762,1
13854724,1
13855685,1
13856648,1
13857610,1
13858571,1
13859534,1
13860496,1
13861457,1
13862420,1
13863382,1
13864344,1
13865306,1
13866268,1
13867230,1
13868191,1
13869154,1
13870116,1
13871077,1
13872040,1
13873002,1
13873964,1
13874926,1
13875888,1
13876850,1
13877811,1
13878774,1
13879736,1
13880697,1
13881660,1
13882622,1
13883583,1
13884546,1
13885508,1
13886470,1
13887431,1
13888394,1
13889356,1
13890317,1
13891280,1
13892242,1
13893203,1
13894166,1
13895128,1
13896090,1
13897051,1
13898014,1
13898976,1
13899937,1
13900900,1
13901862,1
13902823,1
13903786,1
13904748,1
13905710,1
13906672,0
13907634,0
13908596,0
13909557,0
13910520,0
13911482,0
13912443,0
13913406,0
13914368,0
13915330,0
13916292,0
13917254,0
13918216,0
13919177,0
13920140,0
13921102,0
13922063,0
13923026,0
13923988,0
13924949,0
13925912,0
13926874,0
13927836,0
13928797,0
13929760,0
13930722,0
13931683,0
13932646,0
13933608,0
13934569,0
13935532,0
13936494,0
13937456,0
13938417,0
13939380,0
13940342,0
13941303,0
13942266,0
13943228,0
13944189,0
13945152,0
13946114,0
13947076,0
13948037,0
13949000,0
13949962,0
13950923,0
13951886,0
13952848,0
13953809,0
13954772,0
13955734,0
13956696,0
13957658,0
13958620,0
13959582,0
13960543,0
13961506,0
13962468,0
13963429,0
13964392,0
13965354,0
13966315,0
13967278,0
13968240,0
13969202,0
13970163,0
13971126,0
13972088,0
13973049,0
13974012,0
13974974,0
13975935,0
13976898,0
13977860,0
13978822,0
13979783,0
13980746,0
13981708,0
13982669,0
13983632,0
13984594,0
13985555,0
13986518,0
13987480,0
13988442,0
13989403,0
13990366,0
13991328,0
13992289,0
13993252,0
13994214,0
13995175,0
13996138,0
13997100,0
13998062,0
13999024,0
13999986,0
14000948,0
14001909,0
14002872,0
14003834,1
14004795,1
14005758,1
14006720,1
14007682,1
14008644,1
14009606,1
14010568,1
14011529,1
14012492,1
14013454,1
14014415,1
14015378,1
14016340,1
14017301,1
14018264,1
14019226,1
14020188,1
14021149,1
14022112,1
14023074,1
14024035,1
14024998,1
14025960,1
14026921,1
14027884,1
14028846,1
14029808,1
14030769,1
14031732,1
14032694,1
14033655,1
14034618,1
14035580,1
14036541,1
14037504,1
14038466,1
14039428,1
14040390,1
14041352,1
14042314,1
14043275,1
14044238,1
14045200,1
14046161,1
14047124,1
14048086,1
14049048,1
14050010,1
14050972,1
14051934,1
14052895,1
14053858,1
14054820,1
14055781,1
14056744,1
14057706,1
14058667,1
14059630,1
14060592,1
14061554,1
14062515,1
14063478,1
14064440,1
14065401,1
14066364,1
14067326,1
14068287,1
14069250,1
14070212,1
14071174,1
14072135,1
14073098,1
14074060,1
14075021,1
14075984,1
14076946,1
14077907,1
14078870,1
14079832,1
14080794,1
14081755,1
14082718,1
14083680,1
14084641,1
14085604,1
14086566,1
14087527,1
14088490,1
14089452,1
14090414,1
14091376,1
14092338,1
14093300,1
14094261,0
14095224,0
14096186,0
14097147,0
14098110,0
14099072,0
14100033,0
14100996,0
14101958,0
14102920,0
14103881,0
14104844,0
14105806,0
14106767,0
14107730,0
14108692,0
14109653,0
14110616,0
14111578,0
14112540,0
14113501,0
14114464,0
14115426,0
14116387,0
14117350,0
14118312,0
14119273,0
14120236,0
14121198,0
14122160,0
14123121,0
14124084,0
14125046,0
14126007,0
14126970,0
14127932,0
14128893,0
14129856,0
14130818,0
14131780,0
14132742,0
14133704,0
14134666,0
14135627,0
14136590,0
14137552,0
14138513,0
14139476,0
14140438,0
14141400,0
14142362,0
14143324,0
14144286,0
14145247,0
14146210,0
14147172,0
14148133,0
14149096,0
14150058,0
14151019,0
14151982,0
14152944,0
14153906,0
14154867,0
14155830,0
14156792,0
14157753,0
14158716,0
14159678,0
14160639,0
14161602,0
14162564,0
14163526,0
14164487,0
14165450,0
14166412,0
14167373,0
14168336,0
14169298,0
14170259,0
14171222,0
14172184,0
14173146,0
14174107,0
14175070,0
14176032,0
14176993,0
14177956,0
14178918,0
14179879,0
14180842,0
14181804,0
14182766,0
14183728,0
14184690,0
14185652,0
14186613,0
14187576,0
14188538,0
14189499,0
14190462,0
14191424,0
14192385,0
14193348,0
14194310,0
14195272,0
14196233,0
14197196,0
14198158,0
14199119,0
14200082,0
14201044,0
14202005,0
14202968,0
14203930,0
14204892,0
14205853,0
14206816,0
14207778,0
14208739,0
14209702,0
14210664,0
14211625,0
14212588,0
14213550,0
14214512,0
14215473,0
14216436,0
14217398,0
14218359,0
14219322,0
14220284,0
14221245,0
14222208,0
14223170,0
14224132,0
14225094,0
14226056,0
14227018,0
14227979,0
14228942,0
14229904,0
14230865,0
14231828,0
14232790,0
14233752,0
14234714,0
14235676,0
14236638,0
14237599,0
14238562,0
14239524,0
14240485,0
14241448,0
14242410,0
14243371,0
14244334,1
14245296,1
14246258,1
14247219,1
14248182,1
14249144,1
14250105,1
14251068,1
14252030,1
14252991,1
14253954,1
14254916,1
14255878,1
14256839,1
14257802,1
14258764,1
14259725,1
14260688,1
14261650,1
14262611,1
14263574,1
14264536,1
14265498,1
14266459,1
14267422,1
14268384,1
14269345,1
14270308,1
14271270,1
14272231,1
14273194,1
14274156,1
14275118,1
14276080,1
14277042,1
14278004,1
14278965,1
14279928,1
14280890,1
14281851,1
14282814,1
14283776,1
14284737,1
14285700,1
14286662,1
14287624,1
14288585,1
14289548,1
14290510,1
14291471,1
14292434,1
14293396,1
14294357,1
14295320,1
14296282,1
14297244,1
14298205,1
14299168,1
14300130,1
14301091,1
14302054,1
14303016,1
14303977,1
14304940,1
14305902,1
14306864,1
14307825,1
14308788,1
14309750,1
14310711,1
14311674,1
14312636,1
14313597,1
14314560,1
14315522,1
14316484,1
14317446,1
14318408,1
14319370,1
14320331,1
14321294,1
14322256,1
14323217,1
14324180,1
14325142,1
14326103,1
14327066,1
14328028,1
14328990,1
14329951,1
14330914,1
14331876,1
14332837,1
14333800,1
14334762,1
14335723,1
14336686,1
14337648,1
14338610,1
14339571,1
14340534,1
14341496,1
14342457,1
14343420,1
14344382,1
14345343,1
14346306,1
14347268,1
14348230,1
14349191,1
14350154,1
14351116,1
14352077,1
14353040,1
14354002,1
14354963,1
14355926,1
14356888,1
14357850,1
14358812,1
14359774,1
14360736,1
14361697,1
14362660,1
14363622,1
14364583,1
14365546,1
14366508,1
14367470,1
14368432,1
14369394,1
14370356,1
14371317,1
14372280,1
14373242,1
14374203,1
14375166,1
14376128,1
14377089,1
14378052,1
14379014,1
14379976,1
14380937,1
14381900,1
14382862,1
14383823,1
14384786,1
14385748,1
14386709,1
14387672,1
14388634,1
14389596,1
14390557,1
14391520,1
14392482,1
14393443,1
14394406,1
14395368,1
14396329,1
14397292,1
14398254,1
14399216,0
14400177,0
14401140,0
14402102,0
14403063,0
14404026,0
14404988,0
14405949,0
14406912,0
14407874,0
14408836,0
14409798,0
14410760,0
14411722,0
14412683,0
14413646,0
14414608,0
14415569,0
14416532,0
14417494,0
14418455,0
14419418,0
14420380,0
14421342,0
14422303,0
14423266,0
14424228,0
14425189,0
14426152,0
14427114,0
14428075,0
14429038,0
14430000,0
14430962,0
14431923,0
14432886,0
14433848,0
14434809,0
14435772,0
14436734,0
14437695,0
14438658,0
14439620,0
14440582,0
14441543,0
14442506,0
14443468,0
14444429,0
14445392,0
14446354,0
14447315,0
14448278,0
14449240,0
14450202,0
14451164,0
14452126,0
14453088,0
14454049,0
14455012,0
14455974,0
14456935,0
14457898,0
14458860,0
14459821,0
14460784,0
14461746,0
14462708,0
14463669,0
14464632,0
14465594,0
14466555,0
14467518,0
14468480,0
14469441,0
14470404,0
14471366,0
14472328,0
14473289,0
14474252,0
14475214,0
14476175,0
14477138,0
14478100,0
14479061,0
14480024,0
14480986,0
14481948,0
14482909,0
14483872,0
14484834,0
14485795,0
14486758,0
14487720,0
14488681,0
14489644,0
14490606,0
14491568,0
14492529,0
14493492,0
14494454,0
14495415,0
14496378,0
14497340,0
14498301,0
14499264,0
14500226,0
14501188,0
14502150,0
14503112,0
14504074,0
14505035,0
14505998,0
14506960,0
14507921,0
14508884,0
14509846,0
14510807,0
14511770,0
14512732,0
14513694,0
14514655,0
14515618,0
14516580,0
14517541,0
14518504,0
14519466,0
14520427,0
14521390,0
14522352,0
14523314,0
14524275,0
14525238,0
14526200,0
14527161,0
14528124,0
14529086,0
14530047,0
14531010,0
14531972,0
14532934,0
14533895,0
14534858,0
14535820,0
14536781,0
14537744,0
14538706,0
14539667,0
14540630,0
14541592,0
14542554,0
14543516,0
14544478,0
14545440,0
14546401,0
14547364,0
14548326,0
14549287,0
14550250,0
14551212,0
14552173,0
14553136,0
14554098,0
14555060,0
14556021,0
14556984,0
14557946,0
14558907,0
14559870,0
14560832,0
14561793,0
14562756,0
14563718,0
14564680,0
14565641,0
14566604,0
14567566,0
14568527,0
14569490,0
14570452,0
14571413,0
14572376,0
14573338,0
14574300,0
14575261,0
14576224,0
14577186,0
14578147,0
14579110,0
14580072,0
14581033,0
14581996,0
14582958,0
14583920,0
14584882,0
14585844,0
14586806,0
14587767,0
14588730,0
14589692,0
14590653,0
14591616,0
14592578,0
14593539,0
14594502,0
14595464,0
14596426,0
14597387,0
14598350,0
14599312,0
14600273,0
14601236,0
14602198,0
14603159,0
14604122,0
14605084,0
14606046,0
14607007,0
14607970,0
14608932,0
14609893,0
14610856,0
14611818,0
14612779,0
14613742,0
14614704,0
14615666,0
14616627,0
14617590,0
14618552,0
14619513,0
14620476,0
14621438,0
14622399,0
14623362,0
14624324,0
14625286,0
14626247,0
14627210,0
14628172,0
14629133,0
14630096,0
14631058,0
14632019,0
14632982,0
14633944,0
14634906,0
14635868,0
14636830,0
14637792,0
14638753,0
14639716,0
14640678,0
14641639,0
14642602,0
14643564,0
14644525,0
14645488,0
14646450,0
14647412,0
14648373,0
14649336,0
14650298,0
14651259,0
14652222,0
14653184,0
14654145,0
14655108,0
14656070,0
14657032,0
14657993,0
14658956,0
14659918,0
14660879,0
14661842,0
14662804,0
14663765,0
14664728,0
14665690,0
14666652,0
14667613,0
14668576,0
14669538,0
14670499,0
14671462,0
14672424,0
14673385,0
14674348,0
14675310,0
14676272,0
14677234,0
14678196,0
14679158,0
14680119,0
14681082,0
14682044,0
14683005,0
14683968,0
14684930,0
14685891,0
14686854,0
14687816,0
14688778,0
14689739,0
14690702,0
14691664,0
14692625,0
14693588,0
14694550,0
14695511,0
14696474,0
14697436,0
14698398,0
14699359,0
14700322,0
14701284,0
14702245,0
14703208,0
14704170,0
14705131,0
14706094,0
14707056,0
14708018,0
14708979,0
14709942,0
14710904,0
14711865,0
14712828,0
14713790,0
14714751,0
14715714,0
14716676,0
14717638,0
14718599,0
14719562,0
14720524,0
14721485,1
14722448,1
14723410,1
14724371,1
14725334,1
14726296,1
14727258,1
14728220,1
14729182,1
14730144,1
14731105,1
14732068,1
14733030,1
14733991,1
14734954,1
14735916,1
14736877,1
14737840,1
14738802,1
14739764,1
14740725,1
14741688,1
14742650,1
14743611,1
14744574,1
14745536,1
14746497,1
14747460,1
14748422,1
14749384,1
14750345,1
14751308,1
14752270,1
14753231,1
14754194,1
14755156,1
14756117,1
14757080,1
14758042,1
14759004,1
14759965,1
14760928,1
14761890,1
14762851,1
14763814,1
14764776,1
14765737,1
14766700,1
14767662,1
14768624,1
14769586,1
14770548,1
14771510,1
14772471,1
14773434,1
14774396,1
14775357,1
14776320,1
14777282,1
14778243,1
14779206,1
14780168,1
14781130,1
14782091,1
14783054,1
14784016,1
14784977,1
14785940,1
14786902,1
14787863,1
14788826,1
14789788,1
14790750,1
14791711,1
14792674,1
14793636,1
14794597,1
14795560,1
14796522,1
14797483,1
14798446,1
14799408,1
14800370,1
14801331,1
14802294,1
14803256,1
14804217,1
14805180,1
14806142,1
14807103,1
14808066,1
14809028,1
14809990,1
14810952,1
14811914,1
14812876,1
14813837,1
14814800,1
14815762,1
14816723,1
14817686,1
14818648,1
14819609,1
14820572,1
14821534,1
14822496,1
14823457,1
14824420,1
14825382,1
14826343,1
14827306,1
14828268,1
14829229,1
14830192,1
14831154,1
14832116,1
14833077,1
14834040,1
14835002,1
14835963,1
14836926,1
14837888,1
14838849,1
14839812,1
14840774,1
14841736,1
14842697,1
14843660,1
14844622,1
14845583,1
14846546,1
14847508,1
14848469,1
14849432,1
14850394,1
14851356,1
14852317,1
14853280,1
14854242,1
14855203,1
14856166,1
14857128,1
14858089,1
14859052,1
14860014,1
14860976,1
14861938,1
14862900,1
14863862,1
14864823,1
14865786,1
14866748,1
14867709,1
14868672,1
14869634,1
14870595,1
14871558,1
14872520,1
14873482,1
14874443,1
14875406,1
14876368,1
14877329,1
14878292,1
14879254,1
14880215,1
14881178,1
14882140,1
14883102,1
14884063,1
14885026,1
14885988,1
14886949,1
14887912,1
14888874,1
14889835,1
14890798,1
14891760,1
14892722,1
14893683,1
14894646,1
14895608,1
14896569,1
14897532,1
14898494,1
14899455,1
14900418,1
14901380,1
14902342,1
14903304,1
14904266,1
14905228,1
14906189,1
14907152,1
14908114,1
14909075,1
14910038,1
14911000,1
14911961,1
14912924,1
14913886,1
14914848,1
14915809,1
14916772,1
14917734,1
14918695,1
14919658,1
14920620,1
14921581,1
14922544,1
14923506,1
14924468,1
14925429,1
14926392,1
14927354,1
14928315,1
14929278,1
14930240,1
14931201,1
14932164,1
14933126,1
14934088,1
14935049,1
14936012,1
14936974,1
14937935,1
14938898,1
14939860,1
14940821,1
14941784,1
14942746,1
14943708,1
14944669,1
14945632,1
14946594,1
14947555,1
14948518,1
14949480,1
14950441,1
14951404,1
14952366,1
14953327,1
14954290,1
14955252,1
14956214,1
14957175,1
14958138,1
14959100,1
14960061,1
14961024,1
14961986,1
14962947,1
14963910,1
14964872,1
14965834,1
14966795,1
14967758,1
14968720,1
14969681,1
14970644,1
14971606,1
14972567,1
14973530,1
14974492,1
14975454,1
14976415,1
14977378,1
14978340,1
14979301,1
14980264,1
14981226,1
14982187,1
14983150,1
14984112,1
14985074,1
14986035,1
14986998,1
14987960,1
14988921,1
14989884,1
14990846,1
14991807,1
14992770,1
14993732,1
14994694,1
14995656,1
14996618,1
14997580,1
14998541,1
14999504,1
15000466,1
15001427,1
15002390,1
15003352,1
15004313,1
15005276,1
15006238,1
15007200,1
15008161,1
15009124,1
15010086,1
15011047,1
15012010,1
15012972,1
15013933,1
15014896,1
15015858,1
15016820,1
15017781,1
15018744,1
15019706,1
15020667,1
15021630,1
15022592,1
15023553,1
15024516,1
15025478,1
15026440,1
15027401,1
15028364,1
15029326,1
15030287,1
15031250,1
15032212,1
15033173,1
15034136,1
15035098,1
15036060,1
15037022,1
15037984,1
15038946,1
15039907,1
15040870,1
15041832,1
15042793,1
15043756,1
15044718,1
15045679,1
15046642,1
15047604,1
15048566,1
15049527,1
15050490,1
15051452,1
15052413,1
15053376,1
15054338,1
15055299,1
15056262,1
15057224,1
15058186,1
15059147,1
15060110,1
15061072,1
15062033,1
15062996,1
15063958,1
15064919,1
15065882,1
15066844,1
15067806,1
15068767,1
15069730,1
15070692,1
15071653,1
15072616,1
15073578,1
15074539,1
15075502,1
15076464,1
15077426,1
15078387,1
15079350,1
15080312,1
15081273,1
15082236,1
15083198,1
15084159,1
15085122,1
15086084,1
15087045,1
15088008,1
15088970,1
15089932,1
15090893,1
15091856,1
15092818,1
15093779,1
15094742,1
15095704,1
15096665,1
15097628,1
15098590,1
15099552,1
15100513,1
15101476,1
15102438,1
15103399,1
15104362,1
15105324,1
15106285,1
15107248,1
15108210,1
15109172,1
15110133,1
15111096,1
15112058,1
15113019,1
15113982,1
15114944,1
15115905,1
15116868,1
15117830,1
15118792,1
15119753,1
15120716,1
15121678,1
15122639,1
15123602,1
15124564,1
15125525,1
15126488,1
15127450,1
15128412,1
15129374,1
15130336,1
15131298,1
15132259,1
15133222,1
15134184,1
15135145,1
15136108,1
15137070,1
15138031,1
15138994,1
15139956,1
15140918,1
15141879,1
15142842,1
15143804,1
15144765,1
15145728,1
15146690,1
15147651,1
15148614,1
15149576,1
15150538,1
15151499,1
15152462,1
15153424,1
15154385,1
15155348,1
15156310,1
15157271,1
15158234,1
15159196,1
15160158,1
15161119,1
15162082,1
15163044,1
15164005,1
15164968,1
15165930,1
15166891,1
15167854,1
15168816,1
15169778,1
15170739,1
15171702,1
15172664,1
15173625,1
15174588,1
15175550,1
15176511,1
15177474,1
15178436,1
15179397,1
15180360,1
15181322,1
15182284,1
15183245,1
15184208,1
15185170,1
15186131,1
15187094,1
15188056,1
15189017,1
15189980,1
15190942,1
15191904,1
15192865,1
15193828,1
15194790,1
15195751,1
15196714,1
15197676,1
15198637,1
15199600,1
15200562,1
15201524,1
15202485,1
15203448,1
15204410,1
15205371,1
15206334,1
15207296,1
15208257,1
15209220,1
15210182,1
15211144,1
15212105,1
15213068,1
15214030,1
15214991,1
15215954,1
15216916,1
15217877,1
15218840,1
15219802,1
15220764,1
15221726,1
15222688,1
15223650,1
15224611,1
15225574,1
15226536,1
15227497,1
15228460,1
15229422,1
15230383,1
15231346,1
15232308,1
15233270,1
15234231,1
15235194,1
15236156,1
15237117,1
15238080,1
15239042,1
15240003,1
15240966,1
15241928,1
15242890,1
15243851,1
15244814,1
15245776,1
15246737,1
15247700,1
15248662,1
15249623,1
15250586,1
15251548,1
15252510,1
15253471,1
15254434,1
15255396,1
15256357,1
15257320,1
15258282,1
15259243,1
15260206,1
15261168,1
15262130,1
15263091,1
15264054,1
15265016,1
15265977,1
15266940,1
15267902,1
15268863,1
15269826,1
15270788,1
15271749,1
15272712,1
15273674,1
15274636,1
15275597,1
15276560,1
15277522,1
15278483,1
15279446,1
15280408,1
15281369,1
15282332,1
15283294,1
15284256,1
15285217,1
15286180,1
15287142,1
15288103,1
15289066,1
15290028,1
15290989,1
15291952,1
15292914,1
15293876,1
15294837,1
15295800,1
15296762,1
15297723,1
15298686,1
15299648,1
15300609,1
15301572,1
15302534,1
15303496,1
15304457,1
15305420,1
15306382,1
15307343,1
15308306,1
15309268,1
15310229,1
15311192,1
15312154,1
15313115,1
15314078,1
15315040,1
15316002,0
15316963,0
15317926,0
15318888,0
15319849,0
15320812,0
15321774,0
15322735,0
15323698,0
15324660,0
15325622,0
15326583,0
15327546,0
15328508,0
15329469,0
15330432,0
15331394,0
15332355,0
15333318,0
15334280,0
15335242,0
15336203,0
15337166,0
15338128,0
15339089,0
15340052,0
15341014,0
15341975,0
15342938,0
15343900,0
15344862,0
15345823,0
15346786,0
15347748,0
15348709,0
15349672,0
15350634,0
15351595,0
15352558,0
15353520,0
15354482,0
15355444,0
15356406,0
15357368,0
15358329,0
15359292,0
15360254,0
15361215,0
15362178,0
15363140,0
15364101,0
15365064,0
15366026,0
15366988,0
15367949,0
15368912,0
15369874,0
15370835,0
15371798,0
15372760,0
15373721,0
15374684,0
15375646,0
15376608,0
15377569,0
15378532,0
15379494,0
15380455,0
15381418,0
15382380,0
15383341,0
15384304,0
15385266,0
15386228,0
15387189,0
15388152,0
15389114,0
15390075,0
15391038,0
15392000,0
15392961,0
15393924,0
15394886,0
15395848,0
15396809,0
15397772,0
15398734,0
15399695,0
15400658,0
15401620,0
15402581,0
15403544,0
15404506,0
15405467,0
15406430,0
15407392,0
15408354,0
15409315,0
15410278,0
15411240,0
15412201,0
15413164,0
15414126,0
15415087,0
15416050,0
15417012,0
15417974,0
15418935,0
15419898,0
15420860,0
15421821,0
15422784,0
15423746,0
15424707,0
15425670,0
15426632,0
15427594,0
15428555,0
15429518,0
15430480,0
15431441,0
15432404,0
15433366,0
15434327,0
15435290,0
15436252,0
15437214,0
15438175,0
15439138,0
15440100,0
15441061,0
15442024,0
15442986,0
15443947,0
15444910,0
15445872,0
15446833,0
15447796,0
15448758,0
15449720,0
15450681,0
15451644,0
15452606,0
15453567,0
15454530,0
15455492,0
15456453,0
15457416,0
15458378,0
15459340,0
15460301,0
15461264,0
15462226,0
15463187,0
15464150,0
15465112,0
15466073,0
15467036,0
15467998,0
15468960,0
15469921,0
15470884,0
15471846,0
15472807,0
15473770,0
15474732,0
15475693,0
15476656,0
15477618,0
15478580,0
15479541,0
15480504,0
15481466,0
15482427,0
15483390,0
15484352,0
15485313,0
15486276,0
15487238,0
15488200,0
15489161,0
15490124,0
15491086,0
15492047,0
15493010,0
15493972,0
15494933,0
15495896,0
15496858,0
15497819,0
15498782,0
15499744,0
15500706,0
15501667,0
15502630,0
15503592,0
15504553,0
15505516,0
15506478,0
15507439,0
15508402,0
15509364,0
15510326,0
15511287,0
15512250,0
15513212,0
15514173,0
15515136,0
15516098,0
15517059,0
15518022,0
15518984,0
15519946,0
15520907,0
15521870,0
15522832,0
15523793,0
15524756,0
15525718,0
15526679,0
15527642,0
15528604,0
15529566,0
15530527,0
15531490,0
15532452,0
15533413,0
15534376,0
15535338,0
15536299,0
15537262,0
15538224,0
15539185,0
15540148,0
15541110,0
15542072,0
15543033,0
15543996,0
15544958,0
15545919,0
15546882,0
15547844,0
15548805,0
15549768,0
15550730,0
15551692,0
15552653,0
15553616,0
15554578,0
15555539,0
15556502,0
15557464,0
15558425,0
15559388,0
15560350,0
15561312,0
15562273,0
15563236,0
15564198,0
15565159,0
15566122,0
15567084,0
15568045,0
15569008,0
15569970,0
15570932,0
15571893,0
15572856,0
15573818,0
15574779,0
15575742,0
15576704,0
15577665,0
15578628,0
15579590,0
15580552,0
15581514,0
15582476,0
15583438,0
15584399,0
15585362,0
15586324,0
15587285,0
15588248,0
15589210,0
15590171,0
15591134,0
15592096,0
15593058,0
15594019,0
15594982,0
15595944,0
15596905,0
15597868,0
15598830,0
15599791,0
15600754,0
15601716,0
15602678,0
15603639,0
15604602,0
15605564,0
15606525,0
15607488,0
15608450,0
15609411,0
15610374,0
15611336,0
15612298,0
15613259,0
15614222,0
15615184,0
15616145,0
15617108,0
15618070,0
15619031,0
15619994,0
15620956,0
15621918,0
15622879,0
15623842,0
15624804,0
15625765,0
15626728,0
15627690,0
15628651,0
15629614,0
15630576,0
15631537,0
15632500,0
15633462,0
15634424,0
15635385,0
15636348,0
15637310,0
15638271,0
15639234,0
15640196,0
15641157,0
15642120,0
15643082,0
15644044,0
15645005,0
15645968,0
15646930,0
15647891,0
15648854,0
15649816,0
15650777,0
15651740,0
15652702,0
15653664,0
15654625,0
15655588,0
15656550,0
15657511,0
15658474,0
15659436,0
15660397,0
15661360,0
15662322,0
15663284,0
15664245,0
15665208,0
15666170,0
15667131,0
15668094,0
15669056,0
15670017,0
15670980,0
15671942,0
15672903,0
15673866,0
15674828,0
15675790,0
15676751,0
15677714,0
15678676,0
15679637,0
15680600,0
15681562,0
15682523,0
15683486,0
15684448,0
15685410,0
15686371,0
15687334,0
15688296,0
15689257,0
15690220,0
15691182,0
15692143,0
15693106,0
15694068,0
15695030,0
15695991,0
15696954,0
15697916,0
15698877,0
15699840,0
15700802,0
15701763,0
15702726,0
15703688,0
15704650,0
15705611,0
15706574,0
15707536,0
15708497,0
15709460,0
15710422,0
15711383,0
15712346,0
15713308,0
15714270,0
15715231,0
15716194,0
15717156,0
15718117,0
15719080,0
15720042,0
15721003,0
15721966,0
15722928,0
15723889,0
15724852,0
15725814,0
15726776,0
15727737,0
15728700,0
15729662,0
15730623,0
15731586,0
15732548,0
15733509,0
15734472,0
15735434,0
15736396,0
15737357,0
15738320,0
15739282,0
15740243,0
15741206,0
15742168,0
15743129,0
15744092,0
15745054,0
15746016,0
15746977,0
15747940,0
15748902,0
15749863,0
15750826,0
15751788,0
15752749,0
15753712,0
15754674,0
15755636,0
15756597,0
15757560,0
15758522,0
15759483,0
15760446,0
15761408,0
15762369,0
15763332,0
15764294,0
15765255,0
15766218,0
15767180,0
15768142,0
15769103,0
15770066,0
15771028,0
15771989,0
15772952,0
15773914,0
15774875,0
15775838,0
15776800,0
15777762,0
15778723,0
15779686,0
15780648,0
15781609,0
15782572,0
15783534,0
15784495,0
15785458,0
15786420,0
15787382,0
15788343,0
15789306,0
15790268,0
15791229,0
15792192,0
15793154,0
15794115,0
15795078,0
15796040,0
15797002,0
15797963,0
15798926,0
15799888,0
15800849,0
15801812,0
15802774,0
15803735,0
15804698,0
15805660,0
15806621,0
15807584,0
15808546,0
15809508,0
15810469,0
15811432,0
15812394,0
15813355,0
15814318,0
15815280,0
15816241,0
15817204,0
15818166,0
15819128,0
15820089,0
15821052,0
15822014,0
15822975,0
15823938,0
15824900,0
15825861,0
15826824,0
15827786,0
15828748,0
15829709,0
15830672,0
15831634,0
15832595,0
15833558,0
15834520,0
15835481,0
15836444,0
15837406,0
15838368,0
15839329,0
15840292,0
15841254,0
15842215,0
15843178,0
15844140,0
15845101,0
15846064,0
15847026,0
15847988,0
15848949,0
15849912,0
15850874,0
15851835,0
15852798,0
15853760,0
15854721,0
15855684,0
15856646,0
15857607,0
15858570,0
15859532,0
15860494,0
15861455,0
15862418,0
15863380,0
15864341,0
15865304,0
15866266,0
15867227,0
15868190,0
15869152,0
15870114,0
15871075,0
15872038,0
15873000,0
15873961,0
15874924,0
15875886,0
15876847,0
15877810,0
15878772,0
15879734,0
15880695,0
15881658,0
15882620,0
15883581,0
15884544,0
15885506,0
15886467,0
15887430,0
15888392,0
15889354,0
15890315,0
15891278,0
15892240,0
15893201,0
15894164,0
15895126,0
15896087,0
15897050,0
15898012,0
15898973,0
15899936,0
15900898,0
15901860,0
15902821,0
15903784,0
15904746,0
15905707,0
15906670,0
15907632,0
15908593,0
15909556,0
15910518,0
15911480,0
15912441,0
15913404,0
15914366,0
15915327,0
15916290,0
15917252,0
15918213,0
15919176,0
15920138,0
15921100,0
15922061,0
15923024,0
15923986,0
15924947,0
15925910,0
15926872,0
15927833,0
15928796,0
15929758,0
15930720,0
15931681,0
15932644,0
15933606,0
15934567,0
15935530,0
15936492,0
15937453,0
15938416,0
15939378,0
15940339,0
15941301,0
15942264,0
15943226,0
15944187,0
15945150,0
15946112,0
15947073,0
15948036,0
15948998,0
15949959,0
15950922,0
15951884,0
15952846,0
15953807,0
15954770,0
15955732,0
15956693,0
15957656,0
15958618,0
15959579,0
15960542,0
15961504,0
15962466,0
15963427,0
15964390,0
15965352,0
15966313,0
15967276,0
15968238,0
15969199,0
15970162,0
15971124,0
15972086,0
15973047,0
15974010,0
15974972,0
15975933,0
15976896,0
15977858,0
15978819,0
15979782,0
15980744,0
15981706,0
15982667,0
15983630,0
15984592,0
15985553,0
15986516,0
15987478,0
15988439,0
15989402,0
15990364,0
15991325,0
15992288,0
15993250,0
15994212,0
15995173,0
15996136,0
15997098,0
15998059,0
15999022,0
15999984,0
16000945,0
16001908,0
16002869,0
16003832,0
16004794,0
16005755,0
16006718,0
16007680,0
16008641,0
16009604,0
16010566,0
16011527,0
16012490,0
16013452,0
16014413,0
16015376,0
16016338,0
16017299,0
16018262,0
16019223,0
16020185,0
16021148,0
16022109,0
16023072,0
16024034,0
16024995,0
16025958,0
16026920,0
16027881,0
16028844,0
16029806,0
16030767,0
16031730,0
16032692,0
16033653,0
16034616,0
16035578,0
16036539,0
16037502,0
16038464,0
16039425,0
16040388,0
16041349,0
16042311,0
16043274,0
16044235,0
16045198,0
16046160,0
16047121,0
16048084,0
16049046,0
16050007,0
16050970,0
16051932,0
16052893,0
16053856,0
16054818,0
16055779,0
16056742,0
16057704,0
16058665,0
16059628,0
16060589,0
16061551,0
16062514,0
16063475,0
16064438,0
16065400,0
16066361,0
16067324,0
16068286,0
16069247,0
16070210,0
16071172,0
16072133,0
16073096,0
16074058,0
16075019,0
16075982,0
16076944,0
16077905,0
16078868,0
16079830,0
16080791,0
16081754,0
16082715,0
16083677,0
16084640,0
16085601,0
16086564,0
16087526,0
16088487,0
16089450,0
16090412,0
16091373,0
16092336,0
16093298,0
16094259,0
16095222,0
16096184,0
16097145,0
16098108,0
16099070,0
16100031,0
16100994,0
16101955,0
16102917,0
16103880,0
16104841,0
16105804,0
16106766,0
16107727,0
16108690,0
16109652,0
16110613,0
16111576,0
16112538,0
16113499,0
16114462,0
16115424,0
16116385,0
16117348,0
16118310,0
16119271,0
16120234,0
16121195,0
16122157,0
16123120,0
16124081,0
16125043,0
16126006,0
16126967,0
16127930,0
16128892,0
16129853,0
16130816,0
16131778,0
16132739,0
16133702,0
16134664,0
16135625,0
16136588,0
16137550,0
16138511,0
16139474,0
16140436,0
16141397,0
16142360,0
16143321,0
16144283,0
16145246,0
16146207,0
16147170,0
16148132,0
16149093,0
16150056,0
16151018,0
16151979,0
16152942,0
16153904,0
16154865,0
16155828,0
16156790,0
16157751,0
16158714,0
16159676,0
16160637,0
16161600,0
16162561,0
16163523,0
16164486,0
16165447,0
16166409,0
16167372,0
16168333,0
16169296,0
16170258,0
16171219,0
16172182,0
16173144,0
16174105,0
16175068,0
16176030,0
16176991,0
16177954,0
16178916,0
16179877,0
16180840,0
16181802,0
16182763,0
16183726,0
16184687,0
16185649,0
16186612,0
16187573,0
16188536,0
16189498,0
16190459,0
16191422,0
16192384,0
16193345,0
16194308,0
16195270,0
16196231,0
16197194,0
16198156,0
16199117,0
16200080,0
16201042,0
16202003,0
16202966,0
16203927,0
16204889,0
16205852,0
16206813,0
16207776,0
16208738,0
16209699,0
16210662,0
16211624,0
16212585,0
16213548,0
16214510,0
16215471,0
16216434,0
16217396,0
16218357,0
16219320,0
16220282,0
16221243,0
16222206,0
16223168,0
16224129,0
16225092,0
16226053,0
16227015,0
16227978,0
16228939,0
16229902,0
16230864,0
16231825,0
16232788,0
16233750,0
16234711,0
16235674,0
16236636,0
16237597,0
16238560,0
16239522,0
16240483,0
16241446,0
16242408,0
16243369,0
16244332,0
16245293,0
16246255,0
16247218,0
16248179,0
16249142,0
16250104,0
16251065,0
16252028,0
16252990,0
16253951,0
16254914,0
16255876,0
16256837,0
16257800,0
16258762,0
