0,4
962,4
1924,4
2885,4
3848,4
4810,4
5771,4
6733,4
7696,4
8657,4
9620,4
10582,4
11543,4
12506,4
13467,4
14430,4
15392,4
16354,4
17315,4
18278,4
19240,4
20201,4
21164,4
22126,4
23087,4
24050,4
25012,4
25974,4
26935,4
27898,4
28860,4
29821,4
30784,4
31745,4
32708,4
33670,4
34631,4
35594,4
36556,4
37517,4
38480,4
39442,4
40403,4
41366,4
42328,4
43289,4
44252,4
45214,4
46175,4
47138,4
48100,4
49062,4
50024,4
50986,4
51948,4
52910,4
53871,4
54834,4
55796,4
56757,4
57720,4
58682,4
59643,4
60606,4
61568,4
62530,4
63491,4
64454,4
65416,4
66377,4
67340,4
68302,4
69263,4
70226,4
71188,4
72149,4
73112,4
74074,4
75035,4
75998,4
76960,4
77921,4
78884,4
79846,4
80807,4
81770,4
82732,4
83693,4
84656,4
85618,4
86579,4
87542,4
88504,4
89465,4
90428,4
91390,4
92351,4
93314,4
94276,4
95238,4
96200,4
97162,4
98124,4
99086,4
100048,4
101010,4
101972,4
102934,4
103896,4
104858,4
105820,4
106782,4
107743,4
108706,4
109668,4
110629,4
111592,4
112554,4
113515,4
114478,4
115440,4
116401,4
117364,4
118326,4
119287,4
120250,4
121212,4
122173,4
123136,4
124098,4
125060,4
126022,4
126983,4
127946,4
128908,4
129869,4
130832,4
131794,4
132755,4
133718,4
134680,4
135641,4
136604,4
137566,4
138527,4
139490,4
140452,4
141413,4
142376,4
143338,4
144299,4
145262,4
146224,4
147185,4
148148,4
149110,4
150071,4
151034,4
151996,4
152957,4
153920,4
154882,4
155843,4
156806,4
157768,4
158729,4
159692,4
160654,4
161615,4
162578,4
163540,4
164501,4
165464,4
166426,4
167387,4
168350,4
169312,4
170273,4
171236,4
172198,4
173159,4
174122,4
175084,4
176045,4
177008,4
177970,4
178931,4
179894,4
180856,4
181817,4
182780,4
183742,4
184703,4
185666,4
186628,4
187590,4
188552,4
189514,4
190476,4
191438,4
192400,4
193362,4
194324,4
195286,4
196248,4
197210,4
198172,4
199134,4
200096,4
201058,4
202020,4
202982,4
203944,4
204906,4
205868,4
206830,4
207792,4
208754,4
209716,4
210678,4
211640,4
212601,4
213564,4
214526,4
215487,4
216450,4
217412,4
218373,4
219336,4
220298,4
221259,4
222222,4
223184,4
224145,4
225108,4
226070,4
227031,4
227994,4
228956,4
229917,4
230880,4
231842,4
232803,4
233766,4
234728,4
235689,4
236652,4
237614,4
238575,4
239538,4
240500,4
241461,4
242424,4
243386,4
244347,4
245310,4
246272,4
247233,4
248196,4
249158,4
250120,4
251081,4
252044,4
253006,4
253967,4
254930,4
255892,4
256853,4
257816,4
258778,4
259739,4
260702,4
261664,4
262625,4
263588,4
264550,4
265511,4
266474,4
267436,4
268397,4
269360,4
270322,4
271283,4
272246,4
273208,4
274169,4
275132,4
276094,4
277055,4
278018,4
278980,4
279941,4
280904,4
281866,4
282827,4
283790,4
284752,4
285713,4
286676,4
287638,4
288599,4
289562,4
290524,4
291485,4
292448,4
293410,4
294371,4
295334,4
296296,4
297257,4
298220,4
299182,4
300143,4
301106,4
302068,4
303029,4
303992,4
304954,4
305915,4
306878,4
307840,4
308801,4
309764,4
310726,4
311687,4
312650,4
313612,4
314573,4
315536,4
316498,4
317459,4
318422,4
319384,4
320345,4
321308,4
322270,4
323231,4
324194,4
325156,4
326117,4
327080,4
328042,4
329003,4
329966,4
330928,4
331889,4
332852,4
333814,4
334775,4
335738,4
336700,4
337661,4
338624,4
339586,4
340547,4
341510,4
342472,4
343433,4
344396,4
345358,4
346319,4
347282,4
348244,4
349205,4
350168,4
351130,4
352091,4
353054,4
354016,4
354977,4
355940,4
356902,4
357863,4
358826,4
359788,4
360749,4
361712,4
362674,4
363635,4
364598,4
365560,4
366521,4
367484,4
368446,4
369407,4
370370,4
371332,4
372294,4
373256,4
374218,4
375180,4
376142,4
377104,4
378066,4
379028,4
379990,4
380952,4
381914,4
382876,4
383838,4
384800,4
385762,4
386724,4
387686,4
388648,4
389610,4
390572,4
391534,4
392496,4
393458,4
394420,4
395382,4
396344,4
397306,4
398268,4
399230,4
400192,4
401154,4
402116,4
403078,4
404040,4
405002,4
405964,4
406926,4
407888,4
408850,4
409812,4
410774,4
411736,4
412698,4
413660,4
414622,4
415584,4
416546,4
417508,4
418470,4
419432,4
420394,4
421356,4
422318,4
423280,4
424242,4
425203,4
426166,4
427128,4
428089,4
429052,4
430014,4
430975,4
431938,4
432900,4
433861,4
434824,4
435786,4
436747,4
437710,4
438672,4
439633,4
440596,4
441558,4
442519,4
443482,4
444444,4
445405,4
446368,4
447330,4
448291,4
449254,4
450216,4
451177,4
452140,4
453102,4
454063,4
455026,4
455988,4
456949,4
457912,4
458874,4
459835,4
460798,4
461760,4
462721,4
463684,4
464646,4
465607,4
466570,4
467532,4
468493,4
469456,4
470418,4
471379,4
472342,4
473304,4
474265,4
475228,4
476190,4
477151,4
478114,4
479076,4
480037,4
481000,4
481962,4
482923,4
483886,4
484848,4
485809,4
486772,4
487734,4
488695,4
489658,4
490620,4
491581,4
492544,4
493506,4
494467,4
495430,4
496392,4
497353,4
498316,4
499278,4
500240,4
501202,4
502163,4
503125,4
504088,4
505050,4
506012,4
506974,4
507935,4
508897,4
509860,4
510822,4
511784,4
512746,4
513707,4
514669,4
515632,4
516594,4
517556,4
518518,4
519479,4
520441,4
521404,4
522366,4
523328,4
524290,4
525251,4
526214,4
527176,4
528138,4
529100,4
530062,4
531023,4
531986,4
532948,4
533910,4
534872,4
535834,4
536795,4
537758,4
538720,4
539682,4
540644,4
541606,4
542567,4
543530,4
544492,4
545454,4
546416,4
547378,4
548339,4
549302,4
550264,4
551226,4
552188,4
553150,4
554111,4
555074,4
556036,4
556998,4
557960,4
558922,4
559883,4
560846,4
561808,4
562770,4
563732,4
564694,4
565655,4
566618,4
567580,4
568542,4
569504,4
570466,4
571427,4
572390,4
573352,4
574314,4
575276,4
576238,4
577199,4
578162,4
579124,4
580086,4
581048,4
582010,4
582971,4
583934,4
584896,4
585858,4
586820,4
587782,4
588743,4
589706,4
590668,4
591630,4
592592,4
593554,4
594515,4
595478,4
596440,4
597402,4
598364,4
599326,4
600287,4
601250,4
602212,4
603174,4
604136,4
605098,4
606059,4
607022,4
607984,4
608946,4
609908,4
610870,4
611831,4
612794,4
613756,4
614718,4
615680,4
616642,4
617603,4
618566,4
619528,4
620490,4
621452,4
622414,4
623375,4
624338,4
625300,4
626262,4
627224,4
628186,4
629147,4
630110,4
631072,4
632034,4
632996,4
633958,4
634919,4
635882,4
636844,4
637806,4
638768,4
639730,4
640691,4
641654,4
642616,4
643578,4
644540,4
645502,4
646463,4
647426,4
648388,4
649350,4
650312,4
651274,4
652235,4
653198,4
654160,4
655122,4
656084,4
657046,4
658007,4
658970,4
659932,4
660894,4
661856,4
662818,4
663779,4
664742,4
665704,4
666666,4
667628,4
668590,4
669551,4
670514,4
671476,4
672438,4
673400,4
674362,4
675323,4
676286,4
677248,4
678210,4
679172,4
680134,4
681095,4
682058,4
683020,4
683982,4
684944,4
685906,4
686867,4
687829,4
688792,4
689754,4
690716,4
691678,4
692639,4
693601,4
694564,4
695526,4
696488,4
697450,4
698411,4
699373,4
700336,4
701298,4
702260,4
703222,4
704183,4
705145,4
706108,4
707070,4
708032,4
708994,4
709955,4
710917,4
711880,4
712842,4
713804,4
714766,4
715727,4
716689,4
717652,4
718614,4
719576,4
720538,4
721499,4
722461,4
723424,4
724386,4
725348,4
726310,4
727271,4
728233,4
729196,4
730158,4
731120,4
732082,4
733043,4
734005,4
734968,4
735930,4
736892,4
737854,4
738815,4
739777,4
740740,4
741702,4
742664,4
743626,4
744588,4
745549,4
746512,4
747474,4
748436,4
749398,4
750360,4
751321,4
752284,4
753246,4
754208,4
755170,4
756132,4
757093,4
758056,4
759018,4
759980,4
760942,4
761904,4
762865,4
763828,4
764790,4
765752,4
766714,4
767676,4
768637,4
769600,4
770562,4
771524,4
772486,4
773448,4
774409,4
775372,4
776334,4
777296,4
778258,4
779220,4
780181,4
781144,4
782106,4
783068,4
784030,4
784992,4
785953,4
786916,4
787878,4
788840,4
789802,4
790764,4
791725,4
792688,4
793650,4
794612,4
795574,4
796536,4
797497,4
798460,4
799422,4
800384,4
801346,4
802308,4
803269,4
804232,4
805194,4
806156,4
807118,4
808080,4
809041,4
810004,4
810966,4
811928,4
812890,4
813852,4
814813,4
815776,4
816738,4
817700,4
818662,4
819624,4
820585,4
821548,4
822510,4
823472,4
824434,4
825396,4
826357,4
827320,4
828282,4
829244,4
830206,4
831168,4
832129,4
833092,4
834054,4
835016,4
835978,4
836940,4
837901,4
838864,4
839826,4
840788,4
841750,4
842712,4
843673,4
844636,4
845598,4
846560,4
847522,4
848484,4
849445,4
850407,4
851370,4
852332,4
853294,4
854256,4
855217,4
856179,4
857142,4
858104,4
859066,4
860028,4
860989,4
861951,4
862914,4
863876,4
864838,4
865800,4
866761,4
867723,4
868686,4
869648,4
870610,4
871572,4
872533,4
873495,4
874458,4
875420,4
876382,4
877344,4
878305,4
879267,4
880230,4
881192,4
882154,4
883116,4
884077,4
885039,4
886002,4
886964,4
887926,4
888888,4
889849,4
890811,4
891774,4
892736,4
893698,4
894660,4
895621,4
896583,4
897546,4
898508,4
899470,4
900432,4
901393,4
902355,4
903318,4
904280,4
905242,4
906204,4
907165,4
908127,4
909090,4
910052,4
911014,4
911976,4
912937,4
913899,4
914862,4
915824,4
916786,4
917748,4
918709,4
919671,4
920634,4
921596,4
922558,4
923520,4
924481,4
925443,4
926406,4
927368,4
928330,4
929292,4
930253,4
931215,4
932178,4
933140,4
934102,4
935064,4
936025,4
936987,4
937950,4
938912,4
939874,4
940836,4
941797,4
942759,4
943722,4
944684,4
945646,4
946608,4
947569,4
948531,4
949494,4
950456,4
951418,4
952380,4
953341,4
954303,4
955266,4
956228,4
957190,4
958152,4
959113,4
960075,4
961038,4
962000,4
962962,4
963924,4
964885,4
965847,4
966810,4
967772,4
968734,4
969696,4
970657,4
971619,4
972582,4
973544,4
974506,4
975468,4
976429,4
977391,4
978354,4
979316,4
980278,4
981240,4
982201,4
983163,4
984126,4
985088,4
986050,4
987012,4
987974,4
988935,4
989898,4
990860,4
991822,4
992784,4
993746,4
994707,4
995670,4
996632,4
997594,4
998556,4
999518,4
1000480,4
1001442,4
1002404,4
1003366,4
1004327,4
1005290,4
1006251,4
1007214,4
1008176,4
1009137,4
1010100,4
1011061,4
1012024,4
1012986,4
1013948,4
1014910,4
1015871,4
1016834,4
1017795,4
1018758,4
1019720,4
1020681,4
1021644,4
1022605,4
1023568,4
1024529,4
1025492,4
1026454,4
1027415,4
1028378,4
1029339,4
1030302,4
1031264,4
1032225,4
1033188,4
1034149,4
1035112,4
1036073,4
1037036,4
1037998,4
1038959,4
1039922,4
1040883,4
1041846,4
1042808,4
1043769,4
1044732,4
1045693,4
1046656,4
1047617,4
1048580,4
1049542,4
1050503,4
1051466,4
1052428,4
1053390,4
1054352,4
1055313,4
1056276,4
1057238,4
1058200,4
1059162,4
1060124,4
1061086,4
1062047,4
1063010,4
1063972,4
1064934,4
1065896,4
1066857,4
1067820,4
1068782,4
1069744,4
1070706,4
1071668,4
1072630,4
1073591,4
1074554,4
1075516,4
1076478,4
1077440,4
1078401,4
1079364,4
1080326,4
1081288,4
1082250,4
1083212,4
1084174,4
1085135,4
1086098,4
1087060,4
1088022,4
1088984,4
1089945,4
1090908,4
1091870,4
1092832,4
1093794,4
1094756,4
1095718,4
1096679,4
1097642,4
1098604,4
1099566,4
1100528,4
1101489,4
1102452,4
1103414,4
1104376,4
1105338,4
1106300,4
1107262,4
1108223,4
1109186,4
1110148,4
1111110,4
1112072,4
1113033,4
1113996,4
1114958,4
1115920,4
1116882,4
1117844,4
1118806,4
1119767,4
1120730,4
1121692,4
1122654,4
1123616,4
1124577,4
1125540,4
1126502,4
1127464,4
1128426,4
1129388,4
1130350,4
1131311,4
1132274,4
1133236,4
1134198,4
1135160,4
1136121,4
1137084,4
1138046,4
1139008,4
1139970,4
1140932,4
1141894,4
1142855,4
1143818,4
1144780,4
1145742,4
1146704,4
1147665,4
1148628,4
1149590,4
1150552,4
1151514,4
1152476,4
1153438,4
1154399,4
1155362,4
1156324,4
1157286,4
1158248,4
1159209,4
1160172,4
1161134,4
1162096,4
1163058,4
1164020,4
1164982,4
1165943,4
1166906,4
1167868,4
1168830,4
1169792,4
1170753,4
1171716,4
1172678,4
1173640,4
1174602,4
1175564,4
1176526,4
1177487,4
1178450,4
1179412,4
1180374,4
1181336,4
1182297,4
1183260,4
1184222,4
1185184,4
1186146,4
1187108,4
1188070,4
1189031,4
1189994,4
1190956,4
1191918,4
1192880,4
1193841,4
1194804,4
1195766,4
1196728,4
1197690,4
1198652,4
1199614,4
1200575,4
1201538,4
1202500,4
1203462,4
1204424,4
1205385,4
1206348,4
1207309,4
1208272,4
1209234,4
1210196,4
1211158,4
1212119,4
1213082,4
1214044,4
1215006,4
1215968,4
1216929,4
1217892,4
1218853,4
1219816,4
1220778,4
1221740,4
1222702,4
1223663,4
1224626,4
1225588,4
1226550,4
1227512,4
1228473,4
1229436,4
1230397,4
1231360,4
1232322,4
1233284,4
1234246,4
1235207,4
1236170,4
1237132,4
1238094,4
1239056,4
1240018,4
1240980,4
1241941,4
1242904,4
1243866,4
1244828,4
1245790,4
1246751,4
1247714,4
1248676,4
1249638,4
1250600,4
1251562,4
1252524,4
1253485,4
1254448,4
1255410,4
1256372,4
1257334,4
1258295,4
1259258,4
1260220,4
1261182,4
1262144,4
1263106,4
1264068,4
1265029,4
1265992,4
1266954,4
1267916,4
1268878,4
1269839,4
1270802,4
1271764,4
1272726,4
1273688,4
1274650,4
1275612,4
1276573,4
1277536,4
1278498,4
1279460,4
1280422,4
1281383,4
1282346,4
1283308,4
1284270,4
1285232,4
1286194,4
1287156,4
1288117,4
1289080,4
1290042,4
1291004,4
1291966,4
1292927,4
1293890,4
1294852,4
1295814,4
1296776,4
1297738,4
1298700,4
1299661,4
1300624,4
1301586,4
1302548,4
1303510,4
1304471,4
1305434,4
1306396,4
1307358,4
1308320,4
1309282,4
1310244,4
1311205,4
1312168,4
1313130,4
1314092,4
1315054,4
1316015,4
1316978,4
1317940,4
1318902,4
1319864,4
1320826,4
1321788,4
1322749,4
1323712,4
1324674,4
1325636,4
1326598,4
1327559,4
1328522,4
1329484,4
1330446,4
1331408,4
1332370,4
1333332,4
1334293,4
1335256,4
1336218,4
1337180,4
1338142,4
1339103,4
1340066,4
1341028,4
1341990,4
1342952,4
1343914,4
1344876,4
1345837,4
1346800,4
1347762,4
1348724,4
1349686,4
1350647,4
1351610,4
1352572,4
1353534,4
1354496,4
1355458,4
1356420,4
1357381,4
1358344,4
1359306,4
1360268,4
1361230,4
1362191,4
1363154,4
1364116,4
1365078,4
1366040,4
1367002,4
1367964,4
1368925,4
1369888,4
1370850,4
1371812,4
1372774,4
1373735,4
1374698,4
1375659,4
1376622,4
1377584,4
1378546,4
1379508,4
1380469,4
1381432,4
1382394,4
1383356,4
1384318,4
1385279,4
1386242,4
1387203,4
1388166,4
1389128,4
1390090,4
1391052,4
1392013,4
1392976,4
1393938,4
1394900,4
1395862,4
1396823,4
1397786,4
1398747,4
1399710,4
1400672,4
1401634,4
1402596,4
1403557,4
1404520,4
1405482,4
1406444,4
1407406,4
1408367,4
1409330,4
1410291,4
1411254,4
1412216,4
1413178,4
1414140,4
1415101,4
1416064,4
1417026,4
1417988,4
1418950,4
1419911,4
1420874,4
1421835,4
1422798,4
1423760,4
1424722,4
1425684,4
1426645,4
1427608,4
1428570,4
1429532,4
1430494,4
1431455,4
1432418,4
1433379,4
1434342,4
1435304,4
1436266,4
1437228,4
1438189,4
1439152,4
1440114,4
1441076,4
1442038,4
1442999,4
1443962,4
1444923,4
1445886,4
1446848,4
1447810,4
1448772,4
1449733,4
1450696,4
1451658,4
1452620,4
1453582,4
1454543,4
1455506,4
1456467,4
1457430,4
1458392,4
1459354,4
1460316,4
1461277,4
1462240,4
1463202,4
1464164,4
1465126,4
1466087,4
1467050,4
1468011,4
1468974,4
1469936,4
1470898,4
1471860,4
1472821,4
1473784,4
1474746,4
1475708,4
1476670,4
1477631,4
1478594,4
1479555,4
1480518,4
1481480,4
1482442,4
1483404,4
1484365,4
1485328,4
1486290,4
1487252,4
1488214,4
1489176,4
1490138,4
1491099,4
1492062,4
1493024,4
1493986,4
1494948,4
1495909,4
1496872,4
1497834,4
1498796,4
1499758,4
1500720,4
1501682,4
1502643,4
1503606,4
1504568,4
1505530,4
1506492,4
1507453,4
1508416,4
1509378,4
1510340,4
1511302,4
1512264,4
1513226,4
1514187,4
1515150,4
1516112,4
1517074,4
1518036,4
1518997,4
1519960,4
1520922,4
1521884,4
1522846,4
1523808,4
1524770,4
1525731,4
1526694,4
1527656,4
1528618,4
1529580,4
1530541,4
1531504,4
1532466,4
1533428,4
1534390,4
1535352,4
1536314,4
1537275,4
1538238,4
1539200,4
1540162,4
1541124,4
1542085,4
1543048,4
1544009,4
1544972,4
1545934,4
1546896,4
1547858,4
1548819,4
1549782,4
1550744,4
1551706,4
1552668,4
1553629,4
1554592,4
1555553,4
1556516,4
1557478,4
1558440,4
1559402,4
1560363,4
1561326,4
1562288,4
1563250,4
1564212,4
1565173,4
1566136,4
1567097,4
1568060,4
1569022,4
1569984,4
1570946,4
1571907,4
1572870,4
1573832,4
1574794,4
1575756,4
1576717,4
1577680,4
1578641,4
1579604,4
1580566,4
1581528,4
1582490,4
1583451,4
1584414,4
1585376,4
1586338,4
1587300,4
1588261,4
1589224,4
1590185,4
1591148,4
1592110,4
1593072,4
1594034,4
1594995,4
1595958,4
1596920,4
1597882,4
1598844,4
1599805,4
1600768,4
1601729,4
1602692,4
1603654,4
1604616,4
1605578,4
1606539,4
1607502,4
1608464,4
1609426,4
1610388,4
1611349,4
1612312,4
1613273,4
1614236,4
1615198,4
1616160,4
1617122,4
1618083,4
1619046,4
1620008,4
1620970,4
1621932,4
1622893,4
1623856,4
1624817,4
1625780,4
1626742,4
1627704,4
1628666,4
1629627,4
1630590,4
1631552,4
1632514,4
1633476,4
1634437,4
1635400,4
1636361,4
1637324,4
1638286,4
1639248,4
1640210,4
1641171,4
1642134,4
1643096,4
1644058,4
1645020,4
1645981,4
1646944,4
1647905,4
1648868,4
1649830,4
1650792,4
1651754,4
1652715,4
1653678,4
1654640,4
1655602,4
1656564,4
1657525,4
1658488,4
1659449,4
1660412,4
1661374,4
1662336,4
1663298,4
1664259,4
1665222,4
1666184,4
1667146,4
1668108,4
1669069,4
1670032,4
1670993,4
1671956,4
1672918,4
1673880,4
1674842,4
1675803,4
1676766,4
1677728,4
1678690,4
1679652,4
1680613,4
1681576,4
1682537,4
1683500,4
1684462,4
1685424,4
1686386,4
1687347,4
1688310,4
1689272,4
1690234,4
1691196,4
1692157,4
1693120,4
1694081,4
1695044,4
1696006,4
1696968,4
1697930,4
1698891,4
1699854,4
1700815,4
1701778,4
1702740,4
1703701,4
1704664,4
1705625,4
1706588,4
1707550,4
1708512,4
1709474,4
1710435,4
1711398,4
1712359,4
1713322,4
1714284,4
1715245,4
1716208,4
1717169,4
1718132,4
1719094,4
1720056,4
1721018,4
1721979,4
1722942,4
1723903,4
1724866,4
1725828,4
1726790,4
1727752,4
1728713,4
1729676,4
1730638,4
1731600,4
1732562,4
1733523,4
1734486,4
1735447,4
1736410,4
1737372,4
1738334,4
1739296,4
1740257,4
1741220,4
1742182,4
1743144,4
1744106,4
1745067,4
1746030,4
1746991,4
1747954,4
1748916,4
1749878,4
1750840,4
1751801,4
1752764,4
1753726,4
1754688,4
1755650,4
1756611,4
1757574,4
1758535,4
1759498,4
1760460,4
1761422,4
1762384,4
1763345,4
1764308,4
1765270,4
1766232,4
1767194,4
1768155,4
1769118,4
1770079,4
1771042,4
1772004,4
1772966,4
1773928,4
1774889,4
1775852,4
1776814,4
1777776,4
1778738,4
1779699,4
1780662,4
1781623,4
1782586,4
1783548,4
1784510,4
1785472,4
1786433,4
1787396,4
1788358,4
1789320,4
1790282,4
1791243,4
1792206,4
1793167,4
1794130,4
1795092,4
1796054,4
1797016,4
1797977,4
1798940,4
1799902,4
1800864,4
1801826,4
1802787,4
1803750,4
1804711,4
1805674,4
1806636,4
1807598,4
1808560,4
1809521,4
1810484,4
1811446,4
1812408,4
1813370,4
1814331,4
1815294,4
1816255,4
1817218,4
1818180,4
1819142,4
1820104,4
1821065,4
1822028,4
1822990,4
1823952,4
1824914,4
1825875,4
1826838,4
1827799,4
1828762,4
1829724,4
1830686,4
1831648,4
1832609,4
1833572,4
1834534,4
1835496,4
1836458,4
1837419,4
1838382,4
1839343,4
1840306,4
1841268,4
1842230,4
1843192,4
1844153,4
1845116,4
1846078,4
1847040,4
1848002,4
1848963,4
1849926,4
1850887,4
1851850,4
1852812,4
1853774,4
1854736,4
1855697,4
1856660,4
1857622,4
1858584,4
1859546,4
1860507,4
1861470,4
1862431,4
1863394,4
1864356,4
1865318,4
1866280,4
1867241,4
1868204,4
1869165,4
1870128,4
1871090,4
1872051,4
1873014,4
1873975,4
1874938,4
1875900,4
1876862,4
1877824,4
1878785,4
1879748,4
1880709,4
1881672,4
1882634,4
1883595,4
1884558,4
1885519,4
1886482,4
1887444,4
1888406,4
1889368,4
1890329,4
1891292,4
1892253,4
1893216,4
1894178,4
1895139,4
1896102,4
1897063,4
1898026,4
1898988,4
1899950,4
1900912,4
1901873,4
1902836,4
1903797,4
1904760,4
1905722,4
1906683,4
1907646,4
1908607,4
1909570,4
1910532,4
1911494,4
1912456,4
1913417,4
1914380,4
1915341,4
1916304,4
1917266,4
1918227,4
1919190,4
1920151,4
1921114,4
1922076,4
1923038,4
1924000,4
1924961,4
1925924,4
1926885,4
1927848,4
1928810,4
1929771,4
1930734,4
1931695,4
1932658,4
1933620,4
1934582,4
1935544,4
1936505,4
1937468,4
1938429,4
1939392,4
1940354,4
1941315,4
1942278,4
1943239,4
1944202,4
1945164,4
1946126,4
1947088,4
1948049,4
1949012,4
1949973,4
1950936,4
1951898,4
1952859,4
1953822,4
1954783,4
1955746,4
1956708,4
1957670,4
1958632,4
1959593,4
1960556,4
1961517,4
1962480,4
1963442,4
1964403,4
1965366,4
1966327,4
1967290,4
1968252,4
1969214,4
1970176,4
1971137,4
1972100,4
1973061,4
1974024,4
1974986,4
1975948,4
1976910,4
1977871,4
1978834,4
1979796,4
1980758,4
1981720,4
1982681,4
1983644,4
1984605,4
1985568,4
1986530,4
1987492,4
1988454,4
1989415,4
1990378,4
1991340,4
1992302,4
1993264,4
1994225,4
1995188,4
1996149,4
1997112,4
1998074,4
1999036,4
1999998,4
2000960,4
2001922,4
2002884,4
2003845,4
2004808,4
2005770,4
2006732,4
2007693,4
2008655,4
2009618,4
2010580,4
2011542,4
2012503,4
2013465,4
2014428,4
2015390,4
2016352,4
2017313,4
2018275,4
2019238,4
2020200,4
2021162,4
2022123,4
2023085,4
2024048,4
2025010,4
2025972,4
2026933,4
2027896,4
2028858,4
2029820,4
2030781,4
2031743,4
2032706,4
2033668,4
2034630,4
2035591,4
2036553,4
2037516,4
2038478,4
2039440,4
2040401,4
2041363,4
2042326,4
2043288,4
2044250,4
2045211,4
2046173,4
2047136,4
2048098,4
2049059,4
2050021,4
2050984,4
2051946,4
2052908,4
2053869,4
2054831,4
2055794,4
2056756,4
2057718,4
2058679,4
2059641,4
2060604,4
2061566,4
2062528,4
2063489,4
2064451,4
2065414,4
2066376,4
2067338,4
2068299,4
2069261,4
2070224,4
2071186,4
2072147,4
2073109,4
2074072,4
2075034,4
2075996,4
2076957,4
2077919,4
2078882,4
2079844,4
2080806,4
2081767,4
2082729,4
2083692,4
2084654,4
2085616,4
2086577,4
2087539,4
2088502,4
2089464,4
2090426,4
2091387,4
2092349,4
2093312,4
2094274,4
2095235,4
2096197,4
2097160,4
2098122,4
2099084,4
2100046,4
2101007,4
2101970,4
2102932,4
2103894,4
2104856,4
2105817,4
2106780,4
2107742,4
2108704,4
2109666,4
2110627,4
2111590,4
2112552,4
2113514,4
2114476,4
2115437,4
2116400,4
2117362,4
2118324,4
2119286,4
2120248,4
2121210,4
2122172,4
2123134,4
2124095,4
2125058,4
2126020,4
2126982,4
2127944,4
2128905,4
2129868,4
2130830,4
2131792,4
2132754,4
2133715,4
2134678,4
2135640,4
2136602,4
2137564,4
2138525,4
2139488,4
2140450,4
2141412,4
2142374,4
2143336,4
2144298,4
2145260,4
2146222,4
2147183,4
2148146,4
2149108,4
2150070,4
2151032,4
2151993,4
2152956,4
2153918,4
2154880,4
2155842,4
2156803,4
2157766,4
2158728,4
2159690,4
2160652,4
2161613,4
2162576,4
2163538,4
2164500,4
2165462,4
2166424,4
2167386,4
2168348,4
2169310,4
2170271,4
2171234,4
2172196,4
2173158,4
2174120,4
2175081,4
2176044,4
2177006,4
2177968,4
2178930,4
2179891,4
2180854,4
2181816,4
2182778,4
2183740,4
2184701,4
2185664,4
2186626,4
2187588,4
2188550,4
2189512,4
2190474,4
2191436,4
2192398,4
2193359,4
2194322,4
2195284,4
2196246,4
2197208,4
2198169,4
2199132,4
2200094,4
2201056,4
2202018,4
2202979,4
2203942,4
2204904,4
2205866,4
2206828,4
2207789,4
2208752,4
2209714,4
2210676,4
2211638,4
2212600,4
2213562,4
2214524,4
2215486,4
2216447,4
2217410,4
2218372,4
2219334,4
2220296,4
2221257,4
2222220,4
2223182,4
2224144,4
2225106,4
2226067,4
2227030,4
2227992,4
2228954,4
2229916,4
2230878,4
2231840,4
2232802,4
2233764,4
2234726,4
2235688,4
2236650,4
2237612,4
2238574,4
2239535,4
2240498,4
2241460,4
2242422,4
2243384,4
2244345,4
2245308,4
2246270,4
2247232,4
2248194,4
2249155,4
2250118,4
2251080,4
2252042,4
2253004,4
2253966,4
2254928,4
2255890,4
2256852,4
2257813,4
2258776,4
2259738,4
2260700,4
2261662,4
2262623,4
2263586,4
2264548,4
2265510,4
2266472,4
2267433,4
2268396,4
2269358,4
2270320,4
2271282,4
2272243,4
2273206,4
2274168,6
2275130,6
2276092,6
2277054,6
2278016,6
2278978,6
2279940,6
2280901,6
2281864,6
2282826,6
2283788,6
2284750,6
2285711,6
2286674,6
2287636,6
2288598,6
2289560,6
2290521,6
2291484,6
2292446,6
2293408,6
2294370,6
2295331,6
2296294,6
2297256,6
2298218,6
2299180,6
2300142,6
2301104,6
2302066,6
2303028,6
2303989,6
2304952,6
2305914,6
2306876,2
2307838,2
2308799,2
2309762,2
2310724,2
2311686,2
2312648,2
2313609,2
2314572,2
2315534,2
2316496,2
2317458,2
2318419,2
2319382,2
2320344,2
2321306,2
2322268,2
2323230,2
2324192,2
2325154,3
2326116,3
2327077,3
2328040,3
2329002,3
2329964,3
2330926,3
2331887,3
2332850,3
2333812,3
2334774,3
2335736,3
2336697,3
2337660,3
2338622,3
2339584,1
2340546,1
2341507,1
2342470,1
2343432,1
2344394,1
2345356,1
2346318,1
2347280,1
2348242,1
2349204,1
2350165,1
2351128,1
2352090,5
2353052,5
2354014,5
2354975,5
2355938,5
2356900,5
2357862,5
2358824,5
2359785,5
2360748,5
2361710,5
2362672,5
2363634,4
2364595,4
2365558,4
2366520,4
2367482,4
2368444,4
2369406,4
2370368,4
2371330,4
2372292,4
2373253,6
2374216,6
2375178,6
2376140,6
2377102,6
2378063,6
2379026,6
2379988,6
2380950,6
2381912,6
2382873,2
2383836,2
2384798,2
2385760,2
2386722,2
2387683,2
2388646,2
2389608,2
2390570,2
2391532,3
2392494,3
2393456,3
2394418,3
2395380,3
2396341,3
2397304,3
2398266,3
2399228,1
2400190,1
2401151,1
2402114,1
2403076,1
2404038,1
2405000,1
2405961,1
2406924,5
2407886,5
2408848,5
2409810,5
2410771,5
2411734,5
2412696,5
2413658,5
2414619,4
2415582,4
2416544,4
2417506,4
2418468,4
2419429,4
2420392,4
2421354,4
2422316,6
2423278,6
2424239,6
2425202,6
2426164,6
2427126,6
2428088,6
2429049,2
2430012,2
2430974,2
2431936,2
2432898,2
2433859,2
2434822,2
2435784,3
2436746,3
2437707,3
2438670,3
2439632,3
2440594,3
2441556,1
2442517,1
2443480,1
2444442,1
2445404,1
2446366,1
2447327,1
2448290,5
2449252,5
2450214,5
2451176,5
2452137,5
2453100,5
2454062,4
2455024,4
2455986,4
2456947,4
2457910,4
2458872,4
2459834,4
2460795,6
2461758,6
2462720,6
2463682,6
2464644,6
2465605,6
2466568,2
2467530,2
2468492,2
2469454,2
2470415,2
2471378,2
2472340,3
2473302,3
2474264,3
2475225,3
2476188,3
2477150,1
2478112,1
2479074,1
2480036,1
2480998,1
2481960,1
2482922,5
2483883,5
2484846,5
2485808,5
2486770,5
2487732,5
2488693,4
2489656,4
2490618,4
2491580,4
2492542,4
2493503,6
2494466,6
2495428,6
2496390,6
2497352,6
2498313,2
2499276,2
2500238,2
2501200,2
2502162,2
2503124,2
2504086,3
2505048,3
2506010,3
2506971,3
2507934,3
2508896,1
2509858,1
2510820,1
2511781,1
2512744,1
2513706,5
2514668,5
2515630,5
2516591,5
2517554,5
2518516,4
2519478,4
2520440,4
2521401,4
2522364,4
2523326,6
2524288,6
2525250,6
2526212,6
2527174,6
2528136,2
2529098,2
2530059,2
2531022,2
2531984,2
2532946,3
2533908,3
2534869,3
2535832,3
2536794,3
2537756,1
2538718,1
2539679,1
2540642,1
2541604,5
2542566,5
2543528,5
2544489,5
2545452,5
2546414,4
2547376,4
2548338,4
2549300,4
2550262,4
2551224,6
2552186,6
2553147,6
2554110,6
2555072,2
2556034,2
2556996,2
2557957,2
2558920,2
2559882,3
2560844,3
2561806,3
2562767,3
2563730,1
2564692,1
2565654,1
2566616,1
2567577,5
2568540,5
2569502,5
2570464,5
2571426,5
2572388,4
2573350,4
2574312,4
2575274,4
2576235,6
2577198,6
2578160,6
2579122,6
2580084,2
2581045,2
2582008,2
2582970,2
2583932,2
2584894,3
2585855,3
2586818,3
2587780,3
2588742,1
2589704,1
2590665,1
2591628,1
2592590,5
2593552,5
2594513,5
2595476,5
2596438,4
2597400,4
2598362,4
2599323,4
2600286,6
2601248,6
2602210,6
2603172,6
2604133,2
2605096,2
2606058,2
2607020,2
2607982,3
2608943,3
2609906,3
2610868,3
2611830,1
2612792,1
2613753,1
2614716,1
2615678,5
2616640,5
2617601,5
2618564,5
2619526,4
2620488,4
2621450,4
2622411,4
2623374,6
2624336,6
2625298,6
2626260,6
2627221,2
2628184,2
2629146,2
2630108,2
2631070,3
2632031,3
2632994,3
2633956,3
2634918,1
2635880,1
2636841,1
2637804,1
2638766,5
2639728,5
2640689,5
2641652,5
2642614,4
2643576,4
2644538,4
2645499,6
2646462,6
2647424,6
2648386,6
2649348,2
2650309,2
2651272,2
2652234,2
2653196,3
2654158,3
2655119,3
2656082,1
2657044,1
2658006,1
2658968,1
2659929,5
2660892,5
2661854,5
2662816,5
2663777,4
2664740,4
2665702,4
2666664,6
2667626,6
2668587,6
2669550,6
2670512,2
2671474,2
2672436,2
2673397,2
2674360,3
2675322,3
2676284,3
2677246,1
2678207,1
2679170,1
2680132,1
2681094,5
2682056,5
2683017,5
2683980,4
2684942,4
2685904,4
2686865,4
2687828,6
2688790,6
2689752,6
2690714,2
2691675,2
2692638,2
2693600,2
2694562,3
2695524,3
2696485,3
2697448,1
2698410,1
2699372,1
2700334,1
2701295,5
2702258,5
2703220,5
2704182,4
2705144,4
2706105,4
2707068,4
2708030,6
2708992,6
2709953,6
2710916,2
2711878,2
2712840,2
2713802,3
2714763,3
2715726,3
2716688,3
2717650,1
2718612,1
2719573,1
2720536,5
2721498,5
2722460,5
2723422,5
2724383,4
2725346,4
2726308,4
2727270,6
2728232,6
2729194,6
2730156,2
2731118,2
2732080,2
2733041,3
2734004,3
2734966,3
2735928,3
2736890,1
2737851,1
2738814,1
2739776,5
2740738,5
2741700,5
2742661,4
2743624,4
2744586,4
2745548,4
2746510,6
2747471,6
2748434,6
2749396,2
2750358,2
2751319,2
2752282,3
2753244,3
2754206,3
2755168,1
2756129,1
2757092,1
2758054,5
2759016,5
2759978,5
2760939,5
2761902,4
2762864,4
2763826,4
2764788,6
2765749,6
2766712,6
2767674,2
2768636,2
2769598,2
2770559,3
2771522,3
2772484,3
2773446,1
2774407,1
2775370,1
2776332,5
2777294,5
2778256,5
2779217,5
2780180,4
2781142,4
2782104,4
2783066,6
2784027,6
2784990,6
2785952,2
2786914,2
2787876,2
2788837,3
2789800,3
2790762,3
2791724,1
2792686,1
2793647,1
2794610,5
2795572,5
2796534,5
2797495,4
2798458,4
2799420,4
2800382,6
2801344,6
2802305,6
2803268,2
2804230,2
2805192,2
2806154,3
2807115,3
2808078,3
2809040,1
2810002,1
2810964,1
2811925,5
2812888,5
2813850,5
2814812,4
2815774,4
2816735,4
2817698,6
2818660,6
2819622,6
2820583,2
2821546,2
2822508,2
2823470,3
2824432,3
2825393,3
2826356,1
2827318,1
2828280,1
2829242,5
2830203,5
2831166,5
2832128,4
2833090,4
2834052,4
2835013,6
2835976,6
2836938,6
2837900,2
2838862,2
2839823,2
2840786,3
2841748,3
2842710,3
2843671,1
2844634,1
2845596,1
2846558,5
2847520,5
2848481,5
2849444,4
2850406,4
2851368,4
2852330,6
2853291,6
2854254,6
2855216,2
2856178,2
2857140,2
2858101,3
2859064,3
2860026,3
2860988,1
2861950,1
2862911,5
2863874,5
2864836,5
2865798,4
2866759,4
2867722,4
2868684,6
2869646,6
2870608,6
2871569,2
2872532,2
2873494,2
2874456,3
2875418,3
2876379,3
2877342,1
2878304,1
2879266,1
2880228,5
2881189,5
2882152,4
2883114,4
2884076,4
2885038,6
2885999,6
2886962,6
2887924,2
2888886,2
2889847,2
2890810,3
2891772,3
2892734,3
2893696,1
2894657,1
2895620,1
2896582,5
2897544,5
2898506,4
2899467,4
2900430,4
2901392,6
2902354,6
2903316,6
2904277,2
2905240,2
2906202,2
2907164,3
2908125,3
2909087,1
2910050,1
2911012,1
2911974,5
2912935,5
2913898,5
2914860,4
2915822,4
2916784,4
2917745,6
2918708,6
2919670,6
2920632,2
2921594,2
2922555,3
2923518,3
2924480,3
2925442,1
2926404,1
2927365,1
2928328,5
2929290,5
2930252,5
2931213,4
2932175,4
2933138,6
2934100,6
2935062,6
2936023,2
2936986,2
2937948,2
2938910,3
2939872,3
2940833,1
2941796,1
2942758,1
2943720,5
2944682,5
2945643,5
2946606,4
2947568,4
2948530,4
2949492,6
2950453,6
2951416,2
2952378,2
2953340,2
2954301,3
2955263,3
2956226,3
2957188,1
2958150,1
2959111,5
2960074,5
2961036,5
2961998,4
2962960,4
2963921,4
2964884,6
2965846,6
2966808,2
2967770,2
2968731,2
2969694,3
2970656,3
2971618,3
2972580,1
2973541,1
2974504,5
2975466,5
2976428,5
2977389,4
2978352,4
2979314,4
2980276,6
2981238,6
2982199,2
2983162,2
2984124,2
2985086,3
2986048,3
2987009,3
2987972,1
2988934,1
2989896,5
2990858,5
2991819,5
2992782,4
2993744,4
2994706,6
2995668,6
2996629,6
2997592,2
2998554,2
2999516,2
3000477,3
3001440,3
3002402,1
3003364,1
3004326,1
3005287,5
3006250,5
3007212,4
3008174,4
3009136,4
3010097,6
3011060,6
3012022,6
3012984,2
3013946,2
3014907,3
3015870,3
3016832,3
3017794,1
3018756,1
3019717,5
3020680,5
3021642,5
3022604,4
3023565,4
3024528,4
3025490,6
3026452,6
3027414,2
3028375,2
3029338,2
3030300,3
3031262,3
3032224,1
3033185,1
3034148,1
3035110,5
3036072,5
3037034,4
3037995,4
3038958,4
3039920,6
3040882,6
3041844,6
3042805,2
3043768,2
3044730,3
3045692,3
3046653,3
3047616,1
3048578,1
3049540,5
3050502,5
3051463,5
3052426,4
3053388,4
3054350,6
3055312,6
3056273,6
3057236,2
3058198,2
3059160,3
3060122,3
3061083,3
3062046,1
3063008,1
3063970,5
3064932,5
3065893,5
3066856,4
3067818,4
3068780,6
3069741,6
3070704,6
3071666,2
3072628,2
3073590,3
3074551,3
3075514,3
3076476,1
3077438,1
3078400,5
3079361,5
3080324,5
3081286,4
3082248,4
3083210,6
3084171,6
3085134,6
3086096,2
3087058,2
3088019,3
3088981,3
3089944,3
3090906,1
3091868,1
3092829,5
3093792,5
3094754,5
3095716,4
3096678,4
3097639,6
3098602,6
3099564,6
3100526,2
3101488,2
3102449,3
3103412,3
3104374,3
3105336,1
3106298,1
3107259,5
3108222,5
3109184,5
3110146,4
3111107,4
3112069,6
3113032,6
3113994,6
3114956,2
3115917,2
3116880,3
3117842,3
3118804,3
3119766,1
3120727,1
3121690,5
3122652,5
3123614,5
3124576,4
3125537,4
3126500,6
3127462,6
3128424,2
3129386,2
3130347,2
3131310,3
3132272,3
3133234,1
3134195,1
3135157,1
3136120,5
3137082,5
3138044,4
3139005,4
3139968,4
3140930,6
3141892,6
3142854,2
3143815,2
3144778,2
3145740,3
3146702,3
3147664,1
3148625,1
3149588,5
3150550,5
3151512,5
3152474,4
3153435,4
3154398,6
3155360,6
3156322,6
3157283,2
3158245,2
3159208,3
3160170,3
3161132,3
3162093,1
3163056,1
3164018,5
3164980,5
3165942,4
3166903,4
3167866,4
3168828,6
3169790,6
3170752,2
3171713,2
3172676,2
3173638,3
3174600,3
3175562,1
3176523,1
3177486,5
3178448,5
3179410,5
3180371,4
3181333,4
3182296,6
3183258,6
3184220,6
3185181,2
3186144,2
3187106,3
3188068,3
3189030,1
3189991,1
3190954,1
3191916,5
3192878,5
3193840,4
3194801,4
3195764,4
3196726,6
3197688,6
3198650,2
3199611,2
3200574,3
3201536,3
3202498,3
3203459,1
3204422,1
3205384,5
3206346,5
3207308,4
3208269,4
3209232,4
3210194,6
3211156,6
3212118,2
3213079,2
3214042,2
3215004,3
3215966,3
3216928,1
3217889,1
3218852,5
3219814,5
3220776,5
3221738,4
3222699,4
3223662,6
3224624,6
3225586,2
3226547,2
3227510,2
3228472,3
3229434,3
3230396,1
3231357,1
3232320,5
3233282,5
3234244,5
3235206,4
3236167,4
3237130,6
3238092,6
3239054,6
3240016,2
3240977,2
3241940,3
3242902,3
3243864,1
3244825,1
3245787,1
3246750,5
3247712,5
3248674,4
3249635,4
3250598,6
3251560,6
3252522,6
3253484,2
3254445,2
3255408,3
3256370,3
3257332,1
3258294,1
3259255,1
3260218,5
3261180,5
3262142,4
3263104,4
3264065,6
3265028,6
3265990,6
3266952,2
3267913,2
3268875,3
3269838,3
3270800,1
3271762,1
3272723,1
3273686,5
3274648,5
3275610,4
3276572,4
3277533,6
3278496,6
3279458,6
3280420,2
3281382,2
3282343,3
3283306,3
3284268,1
3285230,1
3286192,1
3287153,5
3288116,5
3289078,4
3290040,4
3291001,6
3291963,6
3292926,2
3293888,2
3294850,2
3295811,3
3296774,3
3297736,1
3298698,1
3299660,5
3300621,5
3301584,5
3302546,4
3303508,4
3304470,6
3305431,6
3306394,2
3307356,2
3308318,2
3309280,3
3310241,3
3311204,1
3312166,1
3313128,5
3314089,5
3315051,5
3316014,4
3316976,4
3317938,6
3318899,6
3319862,2
3320824,2
3321786,3
3322748,3
3323709,3
3324672,1
3325634,1
3326596,5
3327558,5
3328519,4
3329482,4
3330444,4
3331406,6
3332368,6
3333329,2
3334292,2
3335254,3
3336216,3
3337177,1
3338139,1
3339102,1
3340064,5
3341026,5
3341987,4
3342950,4
3343912,6
3344874,6
3345836,6
3346797,2
3347760,2
3348722,3
3349684,3
3350646,1
3351607,1
3352570,5
3353532,5
3354494,5
3355456,4
3356417,4
3357380,6
3358342,6
3359304,2
3360265,2
3361227,3
3362190,3
3363152,3
3364114,1
3365075,1
3366038,5
3367000,5
3367962,4
3368924,4
3369885,4
3370848,6
3371810,6
3372772,2
3373734,2
3374695,3
3375658,3
3376620,1
3377582,1
3378544,1
3379505,5
3380468,5
3381430,4
3382392,4
3383353,6
3384315,6
3385278,2
3386240,2
3387202,2
3388163,3
3389126,3
3390088,1
3391050,1
3392012,5
3392973,5
3393936,4
3394898,4
3395860,4
3396822,6
3397783,6
3398746,2
3399708,2
3400670,3
3401631,3
3402593,1
3403556,1
3404518,1
3405480,5
3406441,5
3407403,4
3408366,4
3409328,6
3410290,6
3411251,2
3412214,2
3413176,2
3414138,3
3415100,3
3416061,1
3417024,1
3417986,5
3418948,5
3419910,4
3420871,4
3421834,4
3422796,6
3423758,6
3424719,2
3425681,2
3426644,3
3427606,3
3428568,1
3429529,1
3430491,5
3431454,5
3432416,5
3433378,4
3434339,4
3435302,6
3436264,6
3437226,2
3438188,2
3439149,3
3440112,3
3441074,3
3442036,1
3442998,1
3443959,5
3444922,5
3445884,4
3446846,4
3447807,6
3448769,6
3449732,6
3450694,2
3451656,2
3452617,3
3453580,3
3454542,1
3455504,1
3456466,5
3457427,5
3458390,4
3459352,4
3460314,4
3461276,6
3462237,6
3463200,2
3464162,2
3465124,3
3466086,3
3467047,1
3468010,1
3468972,1
3469934,5
3470895,5
3471857,4
3472820,4
3473782,6
3474744,6
3475705,2
3476668,2
3477630,3
3478592,3
3479554,3
3480515,1
3481478,1
3482440,5
3483402,5
3484364,4
3485325,4
3486288,6
3487250,6
3488212,2
3489174,2
3490135,2
3491098,3
3492060,3
3493022,1
3493983,1
3494945,5
3495908,5
3496870,4
3497832,4
3498793,6
3499756,6
3500718,6
3501680,2
3502642,2
3503603,3
3504566,3
3505528,1
3506490,1
3507452,5
3508413,5
3509376,4
3510338,4
3511300,4
3512262,6
3513223,6
3514186,2
3515148,2
3516110,3
3517071,3
3518033,1
3518996,1
3519958,5
3520920,5
3521881,5
3522844,4
3523806,4
3524768,6
3525730,6
3526691,2
3527654,2
3528616,3
3529578,3
3530540,1
3531501,1
3532464,1
3533426,5
3534388,5
3535350,4
3536311,4
3537274,6
3538236,6
3539198,2
3540159,2
3541121,3
3542084,3
3543046,3
3544008,1
3544969,1
3545932,5
3546894,5
3547856,4
3548818,4
3549779,6
3550742,6
3551704,2
3552666,2
3553628,3
3554589,3
3555552,3
3556514,1
3557476,1
3558438,5
3559399,5
3560362,4
3561324,4
3562286,6
3563247,6
3564209,2
3565172,2
3566134,2
3567096,3
3568057,3
3569020,1
3569982,1
3570944,5
3571906,5
3572867,4
3573830,4
3574792,6
3575754,6
3576716,2
3577677,2
3578640,2
3579602,3
3580564,3
3581525,1
3582487,1
3583450,5
3584412,5
3585374,4
3586335,4
3587297,6
3588260,6
3589222,2
3590184,2
3591145,2
3592108,3
3593070,3
3594032,1
3594994,1
3595955,5
3596918,5
3597880,4
3598842,4
3599804,6
3600765,6
3601728,2
3602690,2
3603652,2
3604613,3
3605575,3
3606538,1
3607500,1
3608462,5
3609423,5
3610385,4
3611348,4
3612310,6
3613272,6
3614233,2
3615196,2
3616158,2
3617120,3
3618082,3
3619043,1
3620006,1
3620968,5
3621930,5
3622892,4
3623853,4
3624816,6
3625778,6
3626740,2
3627701,2
3628663,2
3629626,3
3630588,3
3631550,1
3632511,1
3633473,5
3634436,5
3635398,4
3636360,4
3637321,6
3638284,6
3639246,2
3640208,2
3641170,3
3642131,3
3643094,3
3644056,1
3645018,1
3645980,5
3646941,5
3647904,4
3648866,4
3649828,6
3650789,6
3651751,2
3652714,2
3653676,3
3654638,3
3655599,3
3656561,1
3657524,1
3658486,5
3659448,5
3660409,4
3661372,4
3662334,6
3663296,6
3664258,2
3665219,2
3666182,3
3667144,3
3668106,1
3669068,1
3670029,1
3670992,5
3671954,5
3672916,4
3673877,4
3674839,6
3675802,6
3676764,2
3677726,2
3678687,3
3679649,3
3680612,1
3681574,1
3682536,5
3683497,5
3684460,5
3685422,4
3686384,4
3687346,6
3688307,6
3689270,2
3690232,2
3691194,3
3692156,3
3693117,1
3694080,1
3695042,5
3696004,5
3696965,4
3697927,4
3698890,4
3699852,6
3700814,6
3701775,2
3702738,2
3703700,3
3704662,3
3705624,1
3706585,1
3707548,5
3708510,5
3709472,4
3710434,4
3711395,6
3712358,6
3713320,6
3714282,2
3715244,2
3716205,3
3717168,3
3718130,1
3719092,1
3720053,5
3721015,5
3721978,4
3722940,4
3723902,6
3724863,6
3725826,2
3726788,2
3727750,3
3728712,3
3729673,3
3730636,1
3731598,1
3732560,5
3733522,5
3734483,4
3735446,4
3736408,6
3737370,6
3738331,2
3739293,2
3740256,3
3741218,3
3742180,1
3743141,1
3744103,1
3745066,5
3746028,5
3746990,4
3747951,4
3748914,6
3749876,6
3750838,2
3751800,2
3752761,3
3753724,3
3754686,1
3755648,1
3756610,5
3757571,5
3758534,4
3759496,4
3760458,4
3761419,6
3762381,6
3763344,2
3764306,2
3765268,3
3766229,3
3767191,1
3768154,1
3769116,5
3770078,5
3771039,4
3772002,4
3772964,6
3773926,6
3774888,2
3775849,2
3776812,2
3777774,3
3778736,3
3779698,1
3780659,1
3781622,5
3782584,5
3783546,4
3784507,4
3785469,6
3786432,6
3787394,2
3788356,2
3789317,3
3790279,3
3791242,1
3792204,1
3793166,5
3794127,5
3795090,5
3796052,4
3797014,4
3797976,6
3798937,6
3799900,2
3800862,2
3801824,3
3802786,3
3803747,1
3804710,1
3805672,5
3806634,5
3807595,4
3808557,4
3809520,6
3810482,6
3811444,2
3812405,2
3813367,2
3814330,3
3815292,3
3816254,1
3817215,1
3818178,5
3819140,5
3820102,4
3821064,4
3822025,6
3822988,6
3823950,2
3824912,2
3825874,3
3826835,3
3827798,1
3828760,1
3829722,5
3830683,5
3831645,5
3832608,4
3833570,4
3834532,6
3835493,6
3836455,2
3837418,2
3838380,3
3839342,3
3840303,1
3841266,1
3842228,5
3843190,5
3844152,4
3845113,4
3846076,6
3847038,6
3848000,2
3848962,2
3849923,2
3850886,3
3851848,3
3852810,1
3853771,1
3854733,5
3855696,5
3856658,4
3857620,4
3858581,6
3859543,6
3860506,2
3861468,2
3862430,3
3863391,3
3864354,1
3865316,1
3866278,5
3867240,5
3868201,5
3869164,4
3870126,4
3871088,6
3872050,6
3873011,2
3873974,2
3874936,3
3875898,3
3876859,1
3877821,1
3878784,5
3879746,5
3880708,4
3881669,4
3882631,6
3883594,6
3884556,2
3885518,2
3886479,3
3887442,3
3888404,3
3889366,1
3890328,1
3891289,5
3892252,5
3893214,4
3894176,4
3895138,6
3896099,6
3897062,2
3898024,2
3898986,3
3899947,3
3900909,1
3901872,1
3902834,5
3903796,5
3904757,4
3905719,4
3906682,6
3907644,6
3908606,2
3909567,2
3910530,2
3911492,3
3912454,3
3913416,1
3914377,1
3915340,5
3916302,5
3917264,4
3918225,4
3919187,6
3920150,6
3921112,2
3922074,2
3923035,3
3923997,3
3924960,1
3925922,1
3926884,5
3927845,5
3928807,4
3929770,4
3930732,4
3931694,6
3932655,6
3933618,2
3934580,2
3935542,3
3936504,3
3937465,1
3938428,1
3939390,5
3940352,5
3941313,4
3942275,4
3943238,6
3944200,6
3945162,2
3946123,2
3947085,3
3948048,3
3949010,1
3949972,1
3950933,5
3951896,5
3952858,5
3953820,4
3954782,4
3955743,6
3956706,6
3957668,2
3958630,2
3959592,3
3960553,3
3961516,1
3962478,1
3963440,5
3964401,5
3965363,4
3966326,4
3967288,6
3968250,6
3969211,2
3970173,2
3971136,3
3972098,3
3973060,1
3974021,1
3974984,5
3975946,5
3976908,5
3977870,4
3978831,4
3979794,6
3980756,6
3981718,2
3982680,2
3983641,3
3984604,3
3985566,1
3986528,1
3987489,5
3988451,5
3989414,4
3990376,4
3991338,6
3992299,6
3993261,2
3994224,2
3995186,3
3996148,3
3997109,1
3998072,1
3999034,1
3999996,5
4000958,5
4001920,4
4002881,4
4003844,6
4004805,6
4005768,2
4006730,2
4007691,3
4008654,3
4009616,1
4010577,1
4011540,5
4012501,5
4013464,4
4014426,4
4015387,6
4016350,6
4017311,2
4018274,2
4019236,3
4020197,3
4021160,1
4022121,1
4023084,5
4024046,5
4025007,5
4025970,4
4026931,4
4027894,6
4028856,6
4029817,2
4030780,2
4031741,3
4032704,3
4033666,1
4034627,1
4035590,5
4036551,5
4037514,4
4038476,4
4039437,6
4040400,6
4041361,2
4042324,2
4043286,3
4044247,3
4045210,1
4046171,1
4047134,5
4048096,5
4049057,4
4050020,4
4050981,4
4051944,6
4052906,6
4053867,2
4054830,2
4055792,3
4056753,3
4057716,1
4058677,1
4059640,5
4060602,5
4061563,4
4062526,4
4063487,6
4064450,6
4065412,2
4066373,2
4067336,3
4068297,3
4069260,1
4070222,1
4071183,5
4072146,5
4073107,4
4074070,4
4075032,6
4075993,6
4076956,6
4077917,2
4078880,2
4079842,3
4080803,3
4081766,1
4082727,1
4083690,5
4084652,5
4085613,4
4086576,4
4087537,6
4088500,6
4089462,2
4090423,2
4091386,3
4092347,3
4093310,1
4094272,1
4095233,5
4096196,5
4097157,4
4098119,4
4099082,6
4100043,6
4101006,2
4101968,2
4102929,3
4103892,3
4104853,3
4105816,1
4106778,1
4107739,5
4108702,5
4109663,4
4110626,4
4111588,6
4112549,6
4113512,2
4114473,2
4115436,3
4116398,3
4117359,1
4118322,1
4119283,5
4120246,5
4121208,4
4122169,4
4123132,6
4124093,6
4125056,2
4126018,2
4126979,3
4127942,3
4128903,1
4129866,1
4130828,5
4131789,5
4132752,4
4133713,4
4134676,4
4135638,6
4136599,6
4137562,2
4138523,2
4139486,3
4140448,3
4141409,1
4142372,1
4143333,5
4144295,5
4145258,4
4146219,4
4147182,6
4148144,6
4149105,2
4150068,2
4151029,3
4151992,3
4152954,1
4153915,1
4154878,5
4155839,5
4156802,4
4157764,4
4158725,6
4159688,6
4160649,2
4161612,2
4162574,3
4163535,3
4164498,3
4165459,1
4166422,1
4167384,5
4168345,5
4169308,4
4170269,4
4171232,6
4172194,6
4173155,2
4174118,2
4175079,3
4176042,3
4177004,1
4177965,1
4178928,5
4179889,5
4180852,4
4181814,4
4182775,6
4183738,6
4184699,2
4185662,2
4186624,3
4187585,3
4188548,1
4189510,1
4190471,5
4191434,5
4192395,4
4193358,4
4194320,6
4195282,6
4196244,6
4197206,2
4198168,2
4199130,3
4200092,3
4201054,1
4202015,1
4202978,5
4203940,5
4204902,4
4205864,4
4206825,6
4207788,6
4208750,2
4209712,2
4210674,3
4211635,3
4212598,1
4213560,1
4214522,5
4215484,5
4216445,4
4217408,4
4218370,6
4219332,6
4220294,2
4221255,2
4222218,3
4223180,3
4224142,1
4225104,1
4226065,5
4227028,5
4227990,5
4228952,4
4229914,4
4230875,6
4231838,6
4232800,2
4233762,2
4234724,3
4235686,3
4236648,1
4237610,1
4238572,5
4239534,5
4240496,4
4241458,4
4242420,6
4243382,6
4244344,2
4245306,2
4246268,3
4247230,3
4248191,1
4249154,1
4250116,5
4251078,5
4252040,4
4253001,4
4253964,6
4254926,6
4255888,2
4256850,2
4257811,3
4258774,3
4259736,1
4260698,1
4261660,5
4262621,5
4263584,5
4264546,4
4265508,4
4266470,6
4267431,6
4268394,2
4269356,2
4270318,3
4271280,3
4272241,1
4273204,1
4274166,5
4275128,5
4276090,4
4277051,4
4278014,6
4278976,6
4279938,2
4280900,2
4281862,3
4282824,3
4283786,1
4284748,1
4285710,5
4286672,5
4287634,4
4288596,4
4289558,6
4290520,6
4291482,2
4292444,2
4293406,3
4294367,3
4295330,1
4296292,1
4297254,5
4298216,5
4299177,5
4300140,4
4301102,4
4302064,6
4303026,6
4303987,2
4304950,2
4305912,3
4306874,3
4307836,1
4308797,1
4309760,5
4310722,5
4311684,4
4312646,4
4313607,6
4314570,6
4315532,2
4316494,2
4317456,3
4318417,3
4319380,1
4320342,1
4321304,5
4322266,5
4323227,4
4324190,4
4325152,6
4326114,6
4327076,2
4328038,2
4329000,3
4329962,3
4330924,1
4331886,1
4332848,5
4333810,5
4334772,4
4335733,4
4336696,6
4337658,6
4338620,6
4339582,2
4340543,2
4341506,3
4342468,3
4343430,1
4344392,1
4345353,5
4346316,5
4347278,4
4348240,4
4349202,6
4350163,6
4351126,2
4352088,2
4353050,3
4354012,3
4354973,1
4355936,1
4356898,5
4357860,5
4358822,4
4359783,4
4360746,6
4361708,6
4362670,2
4363632,2
4364593,3
4365556,3
4366518,1
4367480,1
4368442,5
4369403,5
4370366,4
4371328,4
4372290,6
4373252,6
4374214,2
4375176,2
4376138,3
4377100,3
4378062,3
4379024,1
4379986,1
4380948,5
4381909,5
4382872,4
4383834,4
4384796,6
4385758,6
4386719,2
4387682,2
4388644,3
4389606,3
4390568,1
4391529,1
4392492,5
4393454,5
4394416,4
4395378,4
4396339,6
4397302,6
4398264,2
4399226,2
4400188,3
4401149,3
4402112,1
4403074,1
4404036,5
4404998,5
4405959,4
4406922,4
4407884,6
4408846,6
4409808,2
4410769,2
4411732,3
4412694,3
4413656,1
4414618,1
4415579,5
4416542,5
4417504,4
4418466,4
4419428,4
4420390,6
4421352,6
4422314,2
4423276,2
4424238,3
4425200,3
4426162,1
4427124,1
4428085,5
4429048,5
4430010,4
4430972,4
4431934,6
4432895,6
4433858,2
4434820,2
4435782,3
4436744,3
4437705,1
4438668,1
4439630,5
4440592,5
4441554,4
4442515,4
4443478,6
4444440,6
4445402,2
4446364,2
4447325,3
4448288,3
4449250,1
4450212,1
4451174,5
4452135,5
4453098,4
4454060,4
4455022,6
4455984,6
4456945,2
4457908,2
4458870,3
4459832,3
4460794,1
4461756,1
4462718,5
4463680,5
4464642,5
4465604,4
4466566,4
4467528,6
4468490,6
4469452,2
4470414,2
4471376,3
4472338,3
4473300,1
4474261,1
4475224,5
4476186,5
4477148,4
4478110,4
4479071,6
4480034,6
4480996,2
4481958,2
4482920,3
4483881,3
4484844,1
4485806,1
4486768,5
4487730,5
4488691,4
4489654,4
4490616,6
4491578,6
4492540,2
4493501,2
4494464,3
4495426,3
4496388,1
4497350,1
4498311,5
4499274,5
4500236,4
4501198,4
4502160,6
4503121,6
4504084,2
4505046,2
4506008,3
4506970,3
4507932,1
4508894,1
4509856,5
4510818,5
4511780,5
4512742,4
4513704,4
4514666,6
4515627,6
4516590,2
4517552,2
4518514,3
4519476,3
4520437,1
4521400,1
4522362,5
4523324,5
4524286,4
4525247,4
4526210,6
4527172,6
4528134,2
4529096,2
4530057,3
4531020,3
4531982,1
4532944,1
4533906,5
4534867,5
4535830,4
4536792,4
4537754,6
4538716,6
4539677,2
4540640,2
4541602,3
4542564,3
4543526,1
4544487,1
4545450,5
4546412,5
4547374,4
4548336,4
4549297,6
4550260,6
4551222,2
4552184,2
4553146,3
4554108,3
4555070,1
4556032,1
4556994,5
4557956,5
4558918,4
4559880,4
4560842,4
4561803,6
4562766,6
4563728,2
4564690,2
4565652,3
4566613,3
4567576,1
4568538,1
4569500,5
4570462,5
4571423,4
4572386,4
4573348,6
4574310,6
4575272,2
4576233,2
4577196,3
4578158,3
4579120,1
4580082,1
4581043,5
4582006,5
4582968,4
4583930,4
4584892,6
4585853,6
4586816,2
4587778,2
4588740,3
4589702,3
4590663,1
4591626,1
4592588,5
4593550,5
4594512,4
4595473,4
4596436,6
4597398,6
4598360,2
4599322,2
4600284,3
4601246,3
4602208,1
4603170,1
4604132,5
4605094,5
4606056,4
4607018,4
4607979,6
4608942,6
4609904,2
4610866,2
4611828,2
4612789,3
4613752,3
4614714,1
4615676,1
4616638,5
4617599,5
4618562,4
4619524,4
4620486,6
4621448,6
4622409,2
4623372,2
4624334,3
4625296,3
4626258,1
4627219,1
4628182,5
4629144,5
4630106,4
4631068,4
4632029,6
4632992,6
4633954,2
4634916,2
4635878,3
4636839,3
4637802,1
4638764,1
4639726,5
4640688,5
4641649,4
4642612,4
4643574,6
4644536,6
4645498,2
4646460,2
4647422,3
4648384,3
4649346,1
4650308,1
4651270,5
4652232,5
4653194,4
4654155,4
4655118,6
4656080,6
4657042,2
4658004,2
4658965,3
4659928,3
4660890,1
4661852,1
4662814,5
4663775,5
4664738,4
4665700,4
4666662,4
4667624,6
4668585,6
4669548,2
4670510,2
4671472,3
4672434,3
4673395,1
4674358,1
4675320,5
4676282,5
4677244,4
4678205,4
4679168,6
4680130,6
4681092,2
4682054,2
4683015,3
4683978,3
4684940,1
4685902,1
4686864,5
4687826,5
4688788,4
4689750,4
4690712,6
4691674,6
4692636,2
4693598,2
4694560,3
4695521,3
4696484,1
4697446,1
4698408,5
4699370,5
4700331,4
4701294,4
4702256,6
4703218,6
4704180,2
4705141,2
4706104,3
4707066,3
4708028,1
4708990,1
4709951,5
4710914,5
4711876,4
4712838,4
4713800,6
4714761,6
4715724,2
4716686,2
4717648,3
4718610,3
4719571,1
4720534,1
4721496,5
4722458,5
4723420,5
4724381,4
4725344,4
4726306,6
4727268,6
4728230,2
4729191,2
4730154,3
4731116,3
4732078,1
4733040,1
4734002,5
4734964,5
4735926,4
4736888,4
4737850,6
4738812,6
4739774,2
4740736,2
4741697,3
4742660,3
4743622,1
4744584,1
4745546,5
4746507,5
4747470,4
4748432,4
4749394,6
4750356,6
4751317,2
4752280,2
4753242,3
4754204,3
4755166,1
4756127,1
4757090,5
4758052,5
4759014,4
4759976,4
4760937,6
4761900,6
4762862,2
4763824,2
4764786,3
4765747,3
4766710,1
4767672,1
4768634,5
4769596,5
4770557,4
4771520,4
4772482,6
4773444,6
4774406,2
4775367,2
4776330,3
4777292,3
4778254,1
4779216,1
4780178,5
4781140,5
4782102,4
4783064,4
4784026,6
4784988,6
4785950,6
4786912,2
4787873,2
4788836,3
4789798,3
4790760,1
4791722,1
4792683,5
4793646,5
4794608,4
4795570,4
4796532,6
4797493,6
4798456,2
4799418,2
4800380,3
4801342,3
4802303,1
4803266,1
4804228,5
4805190,5
4806152,4
4807113,4
4808076,6
4809038,6
4810000,2
4810962,2
4811923,3
4812886,3
4813848,1
4814810,1
4815772,5
4816733,5
4817696,4
4818658,4
4819620,6
4820582,6
4821543,2
4822506,2
4823468,3
4824430,3
4825392,1
4826354,1
4827316,5
4828278,5
4829239,4
4830202,4
4831164,6
4832126,6
4833088,2
4834049,2
4835012,3
4835974,3
4836936,1
4837898,1
4838859,5
4839822,5
4840784,4
4841746,4
4842708,6
4843669,6
4844632,2
4845594,2
4846556,3
4847518,3
4848479,3
4849442,1
4850404,1
4851366,5
4852328,5
4853289,4
4854252,4
4855214,6
4856176,6
4857138,2
4858099,2
4859062,3
4860024,3
4860986,1
4861948,1
4862909,5
4863872,5
4864834,4
4865796,4
4866758,6
4867719,6
4868682,2
4869644,2
4870606,3
4871568,3
4872530,1
4873492,1
4874454,5
4875415,5
4876378,4
4877340,4
4878302,6
4879264,6
4880225,2
4881188,2
4882150,3
4883112,3
4884074,1
4885035,1
4885998,5
4886960,5
4887922,4
4888884,4
4889845,6
4890808,6
4891770,2
4892732,2
4893694,3
4894655,3
4895618,1
4896580,1
4897542,5
4898504,5
4899465,4
4900428,4
4901390,6
4902352,6
4903314,2
4904275,2
4905238,3
4906200,3
4907162,1
4908124,1
4909085,5
4910048,5
4911010,4
4911972,4
4912934,6
4913895,6
4914858,2
4915820,2
4916782,2
4917744,3
4918706,3
4919668,1
4920630,1
4921591,5
4922554,5
4923516,4
4924478,4
4925440,6
4926401,6
4927364,2
4928326,2
4929288,3
4930250,3
4931211,1
4932174,1
4933136,5
4934098,5
4935060,4
4936021,4
4936984,6
4937946,6
4938908,2
4939870,2
4940831,3
4941794,3
4942756,1
4943718,1
4944680,5
4945641,5
4946604,4
4947566,4
4948528,6
4949490,6
4950451,2
4951414,2
4952376,3
4953338,3
4954300,1
4955261,1
4956224,5
4957186,5
4958148,4
4959110,4
4960072,6
4961034,6
4961996,2
4962958,2
4963920,3
4964882,3
4965844,1
4966806,1
4967767,5
4968730,5
4969692,4
4970654,4
4971616,6
4972577,6
4973540,2
4974502,2
4975464,3
4976426,3
4977387,1
4978350,1
4979312,5
4980274,5
4981236,4
4982197,4
4983160,6
4984122,6
4985084,2
4986046,2
4987007,2
4987970,3
4988932,3
4989894,1
4990856,1
4991817,5
4992780,5
4993742,4
4994704,4
4995666,6
4996627,6
4997590,2
4998552,2
4999514,3
5000476,3
5001437,1
5002400,1
5003362,5
5004324,5
5005286,4
5006248,4
5007210,6
5008172,6
5009133,2
5010096,2
5011058,3
5012020,3
5012982,1
5013943,1
5014906,5
5015868,5
5016830,4
5017792,4
5018753,6
5019716,6
5020678,2
5021640,2
5022602,3
5023563,3
5024526,1
5025488,1
5026450,5
5027412,5
5028373,4
5029336,4
5030298,6
5031260,6
5032222,2
5033183,2
5034146,3
5035108,3
5036070,1
5037032,1
5037993,5
5038956,5
5039918,4
5040880,4
5041842,6
5042803,6
5043766,2
5044728,2
5045690,3
5046652,3
5047613,1
5048576,1
5049538,5
5050500,5
5051462,4
5052424,4
5053386,6
5054348,6
5055309,2
5056272,2
5057234,3
5058196,3
5059158,1
5060119,1
5061082,1
5062044,5
5063006,5
5063968,4
5064929,4
5065892,6
5066854,6
5067816,2
5068778,2
5069739,3
5070702,3
5071664,1
5072626,1
5073588,5
5074549,5
5075512,4
5076474,4
5077436,6
5078398,6
5079359,2
5080322,2
5081284,3
5082246,3
5083208,1
5084169,1
5085132,5
5086094,5
5087056,4
5088018,4
5088979,6
5089942,6
5090904,2
5091866,2
5092828,3
5093789,3
5094752,1
5095714,1
5096676,5
5097638,5
5098600,4
5099562,4
5100524,6
5101485,6
5102448,2
5103410,2
5104372,3
5105334,3
5106295,1
5107258,1
5108220,5
5109182,5
5110144,4
5111105,4
5112068,6
5113030,6
5113992,2
5114954,2
5115915,3
5116878,3
5117840,1
5118802,1
5119764,5
5120725,5
5121688,4
5122650,4
5123612,6
5124574,6
5125535,2
5126498,2
5127460,3
5128422,3
5129384,1
5130345,1
5131308,5
5132270,5
5133232,4
5134194,4
5135155,6
5136118,6
5137080,6
5138042,2
5139004,2
5139965,3
5140928,3
5141890,1
5142852,1
5143814,5
5144776,5
5145738,4
5146700,4
5147661,6
5148624,6
5149586,2
5150548,2
5151510,3
5152471,3
5153434,1
5154396,1
5155358,5
5156320,5
5157281,4
5158244,4
5159206,6
5160168,6
5161130,2
5162091,2
5163054,3
5164016,3
5164978,1
5165940,1
5166901,5
5167864,5
5168826,4
5169788,4
5170750,6
5171711,6
5172674,2
5173636,2
5174598,3
5175560,3
5176521,1
5177484,1
5178446,5
5179408,5
5180370,4
5181331,4
5182294,6
5183256,6
5184218,2
5185180,2
5186142,3
5187104,3
5188066,1
5189027,1
5189990,5
5190952,5
5191914,4
5192876,4
5193837,6
5194800,6
5195762,2
5196724,2
5197686,3
5198647,3
5199610,1
5200572,1
5201534,5
5202496,5
5203457,4
5204420,4
5205382,6
5206344,6
5207306,2
5208267,2
5209230,3
5210192,3
5211154,1
5212116,1
5213077,5
5214040,5
5215002,4
5215964,4
5216926,4
5217887,6
5218850,6
5219812,2
5220774,2
5221736,3
5222697,3
5223660,1
5224622,1
5225584,5
5226546,5
5227507,4
5228470,4
5229432,6
5230394,6
5231356,2
5232318,2
5233280,3
5234242,3
5235203,1
5236166,1
5237128,5
5238090,5
5239052,4
5240013,4
5240976,6
5241938,6
5242900,2
5243862,2
5244823,3
5245786,3
5246748,1
5247710,1
5248672,5
5249633,5
5250596,4
5251558,4
5252520,6
5253482,6
5254443,2
5255406,2
5256368,3
5257330,3
5258292,1
5259253,1
5260216,5
5261178,5
5262140,4
5263102,4
5264063,6
5265026,6
5265988,2
5266950,2
5267912,3
5268873,3
5269836,1
5270798,1
5271760,5
5272722,5
5273683,4
5274646,4
5275608,6
5276570,6
5277532,2
5278494,2
5279456,3
5280418,3
5281379,1
5282342,1
5283304,5
5284266,5
5285228,4
5286189,4
5287152,6
5288114,6
5289076,2
5290038,2
5290999,3
5291962,3
5292924,1
5293886,1
5294848,5
5295809,5
5296772,4
5297734,4
5298696,6
5299658,6
5300619,6
5301582,2
5302544,2
5303506,3
5304468,3
5305429,1
5306392,1
5307354,5
5308316,5
5309278,4
5310239,4
5311202,6
5312164,6
5313126,2
5314088,2
5315049,3
5316012,3
5316974,1
5317936,1
5318898,5
5319859,5
5320822,4
5321784,4
5322745,6
5323708,6
5324670,2
5325632,2
5326594,3
5327555,3
5328518,1
5329480,1
5330442,5
5331404,5
5332365,4
5333328,4
5334290,6
5335252,6
5336214,2
5337175,2
5338138,3
5339100,3
5340062,1
5341024,1
5341985,5
5342948,5
5343910,4
5344872,4
5345834,6
5346795,6
5347758,2
5348720,2
5349682,3
5350644,3
5351605,1
5352568,1
5353530,5
5354492,5
5355454,4
5356415,4
5357378,6
5358340,6
5359302,2
5360264,2
5361225,3
5362188,3
5363150,1
5364112,1
5365074,5
5366035,5
5366998,4
5367960,4
5368921,6
5369884,6
5370846,2
5371808,2
5372770,3
5373731,3
5374694,1
5375656,1
5376618,5
5377580,5
5378541,4
5379504,4
5380466,6
5381428,6
5382390,2
5383351,2
5384314,3
5385276,3
5386238,1
5387200,1
5388161,1
5389124,5
5390086,5
5391048,4
5392010,4
5392971,6
5393934,6
5394896,2
5395858,2
5396820,3
5397781,3
5398744,1
5399706,1
5400668,5
5401630,5
5402591,4
5403554,4
5404516,6
5405478,6
5406440,2
5407401,2
5408364,3
5409326,3
5410288,1
5411250,1
5412211,5
5413174,5
5414136,4
5415097,4
5416060,6
5417022,6
5417984,2
5418946,2
5419907,3
5420870,3
5421832,1
5422794,1
5423756,5
5424717,5
5425680,4
5426642,4
5427604,6
5428566,6
5429527,2
5430490,2
5431452,3
5432414,3
5433376,1
5434337,1
5435300,5
5436262,5
5437224,4
5438186,4
5439147,6
5440110,6
5441072,2
5442034,2
5442996,3
5443957,3
5444920,1
5445882,1
5446844,5
5447806,5
5448767,4
5449730,4
5450692,6
5451654,6
5452616,2
5453577,2
5454540,3
5455502,3
5456464,1
5457426,1
5458388,5
5459350,5
5460312,4
5461273,4
5462236,6
5463198,6
5464160,2
5465122,2
5466083,3
5467046,3
5468008,1
5468970,1
5469932,5
5470893,5
5471856,4
5472818,4
5473780,6
5474742,6
5475703,6
5476666,2
5477628,2
5478590,3
5479552,3
5480513,1
5481476,1
5482438,5
5483400,5
5484362,4
5485323,4
5486286,6
5487248,6
5488210,2
5489172,2
5490133,3
5491096,3
5492058,1
5493020,1
5493982,5
5494943,5
5495906,4
5496868,4
5497830,6
5498792,6
5499753,2
5500716,2
5501678,3
5502639,3
5503602,1
5504564,1
5505526,5
5506488,5
5507449,4
5508412,4
5509374,6
5510336,6
5511298,2
5512259,2
5513222,3
5514184,3
5515146,1
5516108,1
5517069,5
5518032,5
5518994,4
5519956,4
5520918,6
5521879,6
5522842,2
5523804,2
5524766,3
5525728,3
5526689,1
5527652,1
5528614,5
5529576,5
5530538,4
5531499,4
5532462,6
5533424,6
5534386,2
5535348,2
5536309,3
5537272,3
5538234,1
5539196,1
5540158,5
5541119,5
5542082,4
5543044,4
5544006,6
5544968,6
5545929,2
5546892,2
5547854,3
5548815,3
5549778,1
5550740,1
5551702,5
5552664,5
5553625,4
5554588,4
5555550,6
5556512,6
5557474,2
5558435,2
5559398,3
5560360,3
5561322,1
5562284,1
5563245,5
5564208,5
5565170,4
5566132,4
5567094,4
5568055,6
5569018,6
5569980,2
5570942,2
5571904,3
5572865,3
5573828,1
5574790,1
5575752,5
5576714,5
5577675,4
5578638,4
5579600,6
5580562,6
5581524,2
5582485,2
5583448,3
5584410,3
5585372,1
5586334,1
5587295,5
5588258,5
5589220,4
5590182,4
5591144,6
5592105,6
5593068,2
5594030,2
5594991,3
5595954,3
5596916,1
5597878,1
5598840,5
5599801,5
5600764,4
5601726,4
5602688,6
5603650,6
5604611,2
5605574,2
5606536,3
5607498,3
5608460,1
5609421,1
5610384,5
5611346,5
5612308,4
5613270,4
5614231,6
5615194,6
5616156,2
5617118,2
5618080,3
5619041,3
5620004,1
5620966,1
5621928,5
5622890,5
5623851,4
5624814,4
5625776,6
5626738,6
5627700,2
5628661,2
5629624,3
5630586,3
5631548,1
5632510,1
5633471,5
5634434,5
5635396,4
5636358,4
5637320,6
5638281,6
5639244,2
5640206,2
5641167,3
5642130,3
5643092,1
5644054,1
5645016,5
5645977,5
5646940,4
5647902,4
5648864,6
5649826,6
5650787,2
5651750,2
5652712,3
5653674,3
5654636,1
5655597,1
5656560,5
5657522,5
5658484,4
5659446,4
5660407,4
5661370,6
5662332,6
5663294,2
5664256,2
5665217,3
5666180,3
5667142,1
5668104,1
5669066,5
5670027,5
5670990,4
5671952,4
5672914,6
5673876,6
5674837,2
5675800,2
5676762,3
5677724,3
5678686,1
5679647,1
5680610,5
5681572,5
5682533,4
5683496,4
5684458,6
5685420,6
5686382,2
5687343,2
5688306,3
5689268,3
5690230,1
5691192,1
5692153,5
5693116,5
5694078,4
5695040,4
5696002,6
5696963,6
5697926,2
5698888,2
5699850,3
5700812,3
5701773,1
5702736,1
5703698,5
5704660,5
5705622,4
5706583,4
5707546,6
5708508,6
5709470,2
5710432,2
5711393,3
5712356,3
5713318,1
5714280,1
5715242,5
5716203,5
5717166,4
5718128,4
5719090,6
5720052,6
5721013,2
5721976,2
5722938,3
5723900,3
5724862,1
5725823,1
5726786,5
5727748,5
5728709,4
5729672,4
5730634,6
5731596,6
5732558,2
5733519,2
5734482,3
5735444,3
5736406,1
5737368,1
5738329,5
5739292,5
5740254,4
5741216,4
5742178,6
5743139,6
5744102,2
5745064,2
5746026,3
5746988,3
5747949,1
5748912,1
5749874,5
5750836,5
5751798,4
5752759,4
5753722,6
5754684,6
5755646,6
5756608,2
5757569,2
5758532,3
5759494,3
5760456,1
5761418,1
5762379,5
5763342,5
5764304,4
5765266,4
5766228,6
5767189,6
5768152,2
5769114,2
5770076,3
5771038,3
5771999,1
5772962,1
5773924,5
5774885,5
5775848,4
5776810,4
5777772,6
5778734,6
5779695,2
5780658,2
5781620,3
5782582,3
5783544,1
5784505,1
5785468,5
5786430,5
5787392,4
5788354,4
5789315,6
5790278,6
5791240,2
5792202,2
5793164,3
5794125,3
5795088,1
5796050,1
5797012,5
5797974,5
5798935,4
5799898,4
5800860,6
5801822,6
5802784,2
5803745,2
5804708,3
5805670,3
5806632,1
5807594,1
5808555,5
5809518,5
5810480,4
5811442,4
5812404,6
5813365,6
5814328,2
5815290,2
5816251,3
5817214,3
5818175,1
5819138,1
5820100,5
5821061,5
5822024,4
5822986,4
5823948,6
5824910,6
5825871,2
5826834,2
5827796,3
5828758,3
5829720,1
5830681,1
5831644,5
5832606,5
5833568,4
5834530,4
5835491,6
5836454,6
5837416,2
5838378,2
5839340,3
5840301,3
5841264,1
5842226,1
5843188,5
5844150,5
5845111,4
5846074,4
5847036,6
5847998,6
5848960,2
5849921,2
5850884,3
5851846,3
5852808,3
5853770,1
5854731,1
5855694,5
5856656,5
5857618,4
5858580,4
5859541,6
5860504,6
5861466,2
5862427,2
5863390,3
5864351,3
5865314,1
5866276,1
5867237,5
5868200,5
5869162,4
5870124,4
5871086,6
5872047,6
5873010,2
5873972,2
5874934,3
5875896,3
5876857,1
5877820,1
5878782,5
5879744,5
5880706,4
5881667,4
5882630,6
5883592,6
5884554,2
5885516,2
5886477,3
5887440,3
5888402,1
5889364,1
5890326,5
5891287,5
5892250,4
5893212,4
5894174,6
5895136,6
5896097,2
5897060,2
5898022,3
5898984,3
5899946,1
5900907,1
5901870,5
5902832,5
5903794,4
5904756,4
5905717,6
5906680,6
5907642,2
5908603,2
5909566,3
5910527,3
5911490,1
5912452,1
5913413,5
5914376,5
5915338,4
5916300,4
5917262,6
5918223,6
5919186,2
5920148,2
5921110,3
5922072,3
5923033,1
5923996,1
5924958,5
5925920,5
5926882,4
5927843,4
5928806,6
5929768,6
5930730,2
5931692,2
5932653,3
5933616,3
5934578,1
5935540,1
5936502,5
5937463,5
5938426,4
5939388,4
5940350,6
5941312,6
5942273,2
5943236,2
5944198,3
5945160,3
5946122,1
5947083,1
5948046,5
5949008,5
5949970,4
5950932,4
5951893,4
5952856,6
5953818,6
5954779,2
5955742,2
5956704,3
5957666,3
5958628,1
5959589,1
5960552,5
5961514,5
5962476,4
5963438,4
5964399,6
5965362,6
5966324,2
5967286,2
5968248,3
5969209,3
5970172,1
5971134,1
5972096,5
5973058,5
5974019,4
5974982,4
5975944,6
5976906,6
5977868,2
5978829,2
5979792,3
5980754,3
5981716,1
5982678,1
5983639,5
5984602,5
5985564,4
5986526,4
5987488,6
5988449,6
5989412,2
5990374,2
5991336,3
5992298,3
5993259,1
5994222,1
5995184,5
5996145,5
5997108,4
5998069,4
5999032,6
5999994,6
6000955,2
6001918,2
6002880,3
6003842,3
6004804,1
6005765,1
6006728,5
6007690,5
6008652,4
6009614,4
6010575,6
6011538,6
6012500,2
6013462,2
6014424,3
6015385,3
6016348,1
6017310,1
6018272,5
6019234,5
6020195,4
6021158,4
6022120,6
6023082,6
6024044,2
6025005,2
6025968,3
6026930,3
6027892,1
6028854,1
6029815,5
6030778,5
6031740,4
6032702,4
6033664,6
6034625,6
6035588,2
6036550,2
6037512,3
6038474,3
6039435,1
6040398,1
6041360,5
6042321,5
6043284,4
6044245,4
6045208,6
6046170,6
6047131,2
6048094,2
6049056,3
6050018,3
6050980,3
6051941,1
6052904,1
6053866,5
6054828,5
6055790,4
6056751,4
6057714,6
6058676,6
6059638,2
6060600,2
6061561,3
6062524,3
6063486,1
6064448,1
6065410,5
6066371,5
6067334,4
6068296,4
6069258,6
6070220,6
6071181,2
6072144,2
6073106,3
6074068,3
6075030,1
6075991,1
6076954,5
6077916,5
6078878,4
6079840,4
6080801,6
6081764,6
6082726,2
6083688,2
6084650,3
6085611,3
6086574,1
6087536,1
6088497,5
6089460,5
6090421,4
6091384,4
6092346,6
6093307,6
6094270,2
6095232,2
6096194,3
6097156,3
6098117,1
6099080,1
6100042,5
6101004,5
6101966,4
6102927,4
6103890,6
6104852,6
6105814,2
6106776,2
6107737,3
6108700,3
6109662,1
6110624,1
6111586,5
6112547,5
6113510,4
6114472,4
6115434,6
6116396,6
6117357,2
6118320,2
6119282,3
6120244,3
6121206,1
6122167,1
6123130,5
6124092,5
6125054,4
6126016,4
6126977,6
6127940,6
6128902,2
6129864,2
6130826,3
6131787,3
6132750,1
6133712,1
6134673,5
6135636,5
6136597,4
6137560,4
6138522,6
6139483,6
6140446,2
6141408,2
6142370,3
6143332,3
6144293,1
6145256,1
6146218,5
6147180,5
6148142,4
6149103,4
6150066,6
6151028,6
6151990,6
6152952,2
6153913,2
6154876,3
6155838,3
6156800,1
6157762,1
6158723,5
6159686,5
6160648,4
6161610,4
6162572,6
6163533,6
6164496,2
6165458,2
6166420,3
6167382,3
6168343,1
6169306,1
6170268,5
6171230,5
6172192,4
6173153,4
6174116,6
6175078,6
6176039,2
6177002,2
6177963,3
6178926,3
6179888,1
6180849,1
6181812,5
6182774,5
6183736,4
6184698,4
6185659,6
6186622,6
6187584,2
6188546,2
6189508,3
6190469,3
6191432,1
6192394,1
6193356,5
6194318,5
6195279,4
6196242,4
6197204,6
6198166,6
6199128,2
6200089,2
6201052,3
6202014,3
6202976,1
6203938,1
6204899,5
6205862,5
6206824,4
6207786,4
6208748,6
6209709,6
6210672,2
6211634,2
6212596,3
6213558,3
6214519,1
6215482,1
6216444,5
6217406,5
6218368,4
6219329,4
6220292,6
6221254,6
6222215,2
6223178,2
6224139,3
6225102,3
6226064,1
6227025,1
6227988,5
6228950,5
6229912,4
6230874,4
6231835,6
6232798,6
6233760,2
6234722,2
6235684,3
6236645,3
6237608,1
6238570,1
6239532,5
6240494,5
6241455,4
6242418,4
6243380,6
6244342,6
6245304,2
6246265,2
6247228,3
6248190,3
6249152,1
6250114,1
6251075,5
6252038,5
6253000,4
6253962,4
6254924,4
6255885,6
6256848,6
6257810,2
6258772,2
6259734,3
6260695,3
6261658,1
6262620,1
6263582,5
6264544,5
6265505,4
6266468,4
6267430,6
6268391,6
6269354,2
6270315,2
6271278,3
6272240,3
6273201,1
6274164,1
6275126,5
6276088,5
6277050,4
6278011,4
6278974,6
6279936,6
6280898,2
6281860,2
6282821,3
6283784,3
6284746,1
6285708,1
6286670,5
6287631,5
6288594,4
6289556,4
6290518,6
6291480,6
6292441,2
6293404,2
6294366,3
6295328,3
6296290,1
6297251,1
6298214,5
6299176,5
6300138,4
6301100,4
6302061,6
6303024,6
6303986,2
6304948,2
6305910,3
6306871,3
6307834,1
6308796,1
6309757,5
6310720,5
6311681,4
6312644,4
6313606,6
6314567,6
6315530,2
6316491,2
6317454,3
6318416,3
6319377,1
6320340,1
6321302,5
6322264,5
6323226,4
6324187,4
6325150,6
6326112,6
6327074,2
6328036,2
6328997,3
6329960,3
6330922,1
6331884,1
6332846,5
6333807,5
6334770,4
6335732,4
6336694,6
6337656,6
6338617,2
6339580,2
6340542,3
6341504,3
6342466,1
6343427,1
6344390,5
6345352,5
6346314,4
6347276,4
6348237,6
6349200,6
6350162,2
6351124,2
6352086,3
6353047,3
6354010,1
6354972,1
6355933,1
6356896,5
6357857,5
6358820,4
6359782,4
6360743,6
6361706,6
6362667,2
6363630,2
6364592,3
6365553,3
6366516,1
6367478,1
6368440,5
6369402,5
6370363,4
6371326,4
6372288,6
6373250,6
6374212,2
6375173,2
6376136,3
6377098,3
6378060,1
6379022,1
6379983,5
6380946,5
6381908,4
6382870,4
6383832,6
6384793,6
6385756,2
6386718,2
6387680,3
6388642,3
6389603,1
6390566,1
6391528,5
6392490,5
6393452,4
6394413,4
6395376,6
6396338,6
6397300,2
6398262,2
6399223,3
6400186,3
6401148,1
6402109,1
6403072,5
6404033,5
6404996,4
6405958,4
6406919,6
6407882,6
6408844,2
6409806,2
6410768,3
6411729,3
6412692,1
6413654,1
6414616,5
6415578,5
6416539,4
6417502,4
6418464,6
6419426,6
6420388,2
6421349,2
6422312,3
6423274,3
6424236,1
6425198,1
6426159,5
6427122,5
6428084,4
6429046,4
6430008,6
6430969,6
6431932,2
6432894,2
6433856,3
6434818,3
6435779,1
6436742,1
6437704,5
6438666,5
6439628,4
6440589,4
6441552,6
6442514,6
6443476,2
6444438,2
6445399,3
6446362,3
6447324,1
6448285,1
6449248,5
6450209,5
6451172,4
6452134,4
6453095,6
6454058,6
6455020,2
6455982,2
6456944,3
6457905,3
6458868,1
6459830,1
6460792,1
6461754,5
6462715,5
6463678,4
6464640,4
6465602,6
6466564,6
6467525,2
6468488,2
6469450,3
6470412,3
6471374,1
6472335,1
6473298,5
6474260,5
6475222,4
6476184,4
6477145,6
6478108,6
6479070,2
6480032,2
6480994,3
6481955,3
6482918,1
6483880,1
6484842,5
6485804,5
6486765,4
6487728,4
6488690,6
6489651,6
6490614,2
6491575,2
6492538,3
6493500,3
6494461,1
6495424,1
6496385,5
6497348,5
6498310,4
6499271,4
6500234,6
6501196,6
6502158,2
6503120,2
6504081,3
6505044,3
6506006,1
6506968,1
6507930,5
6508891,5
6509854,4
6510816,4
6511778,6
6512740,6
6513701,2
6514664,2
6515626,3
6516588,3
6517550,1
6518511,1
6519474,5
6520436,5
6521398,4
6522360,4
6523321,6
6524284,6
6525246,2
6526208,2
6527170,3
6528131,3
6529094,1
6530056,1
6531018,5
6531980,5
6532941,4
6533904,4
6534866,6
6535827,6
6536790,2
6537751,2
6538714,3
6539676,3
6540637,1
6541600,1
6542561,5
6543524,5
6544486,4
6545447,4
6546410,6
6547372,6
6548334,2
6549296,2
6550257,3
6551220,3
6552182,1
6553144,1
6554106,5
6555067,5
6556030,4
6556992,4
6557954,6
6558916,6
6559877,2
6560840,2
6561802,3
6562764,3
6563726,3
6564687,1
6565650,1
6566612,5
6567574,5
6568536,4
6569497,4
6570460,6
6571422,6
6572384,2
6573346,2
6574307,3
6575270,3
6576232,1
6577194,1
6578156,5
6579117,5
6580080,4
6581042,4
6582003,6
6582966,6
6583927,2
6584890,2
6585852,3
6586813,3
6587776,1
6588737,1
6589700,5
6590662,5
6591623,4
6592586,4
6593548,6
6594510,6
6595472,2
6596433,2
6597396,3
6598358,3
6599320,1
6600282,1
6601243,5
6602206,5
6603168,4
6604130,4
6605092,6
6606053,6
6607016,2
6607978,2
6608940,3
6609902,3
6610863,1
6611826,1
6612788,5
6613750,5
6614712,4
6615673,4
6616636,6
6617598,6
6618560,2
6619522,2
6620483,3
6621446,3
6622408,1
6623370,1
6624332,5
6625293,5
6626256,4
6627218,4
6628179,6
6629142,6
6630103,2
6631066,2
6632028,3
6632989,3
6633952,1
6634913,1
6635876,5
6636838,5
6637799,4
6638762,4
6639724,6
6640686,6
6641648,2
6642609,2
6643572,3
6644534,3
6645496,1
6646458,1
6647419,5
6648382,5
6649344,4
6650306,4
6651268,6
6652229,6
6653192,2
6654154,2
6655116,3
6656078,3
6657039,1
6658002,1
6658964,5
6659926,5
6660888,4
6661849,4
6662812,6
6663774,6
6664736,2
6665698,2
6666659,3
6667622,3
6668584,3
6669545,1
6670508,1
6671469,5
6672432,5
6673394,4
6674355,4
6675318,6
6676279,6
6677242,2
6678204,2
6679165,3
6680128,3
6681090,1
6682052,1
6683014,5
6683975,5
6684938,4
6685900,4
6686862,6
6687824,6
6688785,2
6689748,2
6690710,3
6691672,3
6692634,1
6693595,1
6694558,5
6695520,5
6696482,4
6697444,4
6698405,6
6699368,6
6700330,2
6701292,2
6702254,3
6703215,3
6704178,1
6705140,1
6706102,5
6707064,5
6708025,4
6708988,4
6709950,6
6710912,6
6711874,2
6712835,2
6713798,3
6714760,3
6715721,1
6716684,1
6717645,5
6718608,5
6719570,4
6720531,4
6721494,6
6722455,6
6723418,2
6724380,2
6725341,3
6726304,3
6727266,1
6728228,1
6729190,5
6730151,5
6731114,4
6732076,4
6733038,6
6734000,6
6734961,2
6735924,2
6736886,3
6737848,3
6738810,1
6739771,1
6740734,5
6741696,5
6742658,4
6743620,4
6744581,6
6745544,6
6746506,2
6747468,2
6748430,3
6749391,3
6750354,1
6751316,1
6752278,5
6753240,5
6754201,4
6755164,4
6756126,6
6757088,6
6758050,2
6759011,2
6759974,3
6760936,3
6761897,1
6762860,1
6763821,5
6764784,5
6765746,4
6766707,4
6767670,6
6768631,6
6769594,2
6770556,2
6771517,2
6772480,3
6773442,3
6774404,1
6775366,1
6776327,5
6777290,5
6778252,4
6779214,4
6780176,6
6781137,6
6782100,2
6783062,2
6784024,3
6784986,3
6785947,1
6786910,1
6787872,5
6788834,5
6789796,4
6790757,4
6791720,6
6792682,6
6793644,2
6794606,2
6795567,3
6796530,3
6797492,1
6798454,1
6799416,5
6800377,5
6801340,4
6802302,4
6803263,6
6804226,6
6805187,2
6806150,2
6807112,3
6808073,3
6809036,1
6809997,1
6810960,5
6811922,5
6812883,4
6813846,4
6814807,6
6815770,6
6816732,2
6817693,2
6818656,3
6819618,3
6820580,1
6821542,1
6822503,5
6823466,5
6824428,4
6825390,4
6826352,6
6827313,6
6828276,2
6829238,2
6830200,3
6831162,3
6832123,1
6833086,1
6834048,5
6835010,5
6835972,4
6836933,4
6837896,6
6838858,6
6839820,2
6840782,2
6841743,3
6842706,3
6843668,1
6844630,1
6845592,5
6846553,5
6847516,4
6848478,4
6849439,6
6850402,6
6851363,2
6852326,2
6853288,3
6854249,3
6855212,1
6856173,1
6857136,5
6858098,5
6859059,4
6860022,4
6860983,6
6861946,6
6862908,2
6863869,2
6864832,3
6865794,3
6866756,1
6867718,1
6868679,5
6869642,5
6870604,4
6871566,4
6872528,6
6873489,6
6874452,2
6875414,2
6876376,2
6877338,3
6878299,3
6879262,1
6880224,1
6881186,5
6882148,5
6883109,4
6884072,4
6885034,6
6885996,6
6886958,2
6887919,2
6888882,3
6889844,3
6890806,1
6891768,1
6892729,5
6893692,5
6894654,4
6895615,4
6896578,6
6897539,6
6898502,2
6899464,2
6900425,3
6901388,3
6902349,1
6903312,1
6904274,5
6905235,5
6906198,4
6907160,4
6908122,6
6909084,6
6910045,2
6911008,2
6911970,3
6912932,3
6913894,1
6914855,1
6915818,5
6916780,5
6917742,4
6918704,4
6919665,6
6920628,6
6921590,2
6922552,2
6923514,3
6924475,3
6925438,1
6926400,1
6927362,5
6928324,5
6929285,4
6930248,4
6931210,6
6932172,6
6933134,2
6934095,2
6935058,3
6936020,3
6936982,1
6937944,1
6938905,5
6939868,5
6940830,4
6941791,4
6942754,6
6943715,6
6944678,2
6945640,2
6946601,3
6947564,3
6948525,1
6949488,1
6950450,5
6951411,5
6952374,4
6953336,4
6954298,6
6955260,6
6956221,2
6957184,2
6958146,3
6959108,3
6960070,1
6961031,1
6961994,5
6962956,5
6963918,4
6964880,4
6965841,6
6966804,6
6967766,2
6968728,2
6969690,3
6970651,3
6971614,1
6972576,1
6973538,5
6974500,5
6975461,4
6976424,4
6977386,6
6978348,6
6979310,2
6980271,2
6981234,2
6982196,3
6983157,3
6984120,1
6985081,1
6986044,5
6987006,5
6987967,4
6988930,4
6989891,6
6990854,6
6991816,2
6992777,2
6993740,3
6994701,3
6995664,1
6996626,1
6997587,5
6998550,5
6999512,4
7000474,4
7001436,6
7002397,6
7003360,2
7004322,2
7005284,3
7006246,3
7007207,1
7008170,1
7009132,5
7010094,5
7011056,4
7012017,4
7012980,6
7013942,6
7014904,2
7015866,2
7016827,3
7017790,3
7018752,1
7019714,1
7020676,5
7021637,5
7022600,4
7023562,4
7024524,6
7025486,6
7026447,2
7027410,2
7028372,3
7029333,3
7030296,1
7031257,1
7032220,5
7033182,5
7034143,4
7035106,4
7036067,6
7037030,6
7037992,2
7038953,2
7039916,3
7040877,3
7041840,1
7042802,1
7043763,5
7044726,5
7045688,4
7046650,4
7047612,6
7048573,6
7049536,2
7050498,2
7051460,3
7052422,3
7053383,1
7054346,1
7055308,5
7056270,5
7057232,4
7058193,4
7059156,6
7060118,6
7061080,2
7062042,2
7063003,3
7063966,3
7064928,1
7065890,1
7066852,5
7067813,5
7068776,4
7069738,4
7070700,6
7071662,6
7072623,2
7073586,2
7074548,3
7075509,3
7076472,1
7077433,1
7078396,5
7079358,5
7080319,4
7081282,4
7082243,6
7083206,6
7084168,2
7085129,2
7086092,2
7087053,3
7088016,3
7088978,1
7089939,1
7090902,5
7091864,5
7092826,4
7093788,4
7094749,6
7095712,6
7096674,2
7097636,2
7098598,3
7099559,3
7100522,1
7101484,1
7102446,5
7103408,5
7104369,4
7105332,4
7106294,6
7107256,6
7108218,2
7109179,2
7110142,3
7111104,3
7112066,1
7113028,1
7113989,5
7114952,5
7115914,4
7116876,4
7117838,6
7118799,6
7119762,2
7120724,2
7121685,3
7122648,3
7123609,1
7124572,1
7125534,5
7126495,5
7127458,4
7128419,4
7129382,6
7130344,6
7131305,2
7132268,2
7133229,3
7134192,3
7135154,1
7136115,1
7137078,5
7138040,5
7139002,4
7139964,4
7140925,6
7141888,6
7142850,2
7143812,2
7144774,3
7145735,3
7146698,1
7147660,1
7148622,5
7149584,5
7150545,4
7151508,4
7152470,6
7153432,6
7154394,2
7155355,2
7156318,3
7157280,3
7158242,1
7159204,1
7160165,5
7161128,5
7162090,4
7163051,4
7164014,6
7164975,6
7165938,2
7166900,2
7167861,3
7168824,3
7169785,1
7170748,1
7171710,5
7172671,5
7173634,4
7174595,4
7175558,6
7176520,6
7177481,2
7178444,2
7179406,3
7180368,3
7181330,1
7182291,1
7183254,5
7184216,5
7185178,4
7186140,4
7187101,6
7188064,6
7189026,2
7189988,2
7190950,3
7191911,3
7192874,3
7193836,1
7194798,1
7195760,5
7196721,5
7197684,4
7198646,4
7199608,6
7200570,6
7201531,2
7202494,2
7203456,3
7204418,3
7205380,1
7206341,1
7207304,5
7208266,5
7209227,4
7210190,4
7211151,6
7212114,6
7213076,2
7214037,2
7215000,3
7215961,3
7216924,1
7217886,1
7218847,5
7219810,5
7220771,4
7221734,4
7222696,6
7223657,6
7224620,2
7225582,2
7226544,3
7227506,3
7228467,1
7229430,1
7230392,5
7231354,5
7232316,4
7233277,4
7234240,6
7235202,6
7236164,2
7237126,2
7238087,3
7239050,3
7240012,1
7240974,1
7241936,5
7242897,5
7243860,4
7244822,4
7245784,6
7246746,6
7247707,2
7248670,2
7249632,3
7250594,3
7251556,1
7252517,1
7253480,5
7254442,5
7255403,4
7256366,4
7257327,6
7258290,6
7259252,2
7260213,2
7261176,3
7262137,3
7263100,1
7264062,1
7265023,5
7265986,5
7266947,4
7267910,4
7268872,6
7269833,6
7270796,2
7271758,2
7272720,3
7273682,3
7274643,1
7275606,1
7276568,5
7277530,5
7278492,4
7279453,4
7280416,6
7281378,6
7282340,2
7283302,2
7284263,3
7285226,3
7286188,1
7287150,1
7288112,5
7289073,5
7290036,4
7290998,4
7291960,6
7292922,6
7293883,2
7294846,2
7295808,3
7296769,3
7297732,3
7298693,1
7299656,1
7300618,5
7301579,5
7302542,4
7303503,4
7304466,6
7305428,6
7306389,2
7307352,2
7308313,3
7309276,3
7310238,1
7311199,1
7312162,5
7313123,5
7314086,4
7315048,4
7316009,6
7316972,6
7317934,2
7318896,2
7319858,3
7320819,3
7321782,1
7322744,1
7323706,5
7324668,5
7325629,4
7326592,4
7327554,6
7328516,6
7329478,2
7330439,2
7331402,3
7332364,3
7333326,1
7334288,1
7335249,5
7336212,5
7337174,4
7338136,4
7339098,6
7340059,6
7341022,2
7341984,2
7342945,3
7343908,3
7344869,1
7345832,1
7346794,5
7347755,5
7348718,4
7349679,4
7350642,6
7351604,6
7352565,2
7353528,2
7354489,3
7355452,3
7356414,1
7357375,1
7358338,5
7359299,5
7360262,4
7361224,4
7362185,6
7363148,6
7364110,2
7365072,2
7366034,3
7366995,3
7367958,1
7368920,1
7369882,5
7370844,5
7371805,4
7372768,4
7373730,6
7374692,6
7375654,2
7376615,2
7377578,3
7378540,3
7379502,1
7380464,1
7381425,5
7382388,5
7383350,4
7384312,4
7385274,6
7386235,6
7387198,2
7388160,2
7389121,3
7390084,3
7391045,1
7392008,1
7392970,5
7393931,5
7394894,4
7395855,4
7396818,6
7397780,6
7398741,2
7399704,2
7400665,3
7401628,3
7402590,3
7403551,1
7404514,1
7405476,5
7406438,5
7407400,4
7408361,4
7409324,6
7410286,6
7411248,2
7412210,2
7413171,3
7414134,3
7415096,1
7416058,1
7417020,5
7417981,5
7418944,4
7419906,4
7420868,6
7421830,6
7422791,2
7423754,2
7424716,3
7425678,3
7426640,1
7427601,1
7428564,5
7429526,5
7430488,4
7431450,4
7432411,6
7433374,6
7434336,2
7435297,2
7436260,3
7437221,3
7438184,1
7439146,1
7440107,5
7441070,5
7442031,4
7442994,4
7443956,6
7444917,6
7445880,2
7446841,2
7447804,3
7448766,3
7449727,1
7450690,1
7451652,5
7452614,5
7453576,4
7454537,4
7455500,6
7456462,6
7457424,2
7458386,2
7459347,3
7460310,3
7461272,1
7462234,1
7463196,5
7464157,5
7465120,4
7466082,4
7467044,6
7468006,6
7468967,2
7469930,2
7470892,3
7471854,3
7472816,1
7473777,1
7474740,5
7475702,5
7476663,4
7477626,4
7478587,6
7479550,6
7480512,2
7481473,2
7482436,3
7483397,3
7484360,1
7485322,1
7486283,5
7487246,5
7488207,4
7489170,4
7490132,6
7491093,6
7492056,2
7493017,2
7493980,3
7494942,3
7495903,1
7496866,1
7497828,5
7498790,5
7499752,4
7500713,4
7501676,6
7502638,6
7503600,2
7504562,2
7505523,3
7506486,3
7507448,1
7508410,1
7509372,1
7510333,5
7511296,5
7512258,4
7513220,4
7514182,6
7515143,6
7516106,2
7517068,2
7518030,3
7518992,3
7519953,1
7520916,1
7521878,5
7522839,5
7523802,4
7524763,4
7525726,6
7526688,6
7527649,2
7528612,2
7529573,3
7530536,3
7531498,1
7532459,1
7533422,5
7534383,5
7535346,4
7536308,4
7537269,6
7538232,6
7539193,2
7540156,2
7541118,3
7542079,3
7543042,1
7544004,1
7544966,5
7545928,5
7546889,4
7547852,4
7548814,6
7549776,6
7550738,2
7551699,2
7552662,3
7553624,3
7554586,1
7555548,1
7556509,5
7557472,5
7558434,4
7559396,4
7560358,6
7561319,6
7562282,2
7563244,2
7564206,3
7565168,3
7566129,1
7567092,1
7568054,5
7569015,5
7569978,4
7570939,4
7571902,6
7572864,6
7573825,2
7574788,2
7575749,3
7576712,3
7577674,1
7578635,1
7579598,5
7580559,5
7581522,4
7582484,4
7583445,6
7584408,6
7585369,2
7586332,2
7587294,3
7588255,3
7589218,1
7590180,1
7591142,5
7592104,5
7593065,4
7594028,4
7594990,6
7595952,6
7596914,2
7597875,2
7598838,3
7599800,3
7600762,1
7601724,1
7602685,5
7603648,5
7604610,4
7605572,4
7606534,6
7607495,6
7608458,2
7609420,2
7610382,3
7611344,3
7612305,1
7613268,1
7614230,1
7615191,5
7616154,5
7617115,4
7618078,4
7619040,6
7620001,6
7620964,2
7621925,2
7622888,3
7623850,3
7624811,1
7625774,1
7626735,5
7627698,5
7628660,4
7629621,4
7630584,6
7631545,6
7632508,2
7633470,2
7634431,3
7635394,3
7636356,1
7637318,1
7638280,5
7639241,5
7640204,4
7641166,4
7642128,6
7643090,6
7644051,2
7645014,2
7645976,3
7646938,3
7647900,1
7648861,1
7649824,5
7650786,5
7651748,4
7652710,4
7653671,6
7654634,6
7655596,2
7656557,2
7657520,3
7658481,3
7659444,1
7660406,1
7661367,5
7662330,5
7663291,4
7664254,4
7665216,6
7666177,6
7667140,2
7668101,2
7669064,3
7670026,3
7670987,1
7671950,1
7672911,5
7673874,5
7674836,4
7675797,4
7676760,6
7677722,6
7678684,2
7679646,2
7680607,3
7681570,3
7682532,1
7683494,1
7684456,5
7685417,5
7686380,4
7687342,4
7688304,6
7689266,6
7690227,2
7691190,2
7692152,3
7693114,3
7694076,1
7695037,1
7696000,5
7696962,5
7697924,4
7698886,4
7699847,6
7700810,6
7701772,2
7702733,2
7703696,3
7704657,3
7705620,1
7706582,1
7707543,5
7708506,5
7709467,4
7710430,4
7711392,6
7712353,6
7713316,2
7714277,2
7715240,3
7716202,3
7717163,1
7718126,1
7719087,5
7720050,5
7721012,5
7721973,4
7722936,4
7723898,6
7724860,6
7725822,2
7726783,2
7727746,3
7728708,3
7729670,1
7730632,1
7731593,5
7732556,5
7733518,4
7734480,4
7735442,6
7736403,6
7737366,2
7738328,2
7739290,3
7740252,3
7741213,1
7742176,1
7743138,5
7744100,5
7745062,4
7746023,4
7746986,6
7747948,6
7748909,2
7749872,2
7750833,3
7751796,3
7752758,1
7753719,1
7754682,5
7755643,5
7756606,4
7757568,4
7758529,6
7759492,6
7760453,2
7761416,2
7762378,3
7763339,3
7764302,1
7765263,1
7766226,5
7767188,5
7768149,4
7769112,4
7770074,6
7771036,6
7771998,2
7772959,2
7773922,3
7774884,3
7775846,1
7776808,1
7777769,5
7778732,5
7779694,4
7780656,4
7781618,6
7782579,6
7783542,2
7784504,2
7785466,3
7786428,3
7787389,1
7788352,1
7789314,5
7790276,5
7791238,4
7792199,4
7793162,6
7794124,6
7795085,2
7796048,2
7797009,3
7797972,3
7798934,1
7799895,1
7800858,5
7801819,5
7802782,4
7803744,4
7804705,6
7805668,6
7806629,2
7807592,2
7808554,3
7809515,3
7810478,1
7811439,1
7812402,5
7813364,5
7814325,4
7815288,4
7816250,6
7817212,6
7818174,2
7819135,2
7820098,3
7821060,3
7822022,1
7822984,1
7823945,5
7824908,5
7825870,5
7826832,4
7827794,4
7828755,6
7829718,6
7830680,2
7831642,2
7832604,3
7833565,3
7834528,1
7835490,1
7836451,5
7837414,5
7838375,4
7839338,4
7840300,6
7841261,6
7842224,2
7843185,2
7844148,3
7845110,3
7846071,1
7847034,1
7847995,5
7848958,5
7849920,4
7850881,4
7851844,6
7852805,6
7853768,2
7854730,2
7855691,3
7856654,3
7857615,1
7858578,1
7859540,5
7860501,5
7861464,4
7862426,4
7863388,6
7864350,6
7865311,2
7866274,2
7867236,3
7868198,3
7869160,1
7870121,1
7871084,5
7872046,5
7873008,4
7873970,4
7874931,6
7875894,6
7876856,2
7877818,2
7878780,3
7879741,3
7880704,1
7881666,1
7882627,5
7883590,5
7884551,4
7885514,4
7886476,6
7887437,6
7888400,2
7889361,2
7890324,3
7891286,3
7892247,1
7893210,1
7894171,5
7895134,5
7896096,4
7897057,4
7898020,6
7898981,6
7899944,2
7900906,2
7901867,3
7902830,3
7903792,1
7904754,1
7905716,5
7906677,5
7907640,4
7908602,4
7909564,6
7910526,6
7911487,2
7912450,2
7913412,3
7914374,3
7915336,1
7916297,1
7917260,5
7918222,5
7919184,4
7920146,4
7921107,6
7922070,6
7923032,2
7923994,2
7924956,3
7925917,3
7926880,1
7927842,1
7928803,5
7929766,5
7930727,5
7931690,4
7932652,4
7933613,6
7934576,6
7935537,2
7936500,2
7937462,3
7938423,3
7939386,1
7940347,1
7941310,5
7942272,5
7943233,4
7944196,4
7945157,6
7946120,6
7947082,2
7948043,2
7949006,3
7949968,3
7950930,1
7951892,1
7952853,5
7953816,5
7954778,4
7955740,4
7956702,6
7957663,6
7958626,2
7959588,2
7960550,3
7961512,3
7962473,1
7963436,1
7964398,5
7965360,5
7966322,4
7967283,4
7968246,6
7969208,6
7970169,2
7971132,2
7972093,3
7973056,3
7974018,1
7974979,1
7975942,5
7976903,5
7977866,4
7978828,4
7979789,6
7980752,6
7981713,2
7982676,2
7983638,3
7984599,3
7985562,1
7986523,1
7987486,5
7988448,5
7989409,4
7990372,4
7991333,6
7992296,6
7993258,2
7994219,2
7995182,3
7996144,3
7997106,1
7998068,1
7999029,5
7999992,5
8000954,4
8001916,4
8002877,6
8003840,6
8004802,2
8005763,2
8006726,3
8007688,3
8008649,1
8009611,1
8010574,5
8011536,5
8012497,4
8013460,4
8014422,6
8015383,6
8016346,2
8017308,2
8018269,3
8019232,3
8020194,1
8021155,1
8022117,5
8023080,5
8024042,4
8025003,4
8025966,6
8026928,6
8027889,2
8028852,2
8029814,3
8030775,3
8031737,1
8032700,1
8033662,5
8034623,5
8035586,4
8036548,4
8037509,4
8038472,6
8039434,6
8040395,2
8041357,2
8042320,3
8043282,3
8044243,1
8045206,1
8046168,5
8047129,5
8048092,4
8049054,4
8050015,6
8050977,6
8051940,2
8052902,2
8053863,3
8054826,3
8055788,1
8056749,1
8057712,5
8058674,5
8059635,4
8060597,4
8061560,6
8062521,6
8063483,2
8064446,2
8065408,3
8066369,3
8067332,1
8068294,1
8069255,5
8070218,5
8071180,4
8072141,4
8073103,6
8074066,6
8075028,2
8075989,2
8076952,3
8077914,3
8078875,1
8079838,1
8080800,5
8081761,5
8082723,4
8083686,4
8084648,6
8085609,6
8086572,2
8087534,2
8088495,3
8089458,3
8090420,1
8091381,1
8092343,5
8093306,5
8094268,4
8095229,4
8096192,6
8097154,6
8098115,2
8099078,2
8100040,3
8101001,3
8101963,1
8102926,1
8103888,5
8104849,5
8105812,4
8106774,4
8107735,6
8108698,6
8109660,2
8110621,2
8111584,3
8112546,3
8113507,1
8114469,1
8115432,5
8116394,5
8117355,4
8118318,4
8119280,6
8120241,6
8121204,2
8122166,2
8123127,3
8124089,3
8125052,1
8126014,1
8126975,5
8127938,5
8128900,4
8129861,4
8130824,6
8131786,6
8132747,2
8133709,2
8134672,3
8135634,3
8136595,1
8137558,1
8138520,5
8139481,5
8140444,4
8141406,4
8142367,4
8143329,6
8144292,6
8145254,2
8146215,2
8147178,3
8148140,3
8149101,1
8150064,1
8151026,5
8151987,5
8152950,4
8153912,4
8154873,6
8155835,6
8156798,2
8157760,2
8158721,3
8159684,3
8160646,1
8161607,1
8162570,5
8163532,5
8164493,4
8165455,4
8166418,6
8167380,6
8168341,2
8169304,2
8170266,3
8171227,3
8172190,1
8173152,1
8174113,5
8175075,5
8176038,4
8177000,4
8177961,6
8178924,6
8179886,2
8180847,2
8181810,3
8182772,3
8183733,1
8184695,1
8185658,5
8186620,5
8187581,4
8188544,4
8189506,6
8190467,6
8191430,2
8192392,2
8193353,3
8194315,3
8195278,1
8196239,1
8197201,5
8198164,5
8199126,4
8200087,4
8201050,6
8202012,6
8202973,2
8203936,2
8204898,3
8205859,3
8206821,1
8207784,1
8208746,5
8209707,5
8210670,4
8211632,4
8212593,6
8213556,6
8214518,2
8215479,2
8216441,3
8217404,3
8218366,1
8219327,1
8220290,5
8221252,5
8222213,4
8223176,4
8224138,6
8225099,6
8226061,2
8227024,2
8227986,3
8228947,3
8229910,1
8230872,1
8231833,5
8232796,5
8233758,4
8234719,4
8235681,6
8236644,6
8237606,2
8238567,2
8239530,3
8240492,3
8241453,1
8242416,1
8243378,5
8244339,5
8245302,4
8246264,4
8247225,6
8248187,6
8249150,6
8250112,2
8251073,2
8252036,3
8252998,3
8253959,1
8254922,1
8255884,5
8256845,5
8257807,4
8258770,4
8259732,6
8260693,6
8261656,2
8262618,2
8263579,3
8264542,3
8265504,1
8266465,1
8267427,5
8268390,5
8269352,4
8270313,4
8271276,6
8272238,6
8273199,2
8274162,2
8275124,3
8276085,3
8277047,1
8278010,1
8278972,5
8279933,5
8280896,4
8281858,4
8282819,6
8283782,6
8284744,2
8285705,2
8286667,3
8287630,3
8288591,1
8289553,1
8290516,5
8291478,5
8292439,4
8293402,4
8294364,6
8295325,6
8296288,2
8297250,2
8298211,3
8299173,3
8300136,1
8301098,1
8302059,5
8303022,5
8303984,4
8304945,4
8305908,6
8306870,6
8307831,2
8308793,2
8309756,3
8310718,3
8311679,1
8312642,1
8313604,5
8314565,5
8315528,4
8316490,4
8317451,6
8318413,6
8319376,2
8320338,2
8321299,3
8322262,3
8323224,1
8324185,1
8325148,5
8326110,5
8327071,4
8328033,4
8328996,6
8329957,6
8330919,2
8331882,2
8332844,3
8333805,3
8334768,1
8335730,1
8336691,5
8337654,5
8338616,4
8339577,4
8340539,6
8341502,6
8342464,2
8343425,2
8344388,3
8345350,3
8346311,1
8347274,1
8348236,5
8349197,5
8350159,4
8351122,4
8352084,6
8353045,6
8354008,2
8354970,2
8355931,2
8356894,3
8357856,3
8358817,1
8359779,1
8360742,5
8361704,5
8362665,4
8363628,4
8364590,6
8365551,6
8366514,2
8367476,2
8368437,3
8369399,3
8370362,1
8371324,1
8372285,5
8373248,5
8374210,4
8375171,4
8376134,6
8377096,6
8378057,2
8379020,2
8379982,3
8380943,3
8381905,1
8382868,1
8383830,5
8384791,5
8385754,4
8386716,4
8387677,6
8388640,6
8389602,2
8390564,2
8391525,3
8392488,3
8393450,1
8394412,1
8395374,5
8396336,5
8397298,4
8398260,4
8399222,6
8400184,6
8401145,2
8402108,2
8403070,3
8404031,3
8404994,1
8405956,1
8406918,5
8407880,5
8408842,4
8409804,4
8410765,6
8411728,6
8412690,2
8413651,2
8414614,3
8415576,3
8416538,1
8417500,1
8418462,5
8419424,5
8420385,4
8421348,4
8422310,6
8423271,6
8424234,2
8425196,2
8426158,3
8427120,3
8428082,1
8429044,1
8430006,5
8430968,5
8431930,4
8432891,4
8433854,6
8434816,6
8435778,2
8436740,2
8437702,3
8438664,3
8439626,1
8440588,1
8441550,5
8442511,5
8443474,4
8444436,4
8445398,6
8446360,6
8447322,2
8448284,2
8449246,3
8450208,3
8451170,1
8452131,1
8453094,5
8454056,5
8455017,4
8455980,4
8456942,6
8457904,6
8458866,2
8459828,2
8460790,2
8461751,3
8462714,3
8463676,1
8464637,1
8465600,5
8466562,5
8467524,4
8468486,4
8469448,6
8470410,6
8471372,2
8472334,2
8473296,3
8474257,3
8475220,1
8476182,1
8477144,5
8478106,5
8479068,4
8480030,4
8480992,6
8481954,6
8482916,2
8483877,2
8484840,3
8485802,3
8486764,1
8487726,1
8488688,5
8489650,5
8490612,4
8491574,4
8492536,6
8493497,6
8494460,2
8495422,2
8496383,3
8497346,3
8498308,1
8499270,1
8500232,5
8501194,5
8502156,4
8503117,4
8504080,6
8505042,6
8506003,2
8506966,2
8507928,3
8508890,3
8509852,1
8510814,1
8511776,5
8512737,5
8513700,4
8514662,4
8515623,6
8516586,6
8517548,2
8518510,2
8519472,3
8520434,3
8521396,1
8522358,1
8523320,5
8524282,5
8525243,4
8526206,4
8527168,6
8528130,6
8529092,2
8530054,2
8531016,3
8531978,3
8532940,1
8533902,1
8534863,5
8535826,5
8536788,4
8537749,4
8538712,6
8539674,6
8540636,2
8541598,2
8542560,3
8543522,3
8544483,1
8545446,1
8546408,5
8547369,5
8548332,4
8549294,4
8550256,6
8551218,6
8552180,2
8553142,2
8554103,3
8555066,3
8556028,1
8556989,1
8557952,5
8558914,5
8559876,4
8560838,4
8561800,6
8562762,6
8563724,2
8564686,2
8565648,3
8566609,3
8567572,3
8568534,1
8569496,1
8570458,5
8571420,5
8572382,4
8573344,4
8574306,6
8575268,6
8576229,2
8577192,2
8578154,3
8579116,3
8580078,1
8581040,1
8582002,5
8582964,5
8583926,4
8584888,4
8585849,6
8586812,6
8587774,2
8588735,2
8589698,3
8590660,3
8591622,1
8592584,1
8593546,5
8594508,5
8595469,4
8596432,4
8597394,6
8598355,6
8599318,2
8600280,2
8601242,3
8602204,3
8603166,1
8604128,1
8605089,5
8606052,5
8607014,4
8607975,4
8608938,6
8609900,6
8610862,2
8611824,2
8612786,3
8613748,3
8614710,1
8615672,1
8616634,5
8617595,5
8618558,4
8619520,4
8620482,6
8621444,6
8622406,2
8623368,2
8624330,3
8625292,3
8626254,1
8627215,1
8628178,5
8629140,5
8630101,4
8631064,4
8632026,6
8632988,6
8633950,2
8634912,2
8635874,3
8636835,3
8637798,1
8638760,1
8639721,5
8640684,5
8641646,4
8642608,4
8643570,6
8644532,6
8645494,2
8646455,2
8647418,3
8648380,3
8649341,1
8650304,1
8651266,5
8652228,5
8653190,4
8654152,4
8655114,6
8656076,6
8657038,2
8658000,2
8658961,3
8659924,3
8660886,1
8661848,1
8662810,5
8663772,5
8664734,4
8665696,4
8666658,6
8667620,6
8668581,2
8669544,2
8670506,3
8671467,3
8672430,3
8673392,1
8674354,1
8675316,5
8676278,5
8677240,4
8678201,4
8679164,6
8680126,6
8681087,2
8682050,2
8683012,3
8683974,3
8684936,1
8685898,1
8686860,5
8687821,5
8688784,4
8689746,4
8690707,6
8691670,6
8692632,2
8693594,2
8694556,3
8695518,3
8696480,1
8697442,1
8698404,5
8699366,5
8700327,4
8701290,4
8702252,6
8703214,6
8704176,2
8705138,2
8706100,3
8707062,3
8708024,1
8708986,1
8709947,5
8710910,5
8711872,4
8712834,4
8713796,6
8714758,6
8715720,2
8716682,2
8717644,3
8718606,3
8719567,1
8720530,1
8721492,5
8722453,5
8723416,4
8724378,4
8725340,6
8726302,6
8727264,2
8728226,2
8729187,3
8730150,3
8731112,1
8732073,1
8733036,5
8733998,5
8734960,4
8735922,4
8736884,6
8737846,6
8738807,2
8739770,2
8740732,3
8741693,3
8742656,1
8743618,1
8744580,5
8745542,5
8746504,4
8747466,4
8748428,6
8749390,6
8750352,2
8751313,2
8752276,3
8753238,3
8754200,1
8755162,1
8756124,5
8757086,5
8758048,4
8759010,4
8759972,6
8760933,6
8761896,2
8762858,2
8763819,3
8764782,3
8765744,1
8766706,1
8767668,5
8768630,5
8769592,4
8770553,4
8771516,6
8772478,6
8773439,2
8774402,2
8775364,3
8776326,3
8777288,1
8778250,1
8779212,1
8780173,5
8781136,5
8782098,4
8783059,4
8784022,6
8784984,6
8785946,2
8786908,2
8787870,3
8788832,3
8789794,1
8790756,1
8791718,5
8792679,5
8793642,4
8794604,4
8795566,6
8796528,6
8797490,2
8798452,2
8799414,3
8800376,3
8801338,1
8802299,1
8803262,5
8804224,5
8805186,4
8806148,4
8807110,6
8808072,6
8809034,2
8809996,2
8810958,3
8811919,3
8812882,1
8813844,1
8814805,5
8815768,5
8816730,4
8817692,4
8818654,6
8819616,6
8820578,2
8821539,2
8822502,3
8823464,3
8824425,1
8825388,1
8826350,5
8827312,5
8828274,4
8829236,4
8830198,6
8831159,6
8832122,2
8833084,2
8834045,3
8835008,3
8835970,1
8836932,1
8837894,5
8838856,5
8839818,4
8840780,4
8841742,6
8842704,6
8843665,2
8844628,2
8845590,3
8846552,3
8847514,1
8848476,1
8849438,5
8850400,5
8851362,4
8852324,4
8853285,6
8854248,6
8855210,2
8856171,2
8857134,3
8858096,3
8859058,1
8860020,1
8860982,5
8861944,5
8862905,4
8863868,4
8864830,6
8865791,6
8866754,2
8867716,2
8868678,3
8869640,3
8870602,1
8871564,1
8872525,5
8873488,5
8874450,4
8875411,4
8876374,6
8877336,6
8878298,2
8879260,2
8880222,3
8881184,3
8882146,1
8883108,1
8884070,1
8885031,5
8885994,5
8886956,4
8887918,4
8888880,6
8889842,6
8890804,2
8891766,2
8892728,3
8893690,3
8894651,1
8895614,1
8896576,5
8897537,5
8898500,4
8899462,4
8900424,6
8901386,6
8902348,2
8903310,2
8904271,3
8905234,3
8906196,1
8907157,1
8908120,5
8909082,5
8910044,4
8911006,4
8911968,6
8912930,6
8913891,2
8914854,2
8915816,3
8916777,3
8917740,1
8918702,1
8919664,5
8920626,5
8921588,4
8922550,4
8923512,6
8924474,6
8925436,2
8926397,2
8927360,3
8928322,3
8929284,1
8930246,1
8931208,5
8932170,5
8933132,4
8934094,4
8935056,6
8936017,6
8936980,2
8937942,2
8938904,3
8939866,3
8940828,1
8941790,1
8942752,5
8943714,5
8944676,4
8945637,4
8946600,6
8947562,6
8948523,2
8949486,2
8950448,3
8951410,3
8952372,1
8953334,1
8954296,5
8955257,5
8956220,4
8957182,4
8958143,6
8959106,6
8960068,2
8961030,2
8961992,3
8962954,3
8963916,1
8964877,1
8965840,5
8966802,5
8967763,4
8968726,4
8969688,6
8970650,6
8971612,2
8972574,2
8973536,3
8974498,3
8975460,1
8976422,1
8977383,5
8978346,5
8979308,4
8980270,4
8981232,6
8982194,6
8983156,2
8984118,2
8985080,3
8986042,3
8987003,1
8987966,1
8988928,5
8989889,5
8990852,5
8991814,4
8992776,4
8993738,6
8994700,6
8995662,2
8996623,2
8997586,3
8998548,3
8999509,1
9000472,1
9001434,5
9002396,5
9003358,4
9004320,4
9005282,6
9006243,6
9007206,2
9008168,2
9009129,3
9010092,3
9011054,1
9012016,1
9012978,5
9013940,5
9014902,4
9015864,4
9016826,6
9017788,6
9018749,2
9019712,2
9020674,3
9021636,3
9022598,1
9023560,1
9024522,5
9025484,5
9026446,4
9027408,4
9028369,6
9029332,6
9030294,2
9031255,2
9032218,3
9033180,3
9034142,1
9035104,1
9036066,5
9037028,5
9037989,4
9038952,4
9039914,6
9040875,6
9041838,2
9042800,2
9043762,3
9044724,3
9045686,1
9046648,1
9047609,5
9048572,5
9049534,4
9050495,4
9051458,6
9052420,6
9053382,2
9054344,2
9055306,3
9056268,3
9057229,1
9058192,1
9059154,5
9060115,5
9061078,4
9062040,4
9063002,6
9063964,6
9064926,2
9065888,2
9066850,3
9067812,3
9068774,1
9069735,1
9070698,5
9071660,5
9072622,4
9073584,4
9074546,6
9075508,6
9076470,2
9077432,2
9078394,3
9079355,3
9080318,1
9081280,1
9082241,5
9083204,5
9084166,4
9085128,4
9086090,6
9087052,6
9088014,2
9088975,2
9089938,3
9090900,3
9091861,1
9092824,1
9093786,5
9094748,5
9095710,5
9096672,4
9097634,4
9098595,6
9099558,6
9100520,2
9101481,2
9102444,3
9103406,3
9104368,1
9105330,1
9106292,5
9107254,5
9108216,4
9109178,4
9110140,6
9111101,6
9112064,2
9113026,2
9113988,3
9114950,3
9115912,1
9116874,1
9117836,5
9118798,5
9119760,4
9120721,4
9121684,6
9122646,6
9123607,2
9124570,2
9125532,3
9126494,3
9127456,1
9128418,1
9129380,5
9130341,5
9131304,4
9132266,4
9133227,6
9134190,6
9135152,2
9136114,2
9137076,3
9138038,3
9139000,1
9139961,1
9140924,5
9141886,5
9142847,4
9143810,4
9144772,6
9145734,6
9146696,2
9147658,2
9148620,3
9149582,3
9150544,1
9151506,1
9152467,5
9153430,5
9154392,4
9155354,4
9156316,6
9157278,6
9158240,2
9159202,2
9160164,3
9161126,3
9162087,1
9163050,1
9164012,5
9164973,5
9165936,4
9166898,4
9167860,6
9168822,6
9169784,2
9170746,2
9171707,3
9172670,3
9173632,1
9174593,1
9175556,5
9176518,5
9177480,4
9178442,4
9179404,6
9180366,6
9181327,2
9182290,2
9183252,3
9184213,3
9185176,1
9186138,1
9187100,5
9188062,5
9189024,4
9189986,4
9190947,6
9191910,6
9192872,2
9193833,2
9194796,3
9195758,3
9196720,1
9197682,1
9198644,5
9199606,5
9200568,4
9201530,4
9202492,4
9203453,6
9204416,6
9205378,2
9206340,2
9207302,3
9208264,3
9209226,1
9210188,1
9211150,5
9212112,5
9213073,4
9214036,4
9214998,6
9215959,6
9216922,2
9217884,2
9218846,3
9219808,3
9220770,1
9221732,1
9222693,5
9223656,5
9224618,4
9225579,4
9226542,6
9227504,6
9228466,2
9229428,2
9230390,3
9231352,3
9232313,1
9233276,1
9234238,5
9235199,5
9236162,4
9237124,4
9238086,6
9239048,6
9240010,2
9240972,2
9241934,3
9242896,3
9243858,1
9244819,1
9245782,5
9246744,5
9247706,4
9248668,4
9249630,6
9250592,6
9251554,2
9252516,2
9253478,3
9254439,3
9255402,1
9256364,1
9257325,5
9258288,5
9259250,4
9260212,4
9261174,6
9262136,6
9263098,2
9264059,2
9265022,3
9265984,3
9266945,1
9267908,1
9268870,5
9269832,5
9270794,4
9271756,4
9272718,6
9273679,6
9274642,2
9275604,2
9276565,3
9277528,3
9278490,1
9279452,1
9280414,5
9281376,5
9282338,4
9283299,4
9284262,6
9285224,6
9286185,2
9287148,2
9288110,3
9289072,3
9290034,1
9290996,1
9291958,5
9292920,5
9293882,4
9294844,4
9295805,6
9296768,6
9297730,2
9298692,2
9299654,3
9300616,3
9301578,1
9302540,1
9303502,5
9304464,5
9305425,4
9306388,4
9307350,6
9308311,6
9309274,6
9310236,2
9311198,2
9312160,3
9313122,3
9314084,1
9315045,1
9316008,5
9316970,5
9317931,4
9318894,4
9319856,6
9320818,6
9321780,2
9322742,2
9323704,3
9324665,3
9325628,1
9326590,1
9327551,5
9328514,5
9329476,4
9330438,4
9331400,6
9332362,6
9333324,2
9334286,2
9335248,3
9336210,3
9337171,1
9338134,1
9339096,5
9340058,5
9341020,4
9341982,4
9342944,6
9343906,6
9344868,2
9345830,2
9346791,3
9347754,3
9348716,1
9349677,1
9350640,5
9351602,5
9352564,4
9353526,4
9354488,6
9355450,6
9356411,2
9357374,2
9358336,3
9359297,3
9360260,1
9361222,1
9362184,5
9363146,5
9364108,4
9365070,4
9366031,6
9366994,6
9367956,2
9368917,2
9369880,3
9370842,3
9371804,1
9372766,1
9373728,5
9374690,5
9375652,4
9376614,4
9377576,6
9378537,6
9379500,2
9380462,2
9381424,3
9382386,3
9383348,1
9384310,1
9385272,5
9386234,5
9387196,4
9388157,4
9389120,6
9390082,6
9391043,2
9392006,2
9392968,3
9393930,3
9394892,1
9395854,1
9396816,5
9397777,5
9398740,4
9399702,4
9400663,6
9401626,6
9402588,2
9403550,2
9404512,3
9405474,3
9406436,1
9407397,1
9408360,5
9409322,5
9410283,4
9411246,4
9412208,6
9413170,6
9414132,6
9415094,2
9416056,2
9417017,3
9417980,3
9418942,1
9419903,1
9420866,5
9421828,5
9422790,4
9423752,4
9424714,6
9425676,6
9426638,2
9427600,2
9428562,3
9429523,3
9430486,1
9431448,1
9432410,5
9433372,5
9434334,4
9435296,4
9436258,6
9437220,6
9438182,2
9439143,2
9440106,3
9441068,3
9442029,1
9442992,1
9443954,5
9444916,5
9445878,4
9446840,4
9447802,6
9448763,6
9449726,2
9450688,2
9451649,3
9452612,3
9453574,1
9454536,1
9455498,5
9456460,5
9457422,4
9458383,4
9459346,6
9460308,6
9461269,2
9462232,2
9463194,3
9464156,3
9465118,1
9466080,1
9467042,5
9468004,5
9468966,4
9469928,4
9470889,6
9471852,6
9472814,2
9473776,2
9474738,3
9475700,3
9476662,1
9477624,1
9478586,5
9479548,5
9480509,4
9481472,4
9482434,6
9483395,6
9484358,2
9485320,2
9486282,3
9487244,3
9488206,1
9489168,1
9490129,5
9491092,5
9492054,4
9493015,4
9493978,6
9494940,6
9495902,2
9496864,2
9497826,3
9498788,3
9499749,1
9500712,1
9501674,5
9502635,5
9503598,4
9504560,4
9505522,6
9506484,6
9507446,2
9508408,2
9509369,3
9510332,3
9511294,1
9512255,1
9513218,5
9514180,5
9515142,4
9516104,4
9517066,6
9518028,6
9518990,2
9519952,2
9520914,2
9521875,3
9522838,3
9523800,1
9524761,1
9525724,5
9526686,5
9527648,4
9528610,4
9529572,6
9530534,6
9531495,2
9532458,2
9533420,3
9534381,3
9535344,1
9536306,1
9537268,5
9538230,5
9539192,4
9540154,4
9541115,6
9542078,6
9543040,2
9544001,2
9544964,3
9545926,3
9546888,1
9547850,1
9548812,5
9549774,5
9550735,4
9551698,4
9552660,6
9553621,6
9554584,2
9555546,2
9556508,3
9557470,3
9558432,1
9559394,1
9560356,5
9561318,5
9562280,4
9563241,4
9564204,6
9565166,6
9566128,2
9567090,2
9568052,3
9569014,3
9569976,1
9570938,1
9571900,5
9572861,5
9573824,4
9574786,4
9575747,6
9576710,6
9577672,2
9578634,2
9579596,3
9580558,3
9581520,1
9582481,1
9583444,5
9584406,5
9585367,4
9586330,4
9587292,6
9588254,6
9589216,2
9590178,2
9591140,3
9592101,3
9593064,1
9594026,1
9594987,5
9595950,5
9596912,4
9597874,4
9598836,6
9599798,6
9600760,2
9601721,2
9602684,3
9603646,3
9604607,1
9605570,1
9606532,5
9607494,5
9608456,4
9609418,4
9610380,6
9611342,6
9612304,2
9613266,2
9614227,3
9615190,3
9616152,1
9617113,1
9618076,5
9619038,5
9620000,4
9620962,4
9621924,6
9622886,6
9623847,2
9624810,2
9625772,2
9626733,3
9627696,3
9628658,1
9629620,1
9630582,5
9631544,5
9632506,4
9633467,4
9634430,6
9635392,6
9636353,2
9637316,2
9638278,3
9639240,3
9640202,1
9641164,1
9642126,5
9643087,5
9644050,4
9645012,4
9645973,6
9646936,6
9647898,2
9648860,2
9649822,3
9650784,3
9651746,1
9652708,1
9653670,5
9654632,5
9655593,4
9656556,4
9657518,6
9658479,6
9659442,2
9660404,2
9661366,3
9662328,3
9663290,1
9664252,1
9665213,5
9666176,5
9667138,4
9668099,4
9669062,6
9670024,6
9670986,2
9671948,2
9672910,3
9673872,3
9674833,1
9675796,1
9676758,5
9677719,5
9678682,4
9679644,4
9680606,6
9681568,6
9682530,2
9683492,2
9684453,3
9685416,3
9686378,1
9687339,1
9688302,5
9689264,5
9690226,4
9691188,4
9692150,6
9693112,6
9694074,2
9695036,2
9695998,3
9696959,3
9697922,1
9698884,1
9699846,5
9700808,5
9701770,4
9702732,4
9703694,6
9704656,6
9705618,2
9706579,2
9707542,3
9708504,3
9709465,1
9710428,1
9711390,5
9712352,5
9713314,4
9714276,4
9715238,6
9716199,6
9717162,2
9718124,2
9719085,3
9720048,3
9721010,1
9721972,1
9722934,5
9723896,5
9724858,4
9725819,4
9726782,6
9727744,6
9728705,2
9729668,2
9730630,3
9731592,3
9732554,3
9733516,1
9734478,1
9735439,5
9736402,5
9737364,4
9738325,4
9739288,6
9740250,6
9741212,2
9742174,2
9743136,3
9744098,3
9745060,1
9746022,1
9746984,5
9747945,5
9748908,4
9749870,4
9750831,6
9751794,6
9752756,2
9753718,2
9754680,3
9755642,3
9756604,1
9757565,1
9758528,5
9759490,5
9760451,4
9761414,4
9762376,6
9763338,6
9764300,2
9765262,2
9766224,3
9767185,3
9768148,1
9769110,1
9770071,5
9771034,5
9771996,4
9772958,4
9773920,6
9774882,6
9775844,2
9776805,2
9777768,3
9778730,3
9779691,1
9780654,1
9781616,5
9782578,5
9783540,4
9784502,4
9785464,6
9786426,6
9787388,2
9788350,2
9789311,3
9790274,3
9791236,1
9792198,1
9793160,5
9794122,5
9795084,4
9796046,4
9797008,6
9797970,6
9798931,2
9799894,2
9800856,3
9801817,3
9802780,1
9803742,1
9804704,5
9805666,5
9806628,4
9807590,4
9808551,6
9809514,6
9810476,2
9811437,2
9812400,3
9813362,3
9814324,1
9815286,1
9816248,5
9817210,5
9818171,4
9819134,4
9820096,6
9821057,6
9822020,2
9822982,2
9823944,3
9824906,3
9825868,1
9826830,1
9827791,5
9828754,5
9829716,4
9830677,4
9831640,6
9832602,6
9833564,2
9834526,2
9835488,3
9836450,3
9837412,3
9838374,1
9839336,1
9840297,5
9841260,5
9842222,4
9843183,4
9844146,6
9845108,6
9846070,2
9847032,2
9847994,3
9848956,3
9849917,1
9850880,1
9851842,5
9852803,5
9853766,4
9854728,4
9855690,6
9856652,6
9857614,2
9858576,2
9859537,3
9860500,3
9861462,1
9862423,1
9863386,5
9864348,5
9865310,4
9866272,4
9867234,6
9868196,6
9869157,2
9870120,2
9871082,3
9872043,3
9873006,1
9873968,1
9874930,5
9875892,5
9876854,4
9877816,4
9878778,6
9879740,6
9880702,2
9881663,2
9882626,3
9883588,3
9884549,1
9885512,1
9886474,5
9887436,5
9888398,4
9889360,4
9890322,6
9891283,6
9892246,2
9893208,2
9894169,3
9895132,3
9896094,1
9897056,1
9898018,5
9898980,5
9899942,4
9900903,4
9901866,6
9902828,6
9903789,2
9904752,2
9905714,3
9906676,3
9907638,1
9908600,1
9909562,5
9910523,5
9911486,4
9912448,4
9913409,6
9914372,6
9915334,2
9916296,2
9917258,3
9918220,3
9919182,1
9920144,1
9921106,5
9922068,5
9923029,4
9923992,4
9924954,6
9925916,6
9926878,2
9927840,2
9928802,3
9929764,3
9930726,1
9931688,1
9932649,5
9933612,5
9934574,4
9935535,4
9936498,6
9937460,6
9938422,2
9939384,2
9940346,3
9941308,3
9942269,1
9943232,1
9944194,1
9945155,5
9946118,5
9947080,4
9948042,4
9949004,6
9949966,6
9950928,2
9951889,2
9952852,3
9953814,3
9954775,1
9955738,1
9956700,5
9957662,5
9958624,4
9959586,4
9960548,6
9961509,6
9962472,2
9963434,2
9964395,3
9965358,3
9966320,1
9967282,1
9968244,5
9969206,5
9970168,4
9971130,4
9972092,6
9973054,6
9974015,2
9974978,2
9975940,3
9976901,3
9977864,1
9978826,1
9979788,5
9980750,5
9981712,4
9982674,4
9983635,6
9984598,6
9985560,2
9986521,2
9987484,3
9988446,3
9989408,1
9990370,1
9991332,5
9992294,5
9993255,4
9994218,4
9995180,6
9996141,6
9997104,2
9998066,2
9999028,3
9999990,3
10000952,1
10001914,1
10002875,5
10003838,5
10004800,4
10005761,4
10006724,6
10007686,6
10008648,2
10009610,2
10010572,3
10011534,3
10012496,1
10013458,1
10014420,5
10015381,5
10016344,4
10017306,4
10018267,6
10019230,6
10020192,2
10021154,2
10022116,3
10023078,3
10024040,1
10025001,1
10025964,5
10026926,5
10027887,4
10028850,4
10029812,6
10030774,6
10031736,2
10032698,2
10033660,3
10034621,3
10035584,1
10036546,1
10037507,5
10038470,5
10039432,4
10040394,4
10041356,6
10042318,6
10043280,2
10044241,2
10045204,3
10046166,3
10047127,1
10048090,1
10049052,1
10050014,5
10050976,5
10051938,4
10052900,4
10053861,6
10054824,6
10055786,2
10056747,2
10057710,3
10058672,3
10059634,1
10060596,1
10061558,5
10062520,5
10063482,4
10064444,4
10065406,6
10066367,6
10067330,2
10068292,2
10069253,3
10070216,3
10071178,1
10072140,1
10073102,5
10074064,5
10075026,4
10075987,4
10076950,6
10077912,6
10078873,2
10079836,2
10080798,3
10081760,3
10082722,1
10083684,1
10084646,5
10085607,5
10086570,4
10087532,4
10088493,6
10089456,6
10090418,2
10091380,2
10092342,3
10093304,3
10094266,1
10095227,1
10096190,5
10097152,5
10098113,4
10099076,4
10100038,6
10101000,6
10101962,2
10102924,2
10103886,3
10104848,3
10105810,1
10106772,1
10107733,5
10108696,5
10109658,4
10110619,4
10111582,6
10112544,6
10113506,2
10114468,2
10115430,3
10116392,3
10117353,1
10118316,1
10119278,5
10120239,5
10121202,4
10122164,4
10123126,6
10124088,6
10125050,2
10126012,2
10126973,3
10127936,3
10128898,1
10129859,1
10130822,5
10131784,5
10132746,4
10133708,4
10134670,6
10135632,6
10136593,2
10137556,2
10138518,3
10139479,3
10140442,1
10141404,1
10142366,5
10143328,5
10144290,4
10145252,4
10146214,6
10147176,6
10148138,2
10149099,2
10150062,3
10151024,3
10151985,1
10152948,1
10153910,5
10154872,5
10155834,5
10156796,4
10157758,4
10158719,6
10159682,6
10160644,2
10161605,2
10162568,3
10163530,3
10164492,1
10165454,1
10166416,5
10167378,5
10168339,4
10169302,4
10170264,6
10171225,6
10172188,2
10173150,2
10174112,3
10175074,3
10176036,1
10176998,1
10177959,5
10178922,5
10179884,4
10180845,4
10181808,6
10182770,6
10183732,2
10184694,2
10185656,3
10186618,3
10187579,1
10188542,1
10189504,5
10190465,5
10191428,4
10192390,4
10193352,6
10194314,6
10195276,2
10196238,2
10197200,3
10198162,3
10199124,1
10200085,1
10201048,5
10202010,5
10202971,4
10203934,4
10204896,6
10205858,6
10206820,2
10207782,2
10208744,3
10209705,3
10210668,1
10211630,1
10212591,5
10213554,5
10214516,4
10215478,4
10216440,6
10217402,6
10218364,2
10219325,2
10220288,3
10221250,3
10222211,1
10223174,1
10224136,5
10225098,5
10226060,4
10227022,4
10227984,6
10228945,6
10229908,2
10230870,2
10231831,3
10232794,3
10233756,1
10234718,1
10235680,5
10236642,5
10237604,4
10238566,4
10239528,6
10240490,6
10241451,2
10242414,2
10243376,3
10244337,3
10245300,1
10246262,1
10247224,5
10248186,5
10249148,4
10250110,4
10251071,6
10252034,6
10252996,2
10253957,2
10254920,3
10255882,3
10256844,1
10257806,1
10258768,5
10259730,5
10260691,4
10261654,4
10262616,4
10263577,6
10264540,6
10265502,2
10266464,2
10267426,3
10268388,3
10269350,1
10270311,1
10271274,5
10272236,5
10273197,4
10274160,4
10275122,6
10276084,6
10277046,2
10278008,2
10278970,3
10279931,3
10280894,1
10281856,1
10282817,5
10283780,5
10284742,4
10285704,4
10286666,6
10287628,6
10288590,2
10289552,2
10290514,3
10291476,3
10292437,1
10293400,1
10294362,5
10295323,5
10296286,4
10297248,4
10298210,6
10299172,6
10300134,2
10301096,2
10302057,3
10303020,3
10303982,1
10304943,1
10305906,5
10306868,5
10307830,4
10308792,4
10309754,6
10310716,6
10311677,2
10312640,2
10313602,3
10314563,3
10315526,1
10316488,1
10317450,5
10318412,5
10319374,4
10320336,4
10321297,6
10322260,6
10323222,2
10324183,2
10325146,3
10326108,3
10327070,1
10328032,1
10328994,5
10329956,5
10330918,4
10331880,4
10332842,6
10333803,6
10334766,2
10335728,2
10336689,3
10337652,3
10338614,1
10339576,1
10340538,5
10341500,5
10342462,4
10343423,4
10344386,6
10345348,6
10346309,2
10347272,2
10348234,3
10349196,3
10350158,1
10351120,1
10352082,5
10353043,5
10354006,4
10354968,4
10355929,6
10356892,6
10357854,2
10358816,2
10359778,3
10360740,3
10361702,1
10362663,1
10363626,5
10364588,5
10365549,4
10366512,4
10367474,4
10368436,6
10369398,6
10370360,2
10371322,2
10372284,3
10373246,3
10374208,1
10375169,1
10376132,5
10377094,5
10378055,4
10379018,4
10379980,6
10380942,6
10381904,2
10382866,2
10383828,3
10384789,3
10385752,1
10386714,1
10387675,5
10388638,5
10389600,4
10390562,4
10391524,6
10392486,6
10393448,2
10394409,2
10395372,3
10396334,3
10397295,1
10398258,1
10399220,5
10400182,5
10401144,4
10402106,4
10403068,6
10404029,6
10404992,2
10405954,2
10406915,3
10407878,3
10408840,1
10409802,1
10410764,5
10411726,5
10412688,4
10413649,4
10414612,6
10415574,6
10416535,2
10417498,2
10418460,3
10419422,3
10420384,1
10421346,1
10422308,5
10423270,5
10424232,4
10425194,4
10426155,6
10427118,6
10428080,2
10429041,2
10430004,3
10430966,3
10431928,1
10432890,1
10433852,5
10434814,5
10435775,4
10436738,4
10437700,6
10438661,6
10439624,2
10440586,2
10441548,3
10442510,3
10443472,1
10444434,1
10445395,5
10446358,5
10447320,4
10448281,4
10449244,6
10450206,6
10451168,2
10452130,2
10453092,3
10454054,3
10455015,1
10455978,1
10456940,5
10457901,5
10458864,4
10459826,4
10460788,6
10461750,6
10462712,2
10463674,2
10464636,3
10465598,3
10466560,1
10467521,1
10468484,5
10469446,5
10470407,4
10471370,4
10472332,6
10473294,6
10474256,6
10475218,2
10476180,2
10477141,3
10478104,3
10479066,1
10480027,1
10480990,5
10481952,5
10482914,4
10483876,4
10484838,6
10485800,6
10486761,2
10487724,2
10488686,3
10489647,3
10490610,1
10491572,1
10492534,5
10493496,5
10494458,4
10495420,4
10496381,6
10497344,6
10498306,2
10499267,2
10500230,3
10501192,3
10502154,1
10503116,1
10504078,5
10505040,5
10506001,4
10506964,4
10507926,6
10508887,6
10509850,2
10510812,2
10511773,3
10512736,3
10513698,1
10514660,1
10515622,5
10516584,5
10517546,4
10518507,4
10519470,6
10520432,6
10521393,2
10522356,2
10523318,3
10524280,3
10525242,1
10526204,1
10527166,5
10528127,5
10529090,4
10530052,4
10531013,6
10531976,6
10532938,2
10533900,2
10534862,3
10535824,3
10536786,1
10537747,1
10538710,5
10539672,5
10540633,4
10541596,4
10542558,6
10543520,6
10544482,2
10545444,2
10546406,3
10547367,3
10548330,1
10549292,1
10550253,5
10551216,5
10552178,4
10553140,4
10554102,6
10555064,6
10556026,2
10556988,2
10557950,3
10558912,3
10559873,1
10560836,1
10561798,5
10562759,5
10563722,4
10564684,4
10565646,6
10566608,6
10567570,2
10568532,2
10569493,3
10570456,3
10571418,1
10572379,1
10573342,5
10574304,5
10575266,4
10576228,4
10577190,6
10578152,6
10579113,6
10580076,2
10581038,2
10581999,3
10582962,3
10583924,1
10584886,1
10585848,5
10586810,5
10587772,4
10588733,4
10589696,6
10590658,6
10591619,2
10592582,2
10593544,3
10594506,3
10595468,1
10596430,1
10597392,5
10598354,5
10599316,4
10600278,4
10601239,6
10602202,6
10603164,2
10604125,2
10605088,3
10606050,3
10607012,1
10607974,1
10608936,5
10609898,5
10610859,4
10611822,4
10612784,6
10613745,6
10614708,2
10615670,2
10616632,3
10617594,3
10618556,1
10619518,1
10620479,5
10621442,5
10622404,4
10623365,4
10624328,6
10625290,6
10626252,2
10627214,2
10628176,3
10629138,3
10630099,1
10631062,1
10632024,5
10632985,5
10633948,4
10634910,4
10635872,6
10636834,6
10637796,2
10638758,2
10639719,3
10640682,3
10641644,1
10642605,1
10643568,5
10644530,5
10645491,4
10646454,4
10647416,6
10648378,6
10649340,2
10650302,2
10651264,3
10652225,3
10653188,1
10654150,1
10655111,5
10656074,5
10657036,4
10657998,4
10658960,6
10659922,6
10660884,2
10661845,2
10662808,3
10663770,3
10664731,1
10665694,1
10666656,5
10667618,5
10668580,4
10669542,4
10670504,6
10671465,6
10672428,2
10673390,2
10674351,3
10675314,3
10676276,1
10677238,1
10678200,5
10679162,5
10680124,4
10681085,4
10682048,6
10683010,6
10683971,2
10684934,2
10685896,2
10686858,3
10687820,3
10688782,1
10689744,1
10690706,5
10691668,5
10692630,4
10693591,4
10694554,6
10695516,6
10696477,2
10697440,2
10698402,3
10699364,3
10700326,1
10701288,1
10702250,5
10703211,5
10704174,4
10705136,4
10706097,6
10707060,6
10708022,2
10708984,2
10709946,3
10710908,3
10711870,1
10712831,1
10713794,5
10714756,5
10715717,4
10716680,4
10717642,6
10718604,6
10719566,2
10720528,2
10721490,3
10722451,3
10723414,1
10724376,1
10725337,5
10726300,5
10727262,4
10728224,4
10729186,6
10730148,6
10731110,2
10732071,2
10733034,3
10733996,3
10734957,1
10735920,1
10736882,5
10737843,5
10738806,4
10739768,4
10740730,6
10741692,6
10742654,2
10743616,2
10744577,3
10745540,3
10746502,1
10747463,1
10748426,5
10749388,5
10750350,4
10751312,4
10752274,6
10753236,6
10754197,2
10755160,2
10756122,3
10757083,3
10758046,1
10759008,1
10759970,5
10760932,5
10761894,4
10762856,4
10763817,6
10764780,6
10765742,2
10766703,2
10767666,3
10768628,3
10769590,1
10770552,1
10771514,5
10772476,5
10773437,4
10774400,4
10775362,6
10776323,6
10777286,2
10778248,2
10779210,3
10780172,3
10781134,1
10782096,1
10783058,5
10784020,5
10784982,4
10785943,4
10786906,6
10787868,6
10788829,2
10789792,2
10790754,2
10791716,3
10792678,3
10793640,1
10794602,1
10795563,5
10796526,5
10797488,4
10798449,4
10799412,6
10800374,6
10801336,2
10802298,2
10803260,3
10804222,3
10805183,1
10806146,1
10807108,5
10808069,5
10809032,4
10809994,4
10810956,6
10811918,6
10812880,2
10813842,2
10814803,3
10815766,3
10816728,1
10817689,1
10818652,5
10819614,5
10820576,4
10821538,4
10822500,6
10823462,6
10824423,2
10825386,2
10826348,3
10827309,3
10828272,1
10829234,1
10830195,5
10831158,5
10832120,4
10833082,4
10834044,6
10835006,6
10835968,2
10836929,2
10837892,3
10838854,3
10839815,1
10840778,1
10841740,5
10842702,5
10843664,4
10844626,4
10845588,6
10846549,6
10847512,2
10848474,2
10849435,3
10850398,3
10851360,1
10852322,1
10853284,5
10854246,5
10855208,4
10856169,4
10857132,6
10858094,6
10859055,2
10860018,2
10860980,3
10861942,3
10862904,1
10863866,1
10864828,5
10865789,5
10866752,4
10867714,4
10868675,6
10869638,6
10870600,2
10871561,2
10872524,3
10873486,3
10874448,1
10875410,1
10876372,5
10877334,5
10878295,4
10879258,4
10880220,6
10881181,6
10882144,2
10883106,2
10884068,3
10885030,3
10885992,1
10886954,1
10887915,5
10888878,5
10889840,4
10890801,4
10891764,6
10892726,6
10893688,2
10894650,2
10895612,3
10896574,3
10897535,3
10898498,1
10899460,1
10900421,5
10901384,5
10902346,4
10903308,4
10904270,6
10905232,6
10906194,2
10907155,2
10908118,3
10909080,3
10910041,1
10911004,1
10911966,5
10912928,5
10913890,4
10914852,4
10915814,6
10916776,6
10917738,2
10918700,2
10919661,3
10920624,3
10921586,1
10922547,1
10923510,5
10924472,5
10925434,4
10926396,4
10927358,6
10928320,6
10929281,2
10930244,2
10931206,3
10932167,3
10933130,1
10934092,1
10935054,5
10936016,5
10936978,4
10937940,4
10938901,6
10939864,6
10940826,2
10941787,2
10942750,3
10943712,3
10944674,1
10945636,1
10946598,5
10947560,5
10948521,4
10949484,4
10950446,6
10951407,6
10952370,2
10953332,2
10954294,3
10955256,3
10956218,1
10957180,1
10958141,5
10959104,5
10960066,4
10961027,4
10961990,6
10962952,6
10963913,2
10964876,2
10965838,3
10966800,3
10967762,1
10968724,1
10969686,5
10970647,5
10971610,4
10972572,4
10973533,6
10974496,6
10975458,2
10976420,2
10977382,3
10978344,3
10979306,1
10980267,1
10981230,5
10982192,5
10983153,4
10984116,4
10985078,6
10986040,6
10987002,2
10987964,2
10988926,3
10989887,3
10990850,1
10991812,1
10992773,5
10993736,5
10994698,4
10995660,4
10996622,6
10997584,6
10998546,2
10999507,2
11000470,3
11001432,3
11002393,1
11003356,1
11004318,1
11005279,5
11006242,5
11007204,4
11008166,4
11009128,6
11010090,6
11011052,2
11012013,2
11012976,3
11013938,3
11014899,1
11015862,1
11016824,5
11017786,5
11018748,4
11019710,4
11020672,6
11021633,6
11022596,2
11023558,2
11024519,3
11025482,3
11026444,1
11027406,1
11028368,5
11029330,5
11030292,4
11031253,4
11032216,6
11033178,6
11034139,2
11035102,2
11036064,3
11037026,3
11037988,1
11038950,1
11039912,5
11040873,5
11041836,4
11042798,4
11043759,6
11044722,6
11045684,2
11046646,2
11047608,3
11048570,3
11049532,1
11050493,1
11051456,5
11052418,5
11053379,4
11054342,4
11055304,6
11056265,6
11057228,2
11058190,2
11059152,3
11060114,3
11061076,1
11062038,1
11062999,5
11063962,5
11064924,4
11065885,4
11066848,6
11067810,6
11068772,2
11069734,2
11070696,3
11071658,3
11072619,1
11073582,1
11074544,5
11075505,5
11076468,4
11077430,4
11078392,6
11079354,6
11080316,2
11081278,2
11082239,3
11083202,3
11084164,1
11085125,1
11086088,5
11087050,5
11088012,4
11088974,4
11089936,6
11090898,6
11091859,2
11092822,2
11093784,3
11094745,3
11095708,1
11096670,1
11097631,5
11098594,5
11099556,4
11100518,4
11101480,6
11102442,6
11103404,2
11104365,2
11105328,3
11106290,3
11107251,1
11108214,1
11109176,1
11110138,5
11111100,5
11112062,4
11113024,4
11113985,6
11114948,6
11115910,2
11116871,2
11117834,3
11118796,3
11119758,1
11120720,1
11121682,5
11122644,5
11123605,4
11124568,4
11125530,6
11126491,6
11127454,2
11128416,2
11129378,3
11130340,3
11131302,1
11132264,1
11133225,5
11134188,5
11135150,4
11136111,4
11137074,6
11138036,6
11138997,2
11139960,2
11140922,3
11141884,3
11142846,1
11143808,1
11144770,5
11145731,5
11146694,4
11147656,4
11148617,6
11149580,6
11150542,2
11151504,2
11152466,3
11153428,3
11154390,1
11155351,1
11156314,5
11157276,5
11158237,4
11159200,4
11160162,6
11161124,6
11162086,2
11163048,2
11164010,3
11164971,3
11165934,1
11166896,1
11167857,5
11168820,5
11169782,4
11170744,4
11171706,6
11172668,6
11173630,2
11174591,2
11175554,3
11176516,3
11177477,1
11178440,1
11179402,5
11180364,5
11181326,4
11182288,4
11183250,6
11184211,6
11185174,2
11186136,2
11187097,3
11188060,3
11189022,1
11189983,1
11190946,5
11191908,5
11192870,4
11193832,4
11194794,6
11195756,6
11196717,2
11197680,2
11198642,3
11199603,3
11200566,1
11201528,1
11202490,5
11203452,5
11204414,4
11205376,4
11206337,6
11207300,6
11208262,2
11209223,2
11210186,3
11211148,3
11212110,1
11213072,1
11214034,5
11214996,5
11215957,5
11216920,4
11217882,4
11218843,6
11219806,6
11220768,2
11221730,2
11222692,3
11223654,3
11224616,1
11225577,1
11226540,5
11227502,5
11228463,4
11229426,4
11230388,6
11231349,6
11232312,2
11233274,2
11234236,3
11235198,3
11236160,1
11237122,1
11238083,5
11239046,5
11240008,4
11240969,4
11241932,6
11242894,6
11243856,2
11244818,2
11245780,3
11246742,3
11247703,1
11248666,1
11249628,5
11250589,5
11251552,4
11252514,4
11253476,6
11254438,6
11255400,2
11256362,2
11257323,3
11258286,3
11259248,1
11260209,1
11261172,5
11262134,5
11263096,4
11264058,4
11265020,6
11265982,6
11266943,2
11267906,2
11268868,3
11269829,3
11270792,1
11271754,1
11272716,5
11273678,5
11274640,4
11275602,4
11276563,6
11277526,6
11278488,2
11279449,2
11280412,3
11281374,3
11282335,1
11283298,1
11284260,5
11285222,5
11286184,4
11287146,4
11288108,6
11289069,6
11290032,2
11290994,2
11291955,3
11292918,3
11293880,1
11294842,1
11295804,5
11296766,5
11297728,4
11298689,4
11299652,6
11300614,6
11301575,2
11302538,2
11303500,3
11304462,3
11305424,1
11306386,1
11307348,5
11308309,5
11309272,4
11310234,4
11311195,6
11312158,6
11313120,2
11314082,2
11315044,3
11316006,3
11316968,1
11317929,1
11318892,5
11319854,5
11320815,5
11321778,4
11322740,4
11323701,6
11324664,6
11325626,2
11326588,2
11327550,3
11328512,3
11329474,1
11330435,1
11331398,5
11332360,5
11333321,4
11334284,4
11335246,6
11336208,6
11337170,2
11338132,2
11339094,3
11340055,3
11341018,1
11341980,1
11342941,5
11343904,5
11344866,4
11345828,4
11346790,6
11347752,6
11348714,2
11349675,2
11350638,3
11351600,3
11352561,1
11353524,1
11354486,5
11355448,5
11356410,4
11357372,4
11358334,6
11359295,6
11360258,2
11361220,2
11362181,3
11363144,3
11364106,1
11365067,1
11366030,5
11366992,5
11367954,4
11368916,4
11369878,6
11370840,6
11371801,2
11372764,2
11373726,3
11374687,3
11375650,1
11376612,1
11377574,5
11378536,5
11379498,4
11380460,4
11381421,6
11382384,6
11383346,2
11384307,2
11385270,3
11386232,3
11387194,1
11388156,1
11389118,5
11390080,5
11391041,4
11392004,4
11392966,6
11393927,6
11394890,2
11395852,2
11396814,3
11397776,3
11398738,1
11399700,1
11400661,5
11401624,5
11402586,4
11403547,4
11404510,6
11405472,6
11406434,2
11407396,2
11408358,3
11409320,3
11410281,1
11411244,1
11412206,5
11413167,5
11414130,4
11415092,4
11416053,6
11417016,6
11417978,2
11418940,2
11419902,3
11420864,3
11421826,1
11422787,1
11423750,5
11424712,5
11425673,4
11426636,4
11427598,4
11428560,6
11429522,6
11430484,2
11431446,2
11432407,3
11433370,3
11434332,1
11435293,1
11436256,5
11437218,5
11438180,4
11439142,4
11440104,6
11441066,6
11442027,2
11442990,2
11443952,3
11444913,3
11445876,1
11446838,1
11447800,5
11448762,5
11449724,4
11450686,4
11451647,6
11452610,6
11453572,2
11454533,2
11455496,3
11456458,3
11457419,1
11458382,1
11459344,5
11460306,5
11461268,4
11462230,4
11463192,6
11464153,6
11465116,2
11466078,2
11467039,3
11468002,3
11468964,1
11469926,1
11470888,5
11471850,5
11472812,4
11473773,4
11474736,6
11475698,6
11476659,2
11477622,2
11478584,3
11479546,3
11480508,1
11481470,1
11482432,5
11483393,5
11484356,4
11485318,4
11486279,6
11487242,6
11488204,2
11489166,2
11490128,3
11491090,3
11492052,1
11493013,1
11493976,5
11494938,5
11495899,4
11496862,4
11497824,6
11498785,6
11499748,2
11500710,2
11501672,3
11502633,3
11503596,1
11504558,1
11505519,5
11506482,5
11507444,4
11508405,4
11509368,6
11510330,6
11511292,2
11512254,2
11513216,3
11514178,3
11515139,1
11516102,1
11517064,5
11518025,5
11518988,4
11519950,4
11520912,6
11521874,6
11522836,2
11523798,2
11524759,3
11525722,3
11526684,1
11527645,1
11528608,5
11529570,5
11530532,4
11531494,4
11532456,4
11533418,6
11534379,6
11535342,2
11536304,2
11537265,3
11538228,3
11539190,1
11540152,1
11541114,5
11542076,5
11543038,4
11543999,4
11544962,6
11545924,6
11546885,2
11547848,2
11548810,3
11549771,3
11550734,1
11551696,1
11552658,5
11553620,5
11554582,4
11555544,4
11556505,6
11557468,6
11558430,2
11559391,2
11560354,3
11561316,3
11562278,1
11563240,1
11564202,5
11565164,5
11566125,4
11567088,4
11568050,6
11569011,6
11569974,2
11570936,2
11571898,3
11572860,3
11573822,1
11574784,1
11575745,5
11576708,5
11577670,4
11578631,4
11579594,6
11580556,6
11581518,2
11582480,2
11583442,3
11584404,3
11585365,1
11586328,1
11587290,5
11588251,5
11589214,4
11590176,4
11591137,6
11592100,6
11593062,2
11594024,2
11594986,3
11595948,3
11596910,1
11597871,1
11598834,5
11599796,5
11600757,4
11601720,4
11602682,6
11603644,6
11604606,2
11605568,2
11606530,3
11607491,3
11608454,1
11609416,1
11610377,5
11611340,5
11612302,4
11613264,4
11614226,6
11615188,6
11616150,2
11617111,2
11618074,3
11619036,3
11619997,1
11620960,1
11621922,5
11622884,5
11623846,4
11624808,4
11625770,6
11626731,6
11627694,2
11628656,2
11629617,3
11630580,3
11631542,1
11632503,1
11633466,5
11634428,5
11635390,4
11636351,4
11637314,6
11638276,6
11639237,6
11640200,2
11641162,2
11642123,3
11643086,3
11644048,1
11645010,1
11645972,5
11646934,5
11647896,4
11648857,4
11649820,6
11650782,6
11651743,2
11652706,2
11653668,3
11654630,3
11655592,1
11656554,1
11657516,5
11658477,5
11659440,4
11660402,4
11661363,6
11662326,6
11663288,2
11664250,2
11665212,3
11666174,3
11667136,1
11668097,1
11669060,5
11670022,5
11670983,4
11671946,4
11672908,6
11673870,6
11674832,2
11675794,2
11676756,3
11677717,3
11678680,1
11679642,1
11680603,5
11681566,5
11682528,4
11683489,4
11684452,6
11685414,6
11686376,2
11687338,2
11688300,3
11689262,3
11690223,1
11691186,1
11692148,5
11693109,5
11694072,4
11695034,4
11695996,6
11696958,6
11697920,2
11698882,2
11699843,3
11700806,3
11701768,1
11702729,1
11703692,5
11704654,5
11705616,4
11706578,4
11707540,6
11708502,6
11709463,2
11710426,2
11711388,3
11712349,3
11713312,1
11714274,1
11715236,5
11716198,5
11717160,4
11718122,4
11719083,6
11720046,6
11721008,2
11721969,2
11722932,3
11723894,3
11724855,1
11725818,1
11726780,5
11727742,5
11728703,4
11729666,4
11730628,6
11731589,6
11732552,2
11733514,2
11734475,3
11735438,3
11736400,1
11737362,1
11738324,5
11739286,5
11740248,4
11741209,4
11742172,6
11743134,6
11744095,2
11745058,2
11746020,2
11746982,3
11747944,3
11748906,1
11749868,1
11750829,5
11751792,5
11752754,4
11753715,4
11754678,6
11755640,6
11756602,2
11757564,2
11758526,3
11759488,3
11760449,1
11761412,1
11762374,5
11763335,5
11764298,4
11765260,4
11766222,6
11767184,6
11768146,2
11769108,2
11770069,3
11771032,3
11771994,1
11772955,1
11773918,5
11774880,5
11775841,4
11776804,4
11777766,6
11778728,6
11779690,2
11780652,2
11781614,3
11782575,3
11783538,1
11784500,1
11785461,5
11786424,5
11787386,4
11788348,4
11789310,6
11790272,6
11791234,2
11792195,2
11793158,3
11794120,3
11795081,1
11796044,1
11797006,5
11797968,5
11798930,4
11799892,4
11800854,6
11801815,6
11802778,2
11803740,2
11804701,3
11805664,3
11806626,1
11807588,1
11808550,5
11809512,5
11810474,4
11811435,4
11812398,6
11813360,6
11814321,2
11815284,2
11816246,3
11817207,3
11818170,1
11819132,1
11820094,5
11821055,5
11822018,4
11822980,4
11823941,6
11824904,6
11825866,2
11826827,2
11827790,3
11828752,3
11829714,1
11830676,1
11831638,5
11832600,5
11833561,4
11834524,4
11835486,6
11836447,6
11837410,2
11838372,2
11839334,3
11840296,3
11841258,1
11842220,1
11843181,5
11844144,5
11845106,4
11846067,4
11847030,6
11847992,6
11848954,2
11849916,2
11850878,2
11851840,3
11852801,3
11853764,1
11854726,1
11855687,5
11856650,5
11857612,4
11858573,4
11859536,6
11860498,6
11861460,2
11862421,2
11863384,3
11864346,3
11865307,1
11866270,1
11867232,5
11868193,5
11869156,4
11870118,4
11871080,6
11872042,6
11873004,2
11873966,2
11874927,3
11875890,3
11876852,1
11877813,1
11878776,5
11879738,5
11880700,4
11881662,4
11882624,6
11883586,6
11884547,2
11885510,2
11886472,3
11887433,3
11888396,1
11889358,1
11890320,5
11891282,5
11892244,4
11893206,4
11894167,6
11895130,6
11896092,2
11897053,2
11898016,3
11898978,3
11899940,1
11900902,1
11901864,5
11902826,5
11903787,4
11904750,4
11905712,6
11906673,6
11907636,2
11908598,2
11909559,3
11910522,3
11911484,1
11912446,1
11913408,5
11914370,5
11915332,4
11916293,4
11917256,6
11918218,6
11919179,2
11920142,2
11921104,3
11922066,3
11923028,1
11923990,1
11924952,5
11925913,5
11926876,4
11927838,4
11928799,6
11929762,6
11930724,2
11931686,2
11932648,3
11933610,3
11934572,1
11935533,1
11936496,5
11937458,5
11938419,4
11939382,4
11940344,6
11941306,6
11942268,2
11943230,2
11944192,3
11945153,3
11946116,1
11947078,1
11948039,5
11949002,5
11949964,4
11950925,4
11951888,6
11952850,6
11953812,2
11954773,2
11955736,3
11956698,3
11957659,3
11958622,1
11959584,1
11960545,5
11961508,5
11962470,4
11963432,4
11964394,6
11965356,6
11966318,2
11967279,2
11968242,3
11969204,3
11970165,1
11971128,1
11972090,5
11973052,5
11974014,4
11974976,4
11975938,6
11976899,6
11977862,2
11978824,2
11979785,3
11980748,3
11981710,1
11982672,1
11983634,5
11984596,5
11985558,4
11986519,4
11987482,6
11988444,6
11989405,2
11990368,2
11991330,3
11992291,3
11993254,1
11994216,1
11995178,5
11996139,5
11997102,4
11998064,4
11999025,6
11999988,6
12000950,2
12001911,2
12002874,3
12003836,3
12004798,1
12005760,1
12006722,5
12007684,5
12008645,4
12009608,4
12010570,6
12011531,6
12012494,2
12013456,2
12014418,3
12015380,3
12016342,1
12017304,1
12018265,5
12019228,5
12020190,4
12021151,4
12022114,6
12023076,6
12024038,2
12025000,2
12025962,3
12026924,3
12027885,1
12028848,1
12029810,5
12030771,5
12031734,4
12032696,4
12033658,6
12034620,6
12035582,2
12036544,2
12037505,3
12038468,3
12039430,1
12040391,1
12041354,5
12042316,5
12043277,4
12044240,4
12045202,6
12046164,6
12047125,2
12048088,2
12049050,3
12050011,3
12050974,1
12051936,1
12052897,5
12053860,5
12054822,4
12055784,4
12056746,6
12057708,6
12058670,2
12059631,2
12060594,3
12061556,3
12062517,3
12063480,1
12064442,1
12065404,5
12066366,5
12067328,4
12068290,4
12069251,6
12070214,6
12071176,2
12072137,2
12073100,3
12074062,3
12075024,1
12075986,1
12076948,5
12077910,5
12078871,4
12079834,4
12080796,6
12081757,6
12082720,2
12083682,2
12084643,3
12085606,3
12086568,1
12087530,1
12088491,5
12089454,5
12090416,4
12091377,4
12092340,6
12093302,6
12094263,2
12095226,2
12096188,3
12097150,3
12098112,1
12099074,1
12100036,5
12100997,5
12101960,4
12102922,4
12103883,6
12104846,6
12105808,2
12106770,2
12107732,3
12108694,3
12109656,1
12110617,1
12111580,5
12112542,5
12113503,4
12114466,4
12115428,6
12116390,6
12117352,2
12118314,2
12119276,3
12120237,3
12121200,1
12122162,1
12123123,5
12124086,5
12125048,4
12126009,4
12126972,6
12127934,6
12128896,2
12129857,2
12130820,3
12131782,3
12132743,1
12133706,1
12134668,5
12135629,5
12136592,4
12137554,4
12138516,6
12139478,6
12140440,2
12141402,2
12142363,3
12143326,3
12144288,1
12145249,1
12146212,5
12147174,5
12148136,4
12149098,4
12150060,6
12151022,6
12151983,2
12152946,2
12153908,3
12154869,3
12155832,1
12156794,1
12157756,5
12158718,5
12159680,4
12160642,4
12161603,6
12162566,6
12163528,2
12164489,2
12165452,3
12166414,3
12167376,1
12168338,1
12169300,1
12170262,5
12171223,5
12172186,4
12173148,4
12174109,6
12175072,6
12176034,2
12176995,2
12177958,3
12178920,3
12179882,1
12180843,1
12181806,5
12182768,5
12183729,4
12184692,4
12185654,6
12186615,6
12187578,2
12188540,2
12189502,3
12190464,3
12191426,1
12192388,1
12193349,5
12194312,5
12195274,4
12196235,4
12197198,6
12198160,6
12199122,2
12200084,2
12201046,3
12202008,3
12202969,1
12203932,1
12204894,5
12205855,5
12206818,4
12207780,4
12208742,6
12209704,6
12210666,2
12211628,2
12212589,3
12213552,3
12214514,1
12215475,1
12216438,5
12217400,5
12218361,4
12219324,4
12220286,6
12221248,6
12222209,2
12223172,2
12224134,3
12225095,3
12226058,1
12227020,1
12227981,5
12228944,5
12229906,4
12230868,4
12231830,6
12232792,6
12233754,2
12234715,2
12235678,3
12236640,3
12237601,1
12238564,1
12239526,5
12240488,5
12241450,4
12242412,4
12243374,6
12244335,6
12245298,2
12246260,2
12247221,3
12248184,3
12249146,1
12250108,1
12251070,5
12252032,5
12252994,4
12253955,4
12254918,6
12255880,6
12256841,2
12257804,2
12258766,3
12259728,3
12260690,1
12261652,1
12262614,5
12263575,5
12264538,4
12265500,4
12266461,6
12267424,6
12268386,6
12269347,2
12270310,2
12271272,3
12272234,3
12273195,1
12274158,1
12275120,5
12276081,5
12277044,4
12278006,4
12278967,6
12279930,6
12280892,2
12281854,2
12282816,3
12283778,3
12284740,1
12285701,1
12286664,5
12287626,5
12288587,4
12289550,4
12290512,4
12291474,6
12292436,6
12293398,2
12294360,2
12295321,3
12296284,3
12297246,1
12298207,1
12299170,5
12300132,5
12301094,4
12302056,4
12303018,4
12303980,6
12304941,6
12305904,2
12306866,2
12307827,3
12308790,3
12309752,1
12310713,1
12311676,1
12312638,5
12313600,5
12314561,4
12315524,4
12316486,6
12317447,6
12318410,2
12319372,2
12320333,2
12321296,3
12322258,3
12323220,1
12324182,1
12325144,5
12326106,5
12327067,4
12328030,4
12328992,4
12329953,6
12330916,6
12331878,2
12332840,2
12333802,3
12334764,3
12335726,3
12336687,1
12337650,1
12338612,5
12339573,5
12340536,4
12341498,4
12342460,4
12343422,6
12344384,6
12345346,2
12346307,2
12347270,2
12348232,3
12349193,3
12350156,1
12351118,1
12352079,5
12353042,5
12354004,5
12354966,4
12355927,4
12356890,6
12357852,6
12358813,6
12359776,2
12360738,2
12361699,3
12362662,3
12363624,3
12364586,1
12365548,1
12366510,5
12367472,5
12368433,5
12369396,4
12370358,4
12371319,6
12372282,6
12373244,6
12374206,2
12375168,2
12376130,3
12377092,3
12378053,3
12379016,1
12379978,1
12380939,5
12381902,5
12382864,5
12383826,4
12384788,4
12385750,4
12386712,6
12387673,6
12388636,2
12389598,2
12390559,2
12391522,3
12392484,3
12393446,1
12394408,1
12395370,1
12396332,5
12397293,5
12398256,5
12399218,4
12400179,4
12401142,6
12402104,6
12403065,6
12404028,2
12404990,2
12405952,2
12406913,3
12407876,3
12408838,1
12409799,1
12410762,1
12411724,5
12412685,5
12413648,5
12414610,4
12415572,4
12416534,4
12417496,6
12418458,6
12419419,2
12420382,2
12421344,2
12422305,3
12423268,3
12424230,3
12425192,1
12426154,1
12427116,1
12428078,5
12429039,5
12430002,5
12430964,4
12431925,4
12432888,4
12433850,6
12434812,6
12435774,2
12436736,2
12437698,2
12438659,3
12439622,3
12440584,3
12441545,1
12442508,1
12443470,1
12444431,5
12445394,5
12446356,5
12447318,4
12448279,4
12449242,4
12450204,6
12451165,6
12452128,6
12453090,2
12454051,2
12455014,2
12455976,3
12456938,3
12457900,3
12458862,1
12459824,1
12460785,1
12461748,5
12462710,5
12463671,5
12464634,4
12465596,4
12466558,4
12467520,6
12468482,6
12469444,6
12470405,2
12471368,2
12472330,2
12473291,3
12474254,3
12475216,3
12476178,1
12477140,1
12478102,1
12479064,5
12480025,5
12480988,5
12481950,4
12482911,4
12483874,4
12484836,4
12485797,6
12486760,6
12487722,6
12488684,2
12489645,2
12490608,2
12491570,3
12492531,3
12493494,3
12494456,1
12495417,1
12496380,1
12497342,5
12498304,5
12499265,5
12500228,5
12501190,4
12502151,4
12503114,4
12504076,6
12505037,6
12506000,6
12506962,2
12507924,2
12508886,2
12509848,2
12510810,3
12511771,3
12512734,3
12513696,1
12514657,1
12515620,1
12516582,5
12517544,5
12518506,5
12519468,5
12520430,4
12521391,4
12522354,4
12523316,6
12524277,6
12525240,6
12526202,2
12527164,2
12528126,2
12529088,2
12530050,3
12531011,3
12531974,3
12532936,1
12533897,1
12534860,1
12535822,1
12536783,5
12537746,5
12538708,5
12539670,4
12540631,4
12541594,4
12542556,4
12543517,6
12544480,6
12545442,6
12546403,6
12547366,2
12548328,2
12549290,2
12550252,3
12551214,3
12552176,3
12553137,3
12554100,1
12555062,1
12556023,1
12556986,5
12557948,5
12558910,5
12559872,5
12560834,4
12561796,4
12562757,4
12563720,4
12564682,6
12565643,6
12566606,6
12567568,2
12568530,2
12569492,2
12570454,2
12571416,3
12572377,3
12573340,3
12574302,3
12575263,1
12576226,1
12577188,1
12578149,1
12579112,5
12580074,5
12581036,5
12581997,5
12582960,4
12583922,4
12584883,4
12585846,6
12586808,6
12587769,6
12588732,6
12589694,2
12590656,2
12591618,2
12592580,2
12593542,3
12594503,3
12595466,3
12596428,3
12597389,1
12598352,1
12599314,1
12600276,1
12601238,5
12602200,5
12603162,5
12604123,5
12605086,4
12606048,4
12607009,4
12607972,4
12608934,6
12609896,6
12610858,6
12611820,6
12612782,2
12613743,2
12614706,2
12615668,2
12616629,3
12617592,3
12618554,3
12619515,3
12620478,3
12621440,1
12622402,1
12623363,1
12624326,1
12625288,5
12626249,5
12627212,5
12628174,5
12629135,4
12630098,4
12631060,4
12632022,4
12632983,6
12633946,6
12634908,6
12635869,6
12636832,2
12637794,2
12638755,2
12639718,2
12640680,2
12641642,3
12642604,3
12643566,3
12644528,3
12645489,1
12646452,1
12647414,1
12648375,1
12649338,5
12650300,5
12651262,5
12652224,5
12653186,5
12654148,4
12655109,4
12656072,4
12657034,4
12657995,6
12658958,6
12659920,6
12660882,6
12661844,6
12662806,2
12663768,2
12664729,2
12665692,2
12666654,3
12667615,3
12668578,3
12669540,3
12670501,3
12671464,1
12672426,1
12673388,1
12674349,1
12675312,5
12676274,5
12677235,5
12678198,5
12679160,5
12680121,4
12681084,4
12682046,4
12683008,4
12683970,4
12684932,6
12685894,6
12686855,6
12687818,6
12688780,6
12689741,2
12690704,2
12691666,2
12692628,2
12693590,3
12694552,3
12695514,3
12696475,3
12697438,3
12698400,1
12699361,1
12700324,1
12701286,1
12702248,1
12703210,5
12704172,5
12705134,5
12706095,5
12707058,5
12708020,4
12708981,4
12709944,4
12710906,4
12711867,4
12712830,6
12713792,6
12714754,6
12715715,6
12716678,6
12717640,2
12718601,2
12719564,2
12720526,2
12721487,2
12722450,3
12723412,3
12724374,3
12725335,3
12726298,3
12727260,1
12728221,1
12729184,1
12730146,1
12731107,1
12732070,5
12733032,5
12733994,5
12734956,5
12735918,5
12736880,4
12737841,4
12738804,4
12739766,4
12740727,4
12741690,4
12742652,6
12743614,6
12744576,6
12745538,6
12746500,6
12747461,2
12748424,2
12749386,2
12750347,2
12751310,2
12752272,3
12753234,3
12754196,3
12755158,3
12756120,3
12757081,3
12758044,1
12759006,1
12759967,1
12760930,1
12761892,1
12762853,5
12763816,5
12764778,5
12765740,5
12766701,5
12767664,5
12768626,4
12769587,4
12770550,4
12771512,4
12772473,4
12773436,6
12774398,6
12775360,6
12776322,6
12777284,6
12778246,6
12779207,2
12780170,2
12781132,2
12782093,2
12783056,2
12784018,2
12784980,3
12785942,3
12786904,3
12787866,3
12788827,3
12789790,3
12790752,1
12791713,1
12792676,1
12793638,1
12794600,1
12795562,1
12796524,5
12797486,5
12798447,5
12799410,5
12800372,5
12801333,4
12802296,4
12803258,4
12804219,4
12805182,4
12806144,4
12807106,6
12808067,6
12809030,6
12809992,6
12810953,6
12811916,6
12812878,6
12813839,2
12814802,2
12815764,2
12816726,2
12817688,2
12818650,2
12819612,3
12820573,3
12821536,3
12822498,3
12823459,3
12824422,3
12825384,1
12826346,1
12827308,1
12828270,1
12829232,1
12830193,1
12831156,5
12832118,5
12833079,5
12834042,5
12835004,5
12835966,5
12836928,5
12837890,4
12838852,4
12839813,4
12840776,4
12841738,4
12842699,4
12843662,6
12844624,6
12845585,6
12846548,6
12847510,6
12848472,6
12849433,2
12850396,2
12851358,2
12852319,2
12853282,2
12854244,2
12855205,2
12856168,3
12857130,3
12858092,3
12859053,3
12860016,3
12860978,3
12861939,3
12862902,1
12863864,1
12864825,1
12865788,1
12866750,1
12867712,1
12868674,1
12869636,5
12870598,5
12871559,5
12872522,5
12873484,5
12874445,5
12875408,4
12876370,4
12877332,4
12878294,4
12879256,4
12880218,4
12881179,4
12882142,6
12883104,6
12884065,6
12885028,6
12885990,6
12886952,6
12887914,6
12888876,2
12889838,2
12890799,2
12891762,2
12892724,2
12893685,2
12894648,2
12895610,2
12896571,3
12897534,3
12898496,3
12899458,3
12900419,3
12901382,3
12902344,3
12903305,1
12904268,1
12905230,1
12906191,1
12907154,1
12908116,1
12909078,1
12910040,5
12911002,5
12911964,5
12912925,5
12913888,5
12914850,5
12915811,5
12916774,5
12917736,4
12918698,4
12919660,4
12920622,4
12921584,4
12922545,4
12923508,4
12924470,6
12925431,6
12926394,6
12927356,6
12928318,6
12929280,6
12930242,6
12931204,6
12932165,2
12933128,2
12934090,2
12935051,2
12936014,2
12936976,2
12937937,2
12938900,2
12939862,3
12940824,3
12941785,3
12942748,3
12943710,3
12944671,3
12945634,3
12946596,3
12947557,1
12948520,1
12949482,1
12950444,1
12951405,1
12952368,1
12953330,1
12954291,1
12955254,5
12956216,5
12957177,5
12958140,5
12959102,5
12960064,5
12961026,5
12961988,5
12962950,4
12963911,4
12964874,4
12965836,4
12966797,4
12967760,4
12968722,4
12969684,4
12970646,6
12971608,6
12972570,6
12973531,6
12974494,6
12975456,6
12976417,6
12977380,6
12978342,2
12979303,2
12980266,2
12981228,2
12982190,2
12983151,2
12984114,2
12985076,2
12986037,2
12987000,3
12987962,3
12988923,3
12989886,3
12990848,3
12991810,3
12992771,3
12993734,3
12994696,3
12995657,1
12996620,1
12997582,1
12998543,1
12999506,1
13000468,1
13001430,1
13002392,1
13003354,1
13004316,5
13005277,5
13006240,5
13007202,5
13008163,5
13009126,5
13010088,5
13011050,5
13012012,5
13012974,4
13013936,4
13014897,4
13015860,4
13016822,4
13017783,4
13018746,4
13019708,4
13020670,4
13021632,6
13022594,6
13023556,6
13024517,6
13025480,6
13026442,6
13027403,6
13028366,6
13029328,6
13030289,2
13031252,2
13032214,2
13033176,2
13034137,2
13035100,2
13036062,2
13037023,2
13037986,2
13038948,2
13039909,3
13040872,3
13041834,3
13042796,3
13043757,3
13044720,3
13045682,3
13046643,3
13047606,3
13048568,1
13049529,1
13050492,1
13051454,1
13052416,1
13053378,1
13054340,1
13055302,1
13056263,1
13057226,1
13058188,5
13059149,5
13060112,5
13061074,5
13062036,5
13062998,5
13063960,5
13064922,5
13065883,5
13066846,5
13067808,4
13068769,4
13069732,4
13070694,4
13071655,4
13072618,4
13073580,4
13074542,4
13075503,4
13076466,4
13077428,6
13078389,6
13079352,6
13080314,6
13081275,6
13082238,6
13083200,6
13084162,6
13085123,6
13086086,6
13087048,6
13088009,2
13088972,2
13089934,2
13090895,2
13091858,2
13092820,2
13093782,2
13094744,2
13095706,2
13096668,2
13097629,3
13098592,3
13099554,3
13100515,3
13101478,3
13102440,3
13103402,3
13104364,3
13105326,3
13106288,3
13107249,3
13108212,1
13109174,1
13110135,1
13111098,1
13112060,1
13113021,1
13113984,1
13114946,1
13115908,1
13116869,1
13117832,1
13118794,1
13119755,5
13120718,5
13121680,5
13122641,5
13123604,5
13124566,5
13125528,5
13126489,5
13127452,5
13128414,5
13129375,5
13130338,4
13131300,4
13132261,4
13133224,4
13134186,4
13135148,4
13136110,4
13137072,4
13138034,4
13138995,4
13139958,4
13140920,6
13141881,6
13142844,6
13143806,6
13144768,6
13145730,6
13146692,6
13147654,6
13148615,6
13149578,6
13150540,6
13151501,6
13152464,2
13153426,2
13154388,2
13155350,2
13156312,2
13157274,2
13158235,2
13159198,2
13160160,2
13161121,2
13162084,2
13163046,2
13164007,2
13164970,3
13165932,3
13166894,3
13167855,3
13168818,3
13169780,3
13170741,3
13171704,3
13172666,3
13173627,3
13174590,3
13175552,3
13176514,1
13177475,1
13178438,1
13179400,1
13180361,1
13181324,1
13182286,1
13183247,1
13184210,1
13185172,1
13186134,1
13187096,1
13188058,1
13189020,5
13189981,5
13190944,5
13191906,5
13192867,5
13193830,5
13194792,5
13195754,5
13196716,5
13197678,5
13198640,5
13199601,5
13200564,5
13201526,4
13202487,4
13203450,4
13204412,4
13205373,4
13206336,4
13207298,4
13208260,4
13209221,4
13210184,4
13211146,4
13212107,4
13213070,4
13214032,6
13214993,6
13215956,6
13216918,6
13217880,6
13218841,6
13219804,6
13220766,6
13221727,6
13222690,6
13223652,6
13224613,6
13225576,6
13226538,6
13227500,2
13228462,2
13229424,2
13230386,2
13231347,2
13232310,2
13233272,2
13234233,2
13235196,2
13236158,2
13237120,2
13238082,2
13239044,2
13240006,2
13240967,3
13241930,3
13242892,3
13243853,3
13244816,3
13245778,3
13246740,3
13247702,3
13248664,3
13249626,3
13250587,3
13251550,3
13252512,3
13253473,3
13254436,3
13255398,1
13256359,1
13257322,1
13258284,1
13259246,1
13260207,1
13261170,1
13262132,1
13263093,1
13264056,1
13265018,1
13265979,1
13266942,1
13267904,1
13268866,1
13269827,5
13270790,5
13271752,5
13272713,5
13273676,5
13274638,5
13275599,5
13276562,5
13277524,5
13278486,5
13279448,5
13280410,5
13281372,5
13282333,5
13283296,5
13284258,4
13285219,4
13286182,4
13287144,4
13288106,4
13289068,4
13290030,4
13290992,4
13291953,4
13292916,4
13293878,4
13294839,4
13295802,4
13296764,4
13297725,4
13298688,4
13299650,6
13300612,6
13301573,6
13302536,6
13303498,6
13304459,6
13305422,6
13306384,6
13307345,6
13308308,6
13309270,6
13310232,6
13311193,6
13312156,6
13313118,6
13314079,6
13315042,2
13316004,2
13316965,2
13317928,2
13318890,2
13319852,2
13320814,2
13321776,2
13322738,2
13323699,2
13324662,2
13325624,2
13326585,2
13327548,2
13328510,2
13329472,2
13330434,2
13331396,3
13332358,3
13333319,3
13334282,3
13335244,3
13336205,3
13337168,3
13338130,3
13339091,3
13340054,3
13341016,3
13341978,3
13342939,3
13343902,3
13344864,3
13345825,3
13346788,3
13347750,3
13348711,1
13349674,1
13350636,1
13351598,1
13352559,1
13353522,1
13354484,1
13355445,1
13356408,1
13357370,1
13358331,1
13359294,1
13360256,1
13361218,1
13362180,1
13363142,1
13364104,1
13365065,1
13366028,5
13366990,5
13367951,5
13368914,5
13369876,5
13370838,5
13371800,5
13372762,5
13373724,5
13374685,5
13375648,5
13376610,5
13377571,5
13378534,5
13379496,5
13380458,5
13381420,5
13382382,5
13383344,5
13384305,4
13385268,4
13386230,4
13387191,4
13388154,4
13389116,4
13390077,4
13391040,4
13392002,4
13392964,4
13393925,4
13394888,4
13395850,4
13396811,4
13397774,4
13398736,4
13399697,4
13400660,4
13401622,4
13402584,6
13403545,6
13404508,6
13405470,6
13406431,6
13407394,6
13408356,6
13409317,6
13410280,6
13411242,6
13412204,6
13413166,6
13414128,6
13415090,6
13416051,6
13417014,6
13417976,6
13418937,6
13419900,6
13420862,6
13421824,2
13422786,2
13423748,2
13424710,2
13425671,2
13426634,2
13427596,2
13428557,2
13429520,2
13430482,2
13431443,2
13432406,2
13433368,2
13434330,2
13435291,2
13436254,2
13437216,2
13438177,2
13439140,2
13440102,2
13441063,2
13442026,3
13442988,3
13443950,3
13444911,3
13445874,3
13446836,3
13447797,3
13448760,3
13449722,3
13450683,3
13451646,3
13452608,3
13453570,3
13454532,3
13455494,3
13456456,3
13457417,3
13458380,3
13459342,3
13460303,3
13461266,3
13462228,3
13463190,1
13464152,1
13465114,1
13466076,1
13467037,1
13468000,1
13468962,1
13469923,1
13470886,1
13471848,1
13472809,1
13473772,1
13474734,1
13475696,1
13476657,1
13477620,1
13478582,1
13479543,1
13480506,1
13481468,1
13482429,1
13483392,1
13484354,1
13485316,5
13486277,5
13487240,5
13488202,5
13489163,5
13490126,5
13491088,5
13492049,5
13493012,5
13493974,5
13494936,5
13495897,5
13496860,5
13497822,5
13498783,5
13499746,5
13500708,5
13501669,5
13502632,5
13503594,5
13504556,5
13505518,5
13506480,5
13507442,5
13508403,4
13509366,4
13510328,4
13511289,4
13512252,4
13513214,4
13514176,4
13515138,4
13516100,4
13517062,4
13518023,4
13518986,4
13519948,4
13520909,4
13521872,4
13522834,4
13523795,4
13524758,4
13525720,4
13526682,4
13527643,4
13528606,4
13529568,4
13530529,4
13531492,4
13532454,6
13533415,6
13534378,6
13535340,6
13536302,6
13537263,6
13538226,6
13539188,6
13540149,6
13541112,6
13542074,6
13543035,6
13543998,6
13544960,6
13545922,6
13546884,6
13547846,6
13548808,6
13549769,6
13550732,6
13551694,6
13552655,6
13553618,6
13554580,6
13555542,6
13556504,6
13557466,6
13558428,2
13559389,2
13560352,2
13561314,2
13562275,2
13563238,2
13564200,2
13565161,2
13566124,2
13567086,2
13568048,2
13569009,2
13569972,2
13570934,2
13571895,2
13572858,2
13573820,2
13574781,2
13575744,2
13576706,2
13577668,2
13578629,2
13579592,2
13580554,2
13581515,2
13582478,2
13583440,2
13584401,3
13585364,3
13586326,3
13587288,3
13588250,3
13589212,3
13590174,3
13591135,3
13592098,3
13593060,3
13594021,3
13594984,3
13595946,3
13596908,3
13597870,3
13598832,3
13599794,3
13600755,3
13601718,3
13602680,3
13603641,3
13604604,3
13605566,3
13606527,3
13607490,3
13608452,3
13609414,3
13610375,3
13611338,3
13612300,3
13613261,1
13614224,1
13615186,1
13616147,1
13617110,1
13618072,1
13619034,1
13619995,1
13620958,1
13621920,1
13622881,1
13623844,1
13624806,1
13625767,1
13626730,1
13627692,1
13628654,1
13629615,1
13630578,1
13631540,1
13632501,1
13633464,1
13634426,1
13635387,1
13636350,1
13637312,1
13638274,1
13639236,1
13640198,1
13641160,1
13642121,1
13643084,5
13644046,5
13645007,5
13645970,5
13646932,5
13647894,5
13648856,5
13649818,5
13650780,5
13651741,5
13652704,5
13653666,5
13654627,5
13655590,5
13656552,5
13657513,5
13658476,5
13659438,5
13660400,5
13661361,5
13662324,5
13663286,5
13664247,5
13665210,5
13666172,5
13667133,5
13668096,5
13669058,5
13670020,5
13670981,5
13671944,5
13672906,5
13673867,5
13674830,4
13675792,4
13676753,4
13677716,4
13678678,4
13679640,4
13680602,4
13681564,4
13682526,4
13683487,4
13684450,4
13685412,4
13686373,4
13687336,4
13688298,4
13689260,4
13690222,4
13691184,4
13692146,4
13693107,4
13694070,4
13695032,4
13695993,4
13696956,4
13697918,4
13698879,4
13699842,4
13700804,4
13701766,4
13702727,4
13703690,4
13704652,4
13705613,4
13706576,4
13707538,4
13708499,6
13709462,6
13710424,6
13711386,6
13712347,6
13713310,6
13714272,6
13715233,6
13716196,6
13717158,6
13718119,6
13719082,6
13720044,6
13721006,6
13721967,6
13722930,6
13723892,6
13724853,6
13725816,6
13726778,6
13727739,6
13728702,6
13729664,6
13730626,6
13731588,6
13732550,6
13733512,6
13734473,6
13735436,6
13736398,6
13737359,6
13738322,6
13739284,6
13740246,6
13741208,6
13742170,6
13743132,6
13744093,6
13745056,2
13746018,2
13746979,2
13747942,2
13748904,2
13749865,2
13750828,2
13751790,2
13752752,2
13753713,2
13754676,2
13755638,2
13756599,2
13757562,2
13758524,2
13759485,2
13760448,2
13761410,2
13762372,2
13763333,2
13764296,2
13765258,2
13766219,2
13767182,2
13768144,2
13769105,2
13770068,2
13771030,2
13771992,2
13772954,2
13773916,2
13774878,2
13775839,2
13776802,2
13777764,2
13778725,2
13779688,2
13780650,2
13781612,2
13782574,2
13783536,2
13784498,3
13785459,3
13786422,3
13787384,3
13788345,3
13789308,3
13790270,3
13791231,3
13792194,3
13793156,3
13794118,3
13795079,3
13796042,3
13797004,3
13797965,3
13798928,3
13799890,3
13800851,3
13801814,3
13802776,3
13803738,3
13804699,3
13805662,3
13806624,3
13807585,3
13808548,3
13809510,3
13810471,3
13811434,3
13812396,3
13813358,3
13814320,3
13815282,3
13816244,3
13817205,3
13818168,3
13819130,3
13820091,3
13821054,3
13822016,3
13822978,3
13823940,3
13824902,3
13825864,3
13826825,1
13827788,1
13828750,1
13829711,1
13830674,1
13831636,1
13832597,1
13833560,1
13834522,1
13835484,1
13836445,1
13837408,1
13838370,1
13839331,1
13840294,1
13841256,1
13842217,1
13843180,1
13844142,1
13845104,1
13846065,1
13847028,1
13847990,1
13848951,1
13849914,1
13850876,1
13851837,1
13852800,1
13853762,1
13854724,1
13855685,1
13856648,1
13857610,1
13858571,1
13859534,1
13860496,1
13861457,1
13862420,1
13863382,1
13864344,1
13865306,1
13866268,1
13867230,1
13868191,1
13869154,1
13870116,1
13871077,1
13872040,1
13873002,1
13873964,5
13874926,5
13875888,5
13876850,5
13877811,5
13878774,5
13879736,5
13880697,5
13881660,5
13882622,5
13883583,5
13884546,5
13885508,5
13886470,5
13887431,5
13888394,5
13889356,5
13890317,5
13891280,5
13892242,5
13893203,5
13894166,5
13895128,5
13896090,5
13897051,5
13898014,5
13898976,5
13899937,5
13900900,5
13901862,5
13902823,5
13903786,5
13904748,5
13905710,5
13906672,5
13907634,5
13908596,5
13909557,5
13910520,5
13911482,5
13912443,5
13913406,5
13914368,5
13915330,5
13916292,5
13917254,5
13918216,5
13919177,5
13920140,5
13921102,5
13922063,5
13923026,5
13923988,5
13924949,4
13925912,4
13926874,4
13927836,4
13928797,4
13929760,4
13930722,4
13931683,4
13932646,4
13933608,4
13934569,4
13935532,4
13936494,4
13937456,4
13938417,4
13939380,4
13940342,4
13941303,4
13942266,4
13943228,4
13944189,4
13945152,4
13946114,4
13947076,4
13948037,4
13949000,4
13949962,4
13950923,4
13951886,4
13952848,4
13953809,4
13954772,4
13955734,4
13956696,4
13957658,4
13958620,4
13959582,4
13960543,4
13961506,4
13962468,4
13963429,4
13964392,4
13965354,4
13966315,4
13967278,4
13968240,4
13969202,4
13970163,4
13971126,4
13972088,4
13973049,4
13974012,4
13974974,4
13975935,4
13976898,4
13977860,4
13978822,4
13979783,4
13980746,4
13981708,4
13982669,6
13983632,6
13984594,6
13985555,6
13986518,6
13987480,6
13988442,6
13989403,6
13990366,6
13991328,6
13992289,6
13993252,6
13994214,6
13995175,6
13996138,6
13997100,6
13998062,6
13999024,6
13999986,6
14000948,6
14001909,6
14002872,6
14003834,6
14004795,6
14005758,6
14006720,6
14007682,6
14008644,6
14009606,6
14010568,6
14011529,6
14012492,6
14013454,6
14014415,6
14015378,6
14016340,6
14017301,6
14018264,6
14019226,6
14020188,6
14021149,6
14022112,6
14023074,6
14024035,6
14024998,6
14025960,6
14026921,6
14027884,6
14028846,6
14029808,6
14030769,6
14031732,6
14032694,6
14033655,6
14034618,6
14035580,6
14036541,6
14037504,6
14038466,6
14039428,6
14040390,6
14041352,6
14042314,6
14043275,6
14044238,6
14045200,6
14046161,6
14047124,2
14048086,2
14049048,2
14050010,2
14050972,2
14051934,2
14052895,2
14053858,2
14054820,2
14055781,2
14056744,2
14057706,2
14058667,2
14059630,2
14060592,2
14061554,2
14062515,2
14063478,2
14064440,2
14065401,2
14066364,2
14067326,2
14068287,2
14069250,2
14070212,2
14071174,2
14072135,2
14073098,2
14074060,2
14075021,2
14075984,2
14076946,2
14077907,2
14078870,2
14079832,2
14080794,2
14081755,2
14082718,2
14083680,2
14084641,2
14085604,2
14086566,2
14087527,2
14088490,2
14089452,2
14090414,2
14091376,2
14092338,2
14093300,2
14094261,2
14095224,2
14096186,2
14097147,2
14098110,2
14099072,2
14100033,2
14100996,2
14101958,2
14102920,2
14103881,2
14104844,2
14105806,2
14106767,2
14107730,2
14108692,2
14109653,2
14110616,2
14111578,2
14112540,2
14113501,2
14114464,2
14115426,2
14116387,2
14117350,2
14118312,2
14119273,2
14120236,2
14121198,2
14122160,3
14123121,3
14124084,3
14125046,3
14126007,3
14126970,3
14127932,3
14128893,3
14129856,3
14130818,3
14131780,3
14132742,3
14133704,3
14134666,3
14135627,3
14136590,3
14137552,3
14138513,3
14139476,3
14140438,3
14141400,3
14142362,3
14143324,3
14144286,3
14145247,3
14146210,3
14147172,3
14148133,3
14149096,3
14150058,3
14151019,3
14151982,3
14152944,3
14153906,3
14154867,3
14155830,3
14156792,3
14157753,3
14158716,3
14159678,3
14160639,3
14161602,3
14162564,3
14163526,3
14164487,3
14165450,3
14166412,3
14167373,3
14168336,3
14169298,3
14170259,3
14171222,3
14172184,3
14173146,3
14174107,3
14175070,3
14176032,3
14176993,3
14177956,3
14178918,3
14179879,3
14180842,3
14181804,3
14182766,3
14183728,3
14184690,3
14185652,3
14186613,3
14187576,3
14188538,3
14189499,3
14190462,3
14191424,3
14192385,3
14193348,3
14194310,3
14195272,3
14196233,3
14197196,3
14198158,3
14199119,3
14200082,3
14201044,3
14202005,3
14202968,3
14203930,3
14204892,3
14205853,3
14206816,3
14207778,3
14208739,3
14209702,1
14210664,1
14211625,1
14212588,1
14213550,1
14214512,1
14215473,1
14216436,1
14217398,1
14218359,1
14219322,1
14220284,1
14221245,1
14222208,1
14223170,1
14224132,1
14225094,1
14226056,1
14227018,1
14227979,1
14228942,1
14229904,1
14230865,1
14231828,1
14232790,1
14233752,1
14234714,1
14235676,1
14236638,1
14237599,1
14238562,1
14239524,1
14240485,1
14241448,1
14242410,1
14243371,1
14244334,1
14245296,1
14246258,1
14247219,1
14248182,1
14249144,1
14250105,1
14251068,1
14252030,1
14252991,1
14253954,1
14254916,1
14255878,1
14256839,1
14257802,1
14258764,1
14259725,1
14260688,1
14261650,1
14262611,1
14263574,1
14264536,1
14265498,1
14266459,1
14267422,1
14268384,1
14269345,1
14270308,1
14271270,1
14272231,1
14273194,1
14274156,1
14275118,1
14276080,1
14277042,1
14278004,1
14278965,1
14279928,1
14280890,1
14281851,1
14282814,1
14283776,1
14284737,1
14285700,1
14286662,1
14287624,1
14288585,1
14289548,1
14290510,1
14291471,1
14292434,1
14293396,1
14294357,1
14295320,1
14296282,1
14297244,1
14298205,1
14299168,1
14300130,1
14301091,1
14302054,1
14303016,1
14303977,1
14304940,1
14305902,1
14306864,1
14307825,1
14308788,1
14309750,1
14310711,1
14311674,1
14312636,1
14313597,1
14314560,1
14315522,5
14316484,5
14317446,5
14318408,5
14319370,5
14320331,5
14321294,5
14322256,5
14323217,5
14324180,5
14325142,5
14326103,5
14327066,5
14328028,5
14328990,5
14329951,5
14330914,5
14331876,5
14332837,5
14333800,5
14334762,5
14335723,5
14336686,5
14337648,5
14338610,5
14339571,5
14340534,5
14341496,5
14342457,5
14343420,5
14344382,5
14345343,5
14346306,5
14347268,5
14348230,5
14349191,5
14350154,5
14351116,5
14352077,5
14353040,5
14354002,5
14354963,5
14355926,5
14356888,5
14357850,5
14358812,5
14359774,5
14360736,5
14361697,5
14362660,5
14363622,5
14364583,5
14365546,5
14366508,5
14367470,5
14368432,5
14369394,5
14370356,5
14371317,5
14372280,5
14373242,5
14374203,5
14375166,5
14376128,5
14377089,5
14378052,5
14379014,5
14379976,5
14380937,5
14381900,5
14382862,5
14383823,5
14384786,5
14385748,5
14386709,5
14387672,5
14388634,5
14389596,5
14390557,5
14391520,5
14392482,5
14393443,5
14394406,5
14395368,5
14396329,5
14397292,5
14398254,5
14399216,5
14400177,5
14401140,5
14402102,5
14403063,5
14404026,5
14404988,5
14405949,5
14406912,5
14407874,5
14408836,5
14409798,5
14410760,5
14411722,5
14412683,5
14413646,5
14414608,5
14415569,5
14416532,5
14417494,5
14418455,5
14419418,5
14420380,5
14421342,5
14422303,5
14423266,5
14424228,5
14425189,5
14426152,5
14427114,5
14428075,5
14429038,5
14430000,5
14430962,5
14431923,5
14432886,5
14433848,5
14434809,5
14435772,5
14436734,5
14437695,5
14438658,5
14439620,5
14440582,5
14441543,5
14442506,5
14443468,5
14444429,5
14445392,5
14446354,5
14447315,5
14448278,5
14449240,5
14450202,5
14451164,4
14452126,4
14453088,4
14454049,4
14455012,4
14455974,4
14456935,4
14457898,4
14458860,4
14459821,4
14460784,4
14461746,4
14462708,4
14463669,4
14464632,4
14465594,4
14466555,4
14467518,4
14468480,4
14469441,4
14470404,4
14471366,4
14472328,4
14473289,4
14474252,4
14475214,4
14476175,4
14477138,4
14478100,4
14479061,4
14480024,4
14480986,4
14481948,4
14482909,4
14483872,4
14484834,4
14485795,4
14486758,4
14487720,4
14488681,4
14489644,4
14490606,4
14491568,4
14492529,4
14493492,4
14494454,4
14495415,4
14496378,4
14497340,4
14498301,4
14499264,4
14500226,4
14501188,4
14502150,4
14503112,4
14504074,4
14505035,4
14505998,4
14506960,4
14507921,4
14508884,4
14509846,4
14510807,4
14511770,4
14512732,4
14513694,4
14514655,4
14515618,4
14516580,4
14517541,4
14518504,4
14519466,4
14520427,4
14521390,4
14522352,4
14523314,4
14524275,4
14525238,4
14526200,4
14527161,4
14528124,4
14529086,4
14530047,4
14531010,4
14531972,4
14532934,4
14533895,4
14534858,4
14535820,4
14536781,4
14537744,4
14538706,4
14539667,4
14540630,4
14541592,4
14542554,4
14543516,4
14544478,4
14545440,4
14546401,4
14547364,4
14548326,4
14549287,4
14550250,4
14551212,4
14552173,4
14553136,4
14554098,4
14555060,4
14556021,4
14556984,4
14557946,4
14558907,4
14559870,4
14560832,4
14561793,4
14562756,4
14563718,4
14564680,4
14565641,4
14566604,4
14567566,4
14568527,4
14569490,4
14570452,4
14571413,4
14572376,4
14573338,4
14574300,4
14575261,4
14576224,4
14577186,4
14578147,4
14579110,4
14580072,4
14581033,4
14581996,4
14582958,4
14583920,4
14584882,4
14585844,4
14586806,4
14587767,4
14588730,4
14589692,4
14590653,4
14591616,4
14592578,4
14593539,4
14594502,4
14595464,4
14596426,4
14597387,4
14598350,4
14599312,4
14600273,4
14601236,4
14602198,4
14603159,4
14604122,4
14605084,4
14606046,4
14607007,4
14607970,4
14608932,4
14609893,4
14610856,4
14611818,4
14612779,4
14613742,4
14614704,4
14615666,4
14616627,4
14617590,4
14618552,4
14619513,4
14620476,4
14621438,4
14622399,4
14623362,4
14624324,4
14625286,4
14626247,4
14627210,4
14628172,4
14629133,4
14630096,4
14631058,4
14632019,4
14632982,4
14633944,4
14634906,4
14635868,4
14636830,6
14637792,6
14638753,6
14639716,6
14640678,6
14641639,6
14642602,6
14643564,6
14644525,6
14645488,6
14646450,6
14647412,6
14648373,6
14649336,6
14650298,6
14651259,6
14652222,6
14653184,6
14654145,6
14655108,6
14656070,6
14657032,6
14657993,6
14658956,6
14659918,6
14660879,6
14661842,6
14662804,6
14663765,6
14664728,6
14665690,6
14666652,6
14667613,6
14668576,6
14669538,6
14670499,6
14671462,6
14672424,6
14673385,6
14674348,6
14675310,6
14676272,6
14677234,6
14678196,6
14679158,6
14680119,6
14681082,6
14682044,6
14683005,6
14683968,6
14684930,6
14685891,6
14686854,6
14687816,6
14688778,6
14689739,6
14690702,6
14691664,6
14692625,6
14693588,6
14694550,6
14695511,6
14696474,6
14697436,6
14698398,6
14699359,6
14700322,6
14701284,6
14702245,6
14703208,6
14704170,6
14705131,6
14706094,6
14707056,6
14708018,6
14708979,6
14709942,6
14710904,6
14711865,6
14712828,6
14713790,6
14714751,6
14715714,6
14716676,6
14717638,6
14718599,6
14719562,6
14720524,6
14721485,6
14722448,6
14723410,6
14724371,6
14725334,6
14726296,6
14727258,6
14728220,6
14729182,6
14730144,6
14731105,6
14732068,6
14733030,6
14733991,6
14734954,6
14735916,6
14736877,6
14737840,6
14738802,6
14739764,6
14740725,6
14741688,6
14742650,6
14743611,6
14744574,6
14745536,6
14746497,6
14747460,6
14748422,6
14749384,6
14750345,6
14751308,6
14752270,6
14753231,6
14754194,6
14755156,6
14756117,6
14757080,6
14758042,6
14759004,6
14759965,6
14760928,6
14761890,6
14762851,6
14763814,6
14764776,6
14765737,6
14766700,6
14767662,6
14768624,6
14769586,6
14770548,6
14771510,6
14772471,6
14773434,6
14774396,6
14775357,6
14776320,6
14777282,6
14778243,6
14779206,6
14780168,6
14781130,6
14782091,6
14783054,6
14784016,6
14784977,6
14785940,6
14786902,6
14787863,6
14788826,6
14789788,6
14790750,6
14791711,6
14792674,6
14793636,6
14794597,6
14795560,6
14796522,6
14797483,6
14798446,6
14799408,6
14800370,6
14801331,6
14802294,6
14803256,6
14804217,6
14805180,6
14806142,6
14807103,6
14808066,6
14809028,6
14809990,6
14810952,6
14811914,6
14812876,6
14813837,6
14814800,6
14815762,6
14816723,6
14817686,6
14818648,6
14819609,6
14820572,6
14821534,6
14822496,6
14823457,6
14824420,6
14825382,6
14826343,6
14827306,6
14828268,6
14829229,6
14830192,6
14831154,6
14832116,6
14833077,6
14834040,6
14835002,6
14835963,6
14836926,6
14837888,6
14838849,6
14839812,6
14840774,6
14841736,6
14842697,6
14843660,6
14844622,6
14845583,6
14846546,6
14847508,6
14848469,6
14849432,6
14850394,6
14851356,6
14852317,6
14853280,6
14854242,6
14855203,6
14856166,6
14857128,6
14858089,6
14859052,6
14860014,6
14860976,6
14861938,6
14862900,6
14863862,6
14864823,6
14865786,6
14866748,6
14867709,6
14868672,6
14869634,6
14870595,6
14871558,6
14872520,6
14873482,6
14874443,6
14875406,6
14876368,6
14877329,6
14878292,6
14879254,6
14880215,6
14881178,6
14882140,6
14883102,6
14884063,6
14885026,6
14885988,6
14886949,6
14887912,6
14888874,6
14889835,6
14890798,6
14891760,6
14892722,6
14893683,6
14894646,6
14895608,6
14896569,6
14897532,6
14898494,6
14899455,6
14900418,6
14901380,6
14902342,6
14903304,6
14904266,6
14905228,6
14906189,6
14907152,6
14908114,6
14909075,6
14910038,6
14911000,6
14911961,6
14912924,6
14913886,6
14914848,6
14915809,6
14916772,6
14917734,6
14918695,6
14919658,6
14920620,6
14921581,6
14922544,6
14923506,6
14924468,6
14925429,6
14926392,6
14927354,6
14928315,6
14929278,6
14930240,6
14931201,6
14932164,6
14933126,6
14934088,6
14935049,2
14936012,2
14936974,2
14937935,2
14938898,2
14939860,2
14940821,2
14941784,2
14942746,2
14943708,2
14944669,2
14945632,2
14946594,2
14947555,2
14948518,2
14949480,2
14950441,2
14951404,2
14952366,2
14953327,2
14954290,2
14955252,2
14956214,2
14957175,2
14958138,2
14959100,2
14960061,2
14961024,2
14961986,2
14962947,2
14963910,2
14964872,2
14965834,2
14966795,2
14967758,2
14968720,2
14969681,2
14970644,2
14971606,2
14972567,2
14973530,2
14974492,2
14975454,2
14976415,2
14977378,2
14978340,2
14979301,2
14980264,2
14981226,2
14982187,2
14983150,2
14984112,2
14985074,2
14986035,2
14986998,2
14987960,2
14988921,2
14989884,2
14990846,2
14991807,2
14992770,2
14993732,2
14994694,2
14995656,2
14996618,2
14997580,2
14998541,2
14999504,2
15000466,2
15001427,2
15002390,2
15003352,2
15004313,2
15005276,2
15006238,2
15007200,2
15008161,2
15009124,2
15010086,2
15011047,2
15012010,2
15012972,2
15013933,2
15014896,2
15015858,2
15016820,2
15017781,2
15018744,2
15019706,2
15020667,2
15021630,2
15022592,2
15023553,2
15024516,2
15025478,2
15026440,2
15027401,2
15028364,2
15029326,2
15030287,2
15031250,2
15032212,2
15033173,2
15034136,2
15035098,2
15036060,2
15037022,2
15037984,2
15038946,2
15039907,2
15040870,2
15041832,2
15042793,2
15043756,2
15044718,2
15045679,2
15046642,2
15047604,2
15048566,2
15049527,2
15050490,2
15051452,2
15052413,2
15053376,2
15054338,2
15055299,2
15056262,2
15057224,2
15058186,2
15059147,2
15060110,2
15061072,2
15062033,2
15062996,2
15063958,2
15064919,2
15065882,2
15066844,2
15067806,2
15068767,2
15069730,2
15070692,2
15071653,2
15072616,2
15073578,2
15074539,2
15075502,2
15076464,2
15077426,2
15078387,2
15079350,2
15080312,2
15081273,2
15082236,2
15083198,2
15084159,2
15085122,2
15086084,2
15087045,2
15088008,2
15088970,2
15089932,2
15090893,2
15091856,2
15092818,2
15093779,2
15094742,2
15095704,2
15096665,2
15097628,2
15098590,2
15099552,2
15100513,2
15101476,2
15102438,2
15103399,2
15104362,2
15105324,2
15106285,2
15107248,2
15108210,2
15109172,2
15110133,2
15111096,2
15112058,2
15113019,2
15113982,2
15114944,2
15115905,2
15116868,2
15117830,2
15118792,2
15119753,2
15120716,2
15121678,2
15122639,2
15123602,2
15124564,2
15125525,2
15126488,2
15127450,2
15128412,2
15129374,2
15130336,2
15131298,2
15132259,2
15133222,2
15134184,2
15135145,2
15136108,2
15137070,2
15138031,2
15138994,2
15139956,2
15140918,2
15141879,2
15142842,2
15143804,2
15144765,2
15145728,2
15146690,2
15147651,2
15148614,2
15149576,2
15150538,2
15151499,2
15152462,2
15153424,2
15154385,2
15155348,2
15156310,2
15157271,2
15158234,2
15159196,2
15160158,2
15161119,2
15162082,2
15163044,2
15164005,2
15164968,2
15165930,2
15166891,2
15167854,2
15168816,2
15169778,2
15170739,2
15171702,2
15172664,2
15173625,2
15174588,2
15175550,2
15176511,2
15177474,2
15178436,2
15179397,2
15180360,2
15181322,2
15182284,2
15183245,2
15184208,2
15185170,2
15186131,2
15187094,2
15188056,2
15189017,2
15189980,2
15190942,2
15191904,2
15192865,2
15193828,2
15194790,2
15195751,2
15196714,2
15197676,2
15198637,2
15199600,2
15200562,2
15201524,2
15202485,2
15203448,2
15204410,2
15205371,2
15206334,2
15207296,2
15208257,2
15209220,2
15210182,2
15211144,2
15212105,2
15213068,2
15214030,2
15214991,2
15215954,2
15216916,2
15217877,2
15218840,2
15219802,2
15220764,2
15221726,2
15222688,2
15223650,2
15224611,2
15225574,2
15226536,2
15227497,2
15228460,2
15229422,2
15230383,2
15231346,2
15232308,2
15233270,2
15234231,2
15235194,2
15236156,2
15237117,2
15238080,2
15239042,2
15240003,2
15240966,2
15241928,2
15242890,2
15243851,2
15244814,2
15245776,2
15246737,2
15247700,2
15248662,2
15249623,2
15250586,2
15251548,2
15252510,2
15253471,2
15254434,2
15255396,2
15256357,2
15257320,2
15258282,2
15259243,2
15260206,2
15261168,2
15262130,2
15263091,2
15264054,2
15265016,2
15265977,2
15266940,2
15267902,2
15268863,2
15269826,2
15270788,2
15271749,2
15272712,2
15273674,2
15274636,2
15275597,2
15276560,2
15277522,2
15278483,2
15279446,2
15280408,2
15281369,2
15282332,2
15283294,2
15284256,2
15285217,2
15286180,2
15287142,2
15288103,2
15289066,2
15290028,2
15290989,2
15291952,2
15292914,2
15293876,2
15294837,2
15295800,2
15296762,2
15297723,2
15298686,2
15299648,2
15300609,2
15301572,2
15302534,2
15303496,2
15304457,2
15305420,2
15306382,2
15307343,2
15308306,2
15309268,2
15310229,2
15311192,2
15312154,2
15313115,2
15314078,2
15315040,2
15316002,2
15316963,2
15317926,2
15318888,2
15319849,2
15320812,2
15321774,2
15322735,2
15323698,2
15324660,2
15325622,2
15326583,2
15327546,2
15328508,2
15329469,2
15330432,2
15331394,2
15332355,2
15333318,2
15334280,2
15335242,2
15336203,2
15337166,2
15338128,2
15339089,2
15340052,2
15341014,2
15341975,2
15342938,2
15343900,2
15344862,2
15345823,2
15346786,2
15347748,2
15348709,2
15349672,2
15350634,2
15351595,2
15352558,2
15353520,2
15354482,2
15355444,2
15356406,2
15357368,2
15358329,2
15359292,2
15360254,2
15361215,2
15362178,2
15363140,2
15364101,2
15365064,2
15366026,2
15366988,2
15367949,2
15368912,2
15369874,2
15370835,2
15371798,2
15372760,2
15373721,2
15374684,2
15375646,2
15376608,2
15377569,2
15378532,2
15379494,2
15380455,2
15381418,2
15382380,2
15383341,2
15384304,2
15385266,2
15386228,2
15387189,2
15388152,2
15389114,2
15390075,2
15391038,2
15392000,2
15392961,2
15393924,2
15394886,2
15395848,2
15396809,2
15397772,2
15398734,2
15399695,2
15400658,2
15401620,2
15402581,2
15403544,2
15404506,2
15405467,2
15406430,2
15407392,2
15408354,2
15409315,2
15410278,2
15411240,2
15412201,2
15413164,2
15414126,2
15415087,2
15416050,2
15417012,2
15417974,2
15418935,2
15419898,2
15420860,2
15421821,2
15422784,2
15423746,2
15424707,2
15425670,2
15426632,2
15427594,2
15428555,2
15429518,2
15430480,2
15431441,2
15432404,2
15433366,2
15434327,2
15435290,2
15436252,2
15437214,2
15438175,2
15439138,2
15440100,2
15441061,2
15442024,2
15442986,2
15443947,2
15444910,2
15445872,2
15446833,2
15447796,2
15448758,2
15449720,2
15450681,2
15451644,2
15452606,2
15453567,2
15454530,2
15455492,2
15456453,2
15457416,2
15458378,2
15459340,2
15460301,2
15461264,2
15462226,2
15463187,2
15464150,2
15465112,2
15466073,2
15467036,2
15467998,2
15468960,2
15469921,2
15470884,2
15471846,2
15472807,2
15473770,2
15474732,2
15475693,2
15476656,2
15477618,2
15478580,2
15479541,2
15480504,2
15481466,2
15482427,2
15483390,2
15484352,2
15485313,2
15486276,2
15487238,2
15488200,2
15489161,2
15490124,2
15491086,2
15492047,2
15493010,2
15493972,2
15494933,2
15495896,2
15496858,2
15497819,2
15498782,2
15499744,2
15500706,2
15501667,2
15502630,2
15503592,2
15504553,2
15505516,2
15506478,2
15507439,2
15508402,2
15509364,2
15510326,2
15511287,2
15512250,2
15513212,2
15514173,2
15515136,2
15516098,2
15517059,2
15518022,2
15518984,2
15519946,2
15520907,2
15521870,2
15522832,2
15523793,2
15524756,2
15525718,2
15526679,2
15527642,2
15528604,2
15529566,2
15530527,2
15531490,2
15532452,2
15533413,2
15534376,2
15535338,2
15536299,2
15537262,2
15538224,2
15539185,2
15540148,2
15541110,2
15542072,2
15543033,2
15543996,2
15544958,2
15545919,2
15546882,2
15547844,2
15548805,2
15549768,2
15550730,2
15551692,2
15552653,2
15553616,2
15554578,2
15555539,2
15556502,2
15557464,2
15558425,2
15559388,2
15560350,2
15561312,2
15562273,2
15563236,2
15564198,2
15565159,2
15566122,2
15567084,2
15568045,2
15569008,2
15569970,2
15570932,2
15571893,2
15572856,2
15573818,2
15574779,2
15575742,2
15576704,2
15577665,2
15578628,2
15579590,2
15580552,2
15581514,2
15582476,2
15583438,2
15584399,2
15585362,2
15586324,2
15587285,2
15588248,2
15589210,2
15590171,2
15591134,2
15592096,2
15593058,2
15594019,2
15594982,2
15595944,2
15596905,2
15597868,2
15598830,2
15599791,2
15600754,2
15601716,2
15602678,2
15603639,2
15604602,2
15605564,2
15606525,2
15607488,2
15608450,2
15609411,2
15610374,2
15611336,2
15612298,2
15613259,2
15614222,2
15615184,2
15616145,2
15617108,2
15618070,2
15619031,2
15619994,2
15620956,2
15621918,2
15622879,2
15623842,2
15624804,2
15625765,2
15626728,2
15627690,2
15628651,2
15629614,2
15630576,2
15631537,2
15632500,2
15633462,2
15634424,2
15635385,2
15636348,2
15637310,2
15638271,2
15639234,2
15640196,2
15641157,2
15642120,2
15643082,2
15644044,2
15645005,2
15645968,2
15646930,2
15647891,2
15648854,2
15649816,2
15650777,2
15651740,2
15652702,2
15653664,2
15654625,2
15655588,2
15656550,2
15657511,2
15658474,2
15659436,2
15660397,2
15661360,2
15662322,2
15663284,2
15664245,2
15665208,2
15666170,2
15667131,2
15668094,2
15669056,2
15670017,2
15670980,2
15671942,2
15672903,2
15673866,2
15674828,2
15675790,2
15676751,2
15677714,2
15678676,2
15679637,2
15680600,2
15681562,2
15682523,2
15683486,2
15684448,2
15685410,2
15686371,2
15687334,2
15688296,2
15689257,2
15690220,2
15691182,2
15692143,2
15693106,2
15694068,2
15695030,2
15695991,2
15696954,2
15697916,2
15698877,2
15699840,2
15700802,2
15701763,2
15702726,2
15703688,2
15704650,2
15705611,2
15706574,2
15707536,2
15708497,2
15709460,2
15710422,2
15711383,2
15712346,2
15713308,2
15714270,2
15715231,2
15716194,2
15717156,2
15718117,2
15719080,2
15720042,2
15721003,2
15721966,2
15722928,2
15723889,2
15724852,2
15725814,2
15726776,2
15727737,2
15728700,2
15729662,2
15730623,2
15731586,2
15732548,2
15733509,2
15734472,2
15735434,2
15736396,2
15737357,2
15738320,2
15739282,2
15740243,2
15741206,2
15742168,2
15743129,2
15744092,2
15745054,2
15746016,2
15746977,2
15747940,2
15748902,2
15749863,2
15750826,2
15751788,2
15752749,2
15753712,2
15754674,2
15755636,2
15756597,2
15757560,2
15758522,2
15759483,2
15760446,2
15761408,2
15762369,2
15763332,2
15764294,2
15765255,2
15766218,2
15767180,2
15768142,2
15769103,2
15770066,2
15771028,2
15771989,2
15772952,2
15773914,2
15774875,2
15775838,2
15776800,2
15777762,2
15778723,2
15779686,2
15780648,2
15781609,2
15782572,2
15783534,2
15784495,2
15785458,2
15786420,3
15787382,3
15788343,3
15789306,3
15790268,3
15791229,3
15792192,3
15793154,3
15794115,3
15795078,3
15796040,3
15797002,3
15797963,3
15798926,3
15799888,3
15800849,3
15801812,3
15802774,3
15803735,3
15804698,3
15805660,3
15806621,3
15807584,3
15808546,3
15809508,3
15810469,3
15811432,3
15812394,3
15813355,3
15814318,3
15815280,3
15816241,3
15817204,3
15818166,3
15819128,3
15820089,3
15821052,3
15822014,3
15822975,3
15823938,3
15824900,3
15825861,3
15826824,3
15827786,3
15828748,3
15829709,3
15830672,3
15831634,3
15832595,3
15833558,3
15834520,3
15835481,3
15836444,3
15837406,3
15838368,3
15839329,3
15840292,3
15841254,3
15842215,3
15843178,3
15844140,3
15845101,3
15846064,3
15847026,3
15847988,3
15848949,3
15849912,3
15850874,3
15851835,3
15852798,3
15853760,3
15854721,3
15855684,3
15856646,3
15857607,3
15858570,3
15859532,3
15860494,3
15861455,3
15862418,3
15863380,3
15864341,3
15865304,3
15866266,3
15867227,3
15868190,3
15869152,3
15870114,3
15871075,3
15872038,3
15873000,3
15873961,3
15874924,3
15875886,3
15876847,3
15877810,3
15878772,3
15879734,3
15880695,3
15881658,3
15882620,3
15883581,3
15884544,3
15885506,3
15886467,3
15887430,3
15888392,3
15889354,3
15890315,3
15891278,3
15892240,3
15893201,3
15894164,3
15895126,3
15896087,3
15897050,3
15898012,3
15898973,3
15899936,3
15900898,3
15901860,3
15902821,3
15903784,3
15904746,3
15905707,3
15906670,3
15907632,3
15908593,3
15909556,3
15910518,3
15911480,3
15912441,3
15913404,3
15914366,3
15915327,3
15916290,3
15917252,3
15918213,3
15919176,3
15920138,3
15921100,3
15922061,3
15923024,3
15923986,3
15924947,3
15925910,3
15926872,3
15927833,3
15928796,3
15929758,3
15930720,3
15931681,3
15932644,3
15933606,3
15934567,3
15935530,3
15936492,3
15937453,3
15938416,3
15939378,3
15940339,3
15941301,3
15942264,3
15943226,3
15944187,3
15945150,3
15946112,3
15947073,3
15948036,3
15948998,3
15949959,3
15950922,3
15951884,3
15952846,3
15953807,3
15954770,3
15955732,3
15956693,3
15957656,3
15958618,3
15959579,3
15960542,3
15961504,3
15962466,3
15963427,3
15964390,3
15965352,3
15966313,3
15967276,3
15968238,3
15969199,3
15970162,3
15971124,3
15972086,3
15973047,3
15974010,3
15974972,3
15975933,3
15976896,3
15977858,3
15978819,3
15979782,3
15980744,3
15981706,3
15982667,3
15983630,3
15984592,3
15985553,3
15986516,3
15987478,3
15988439,3
15989402,3
15990364,3
15991325,3
15992288,3
15993250,3
15994212,3
15995173,3
15996136,3
15997098,3
15998059,3
15999022,3
15999984,3
16000945,3
16001908,3
16002869,3
16003832,3
16004794,3
16005755,3
16006718,3
16007680,3
16008641,3
16009604,3
16010566,3
16011527,3
16012490,3
16013452,3
16014413,3
16015376,3
16016338,3
16017299,3
16018262,3
16019223,3
16020185,3
16021148,3
16022109,3
16023072,3
16024034,3
16024995,3
16025958,3
16026920,3
16027881,3
16028844,3
16029806,3
16030767,3
16031730,3
16032692,3
16033653,3
16034616,3
16035578,3
16036539,3
16037502,3
16038464,3
16039425,3
16040388,3
16041349,3
16042311,3
16043274,3
16044235,3
16045198,3
16046160,3
16047121,3
16048084,3
16049046,3
16050007,3
16050970,3
16051932,3
16052893,3
16053856,3
16054818,3
16055779,3
16056742,3
16057704,3
16058665,3
16059628,3
16060589,3
16061551,3
16062514,3
16063475,3
16064438,3
16065400,3
16066361,3
16067324,3
16068286,3
16069247,3
16070210,3
16071172,3
16072133,3
16073096,3
16074058,3
16075019,3
16075982,3
16076944,3
16077905,3
16078868,3
16079830,3
16080791,3
16081754,3
16082715,3
16083677,3
16084640,3
16085601,3
16086564,3
16087526,3
16088487,3
16089450,3
16090412,3
16091373,3
16092336,3
16093298,3
16094259,3
16095222,3
16096184,3
16097145,3
16098108,3
16099070,3
16100031,3
16100994,3
16101955,3
16102917,3
16103880,3
16104841,3
16105804,3
16106766,3
16107727,3
16108690,3
16109652,3
16110613,3
16111576,3
16112538,3
16113499,3
16114462,3
16115424,3
16116385,3
16117348,3
16118310,3
16119271,3
16120234,3
16121195,3
16122157,3
16123120,3
16124081,3
16125043,3
16126006,3
16126967,3
16127930,3
16128892,3
16129853,3
16130816,3
16131778,3
16132739,3
16133702,3
16134664,3
16135625,3
16136588,3
16137550,3
16138511,3
16139474,3
16140436,3
16141397,3
16142360,3
16143321,3
16144283,3
16145246,3
16146207,3
16147170,3
16148132,3
16149093,3
16150056,3
16151018,3
16151979,3
16152942,3
16153904,3
16154865,3
16155828,3
16156790,3
16157751,3
16158714,3
16159676,3
16160637,3
16161600,3
16162561,3
16163523,3
16164486,3
16165447,3
16166409,3
16167372,3
16168333,3
16169296,3
16170258,3
16171219,3
16172182,3
16173144,3
16174105,3
16175068,3
16176030,3
16176991,3
16177954,3
16178916,3
16179877,3
16180840,3
16181802,3
16182763,3
16183726,3
16184687,3
16185649,3
16186612,3
16187573,3
16188536,3
16189498,3
16190459,3
16191422,3
16192384,3
16193345,3
16194308,3
16195270,3
16196231,3
16197194,3
16198156,3
16199117,3
16200080,3
16201042,3
16202003,3
16202966,3
16203927,3
16204889,3
16205852,3
16206813,3
16207776,3
16208738,3
16209699,3
16210662,3
16211624,3
16212585,3
16213548,3
16214510,3
16215471,3
16216434,3
16217396,3
16218357,3
16219320,3
16220282,3
16221243,3
16222206,3
16223168,3
16224129,3
16225092,3
16226053,3
16227015,3
16227978,3
16228939,3
16229902,3
16230864,3
16231825,3
16232788,3
16233750,3
16234711,3
16235674,3
16236636,3
16237597,3
16238560,3
16239522,3
16240483,3
16241446,3
16242408,3
16243369,3
16244332,3
16245293,3
16246255,3
16247218,3
16248179,3
16249142,3
16250104,3
16251065,3
16252028,3
16252990,3
16253951,3
16254914,3
16255876,3
16256837,3
16257800,3
16258762,3
